[0002.80] Log: Adapter : AMD Radeon 780M Graphics

[0002.80] Log: Vendor : Amd

[0002.80] Log: DeviceId : 5567

[0002.80] Log: SubSysId : 364843010

[0002.80] Log: Revision : 208

[0002.80] Log: DedicatedVideoMemory : 411 MiB

[0002.80] Log: DedicatedSystemMemory : 0 MiB

[0002.80] Log: SharedSystemMemory : 24108 MiB

[0002.80] Log: DisplayCount : 1

[0002.80] Log: "\\.\DISPLAY1" : { "x" : 0, "y" : 0, "width" : 2560, "height" : 1440 }

[0002.80] Log: [AppCompat] Machine  detected compatibility level: Composite: 3. CPU: 4. GPU: 3.
[0002.80] Log: [AppCompat] Previous detected compatibility level: Composite: 3. CPU: 4. GPU: 3.
[0002.84] Log: Found D3D11 adapter 0: AMD Radeon 780M Graphics
[0002.84] Log: Adapter has 411MB of dedicated video memory, 0MB of dedicated system memory, and 24108MB of shared system memory
[0002.85] Log: Found D3D11 adapter 1: Microsoft Basic Render Driver
[0002.85] Log: Adapter has 0MB of dedicated video memory, 0MB of dedicated system memory, and 24108MB of shared system memory
[0002.86] Log: Shader platform (RHI): PC-D3D-SM5
[0002.88] Log: [CROSSPLAY] FORCEREWRITE wrong [IpDrv.TcpNetDriver] AllowDownloads
[0002.89] Log: PhysXLevel : 0
[0002.90] Log: [FSocketWin::Bind] Binding to 0.0.0.0:9989
[0003.00] Log: [ThreadAffinity] Number of hardware threads is 16. Setting thread affinity for game and render threads to share L2 cache
[0014.11] Log: 299510 objects as part of root set at end of initial load.
[0014.11] Log: 0 out of 0 bytes used by permanent object pool.
[0014.11] Log: Initializing Engine...
[0014.12] Log: [FSocketWin::Bind] Binding to 216.239.35.0:123
[0015.13] Log: [FSocketWin::Bind] Binding to 216.239.35.0:123
[0016.13] Log: [FSocketWin::Bind] Binding to 216.239.35.0:123
[0017.13] Log: [FSocketWin::Bind] Binding to 216.239.35.0:123
[0018.13] Log: [FSocketWin::Bind] Binding to 216.239.35.0:123
[0019.13] Log: *** Using local time
[0019.13] Log: *** Updating timed game events
[0019.13] Log: **** Current Time: 2026 4 29 4 16 37
[0019.13] Log: **** World start in seconds: 1492444800
[0019.13] Log: **** Current time in seconds: 1777407397
[0019.13] Log: **** Intended weekly index: 471
[0019.13] Log: **** USED Weekly index: 471
[0019.17] Log: [NVidia GeForceExperience] Compiled against GSA version: 1.0.2.0
[0019.17] Log: [NVidia GeForceExperience] Running against GSA version: 1.0.2.0
[0019.25] Log: Checking to see if current resolution is supported ....OK
[0019.32] Log: Wwise(R) SDK Version 2015.1.8 Build 5618. Copyright (c) 2006-2012 Audiokinetic Inc. / All Rights Reserved.
[0020.02] Log: AMD driver version: 26.3.1, build version: 25.30.33.01-260309a-198975C-AMD-Software-Adrenalin-Edition
[0020.02] Log: Detected 1 Crossfire CPUs for rendering
[0020.05] Log: [ThreadAffinity] Number of hardware threads is 16. Setting thread affinity for game and render threads to share L2 cache
[0020.05] Log: Initializing Steamworks
[0020.07] Log: GSteamFriends->GetFriendCount return 36
[0020.07] Log: Logged in as 'Hŏmō Ignāvus'
[0020.07] Log: FVoiceInterfaceVivox::CreateInstance(MaxLocalTalkers=1, MaxRemoteTalkers=16, bIsSpeechRecognitionDesired=0)
[0020.07] Log: FVoiceInterfaceVivox::Init(MaxLocalTalkers=1, MaxRemoteTalkers=16, bIsSpeechRecognitionDesired=0)
[0020.07] Log: vx_get_default_codecs_mask()=39
[0020.07] Log: EncryptedAppTicketResponse: bIOFailure = FALSE
[0020.07] Log: EncryptedAppTicketResponse: pEncryptedAppTicketResponse is NOT NULL
[0020.07] Log: EncryptedAppTicketResponse: pEncryptedAppTicketResponse->m_eResult = 1
[0020.07] Log: EncryptedAppTicketResponse k_EResultOK 08021082c9c6980c180420702aa0015e984787c3c0667082d609dad0e850e6e94c4e03fb642645666a9318784ace3721c3c8d8690a445de7284008ddf760f660b2427dc3c80c7de9643c719c3f4c7129b46762a615db786585486665e296c33528fe6b8ca6b97a2aa1ae92adcd66cfa330a1b7e44899e2a81ba16420e843702b5ddb081830feaa8d43381e861dfd8b0565295538ee25a3d43bb3157ceb8a7ef442d0226b4b8d0d38f1c2bef7ad05f4
[0020.07] Log: FVoiceInterfaceVivox::vivoxConnect
[0020.09] Log: [TWAnalytics::requestInventoryItem] Requesting Item Id: 0 TotalNumberExpected: -1
[0020.10] Warning: Warning, Failed to load 'Class None.': Failed to find object 'Class None.'
[0020.10] Warning: Warning, Failed to find object 'Class None.'
[0020.10] Warning: Warning, Failed to load 'Class None.': Failed to find object 'Class None.'
[0020.10] Warning: Warning, Failed to find object 'Class None.'
[0020.15] Log: LoadMap: KF-Crazy_Playboy_Edited?Name=Player?Team=255?game=ConfigurableGameMode.CGM_Survival?Setup=3?Mutator=DoshExtMut.ServerExtMut
[0020.43] Log: SetGameInfo
[0020.43] Log: GameType parameter 'ConfigurableGameMode.CGM_Survival'
[0020.43] Log: LoadPackagesFully 'ConfigurableGameMode.CGM_Survival'
[0020.43] Log: GameClass Param
[0020.43] Log: GameClass URL
[0020.43] Log: PostLoadClass packages LoadPackagesFully
[0020.43] Log: Game class is 'CGM_Survival'
[0020.47] Log: *** WARNING - PATHS MAY NOT BE VALID ***
[0020.47] Log: Bringing World kf-crazy_playboy_edited.TheWorld up for play (0) at 2026.04.29-12.16.38
[0020.47] ScriptLog: CGM_Survival.InitGame()
[0020.47] ScriptLog: Mutators DoshExtMut.ServerExtMut
[0020.63] Warning: Warning, Failed to load 'xvoteannouncer': Can't find file for package 'xvoteannouncer' while loading NULL
[0020.67] Warning: Warning, Failed to load 'xvoteannouncer': Can't find file for package 'xvoteannouncer' while loading NULL
[0020.70] Warning: Warning, Failed to load 'xvoteannouncer': Can't find file for package 'xvoteannouncer' while loading NULL
[0020.74] Warning: Warning, Failed to load 'xvoteannouncer': Can't find file for package 'xvoteannouncer' while loading NULL
[0020.77] Warning: Warning, Failed to load 'xvoteannouncer': Can't find file for package 'xvoteannouncer' while loading NULL
[0020.81] Warning: Warning, Failed to load 'xvoteannouncer': Can't find file for package 'xvoteannouncer' while loading NULL
[0020.84] Warning: Warning, Failed to load 'xvoteannouncer': Can't find file for package 'xvoteannouncer' while loading NULL
[0020.88] Warning: Warning, Failed to load 'xvoteannouncer': Can't find file for package 'xvoteannouncer' while loading NULL
[0020.91] Warning: Warning, Failed to load 'xvoteannouncer': Can't find file for package 'xvoteannouncer' while loading NULL
[0020.94] Warning: Warning, Failed to load 'xvoteannouncer': Can't find file for package 'xvoteannouncer' while loading NULL
[0020.98] Warning: Warning, Failed to load 'xvoteannouncer': Can't find file for package 'xvoteannouncer' while loading NULL
[0021.01] Warning: Warning, Failed to load 'xvoteannouncer': Can't find file for package 'xvoteannouncer' while loading NULL
[0021.05] Warning: Warning, Failed to load 'xvoteannouncer': Can't find file for package 'xvoteannouncer' while loading NULL
[0021.08] Warning: Warning, Failed to load 'xvoteannouncer': Can't find file for package 'xvoteannouncer' while loading NULL
[0021.24] Warning: Warning, Failed to load 'Class doshext.Ext_TraitAirbagArmor': Failed to find object 'Class doshext.Ext_TraitAirbagArmor'
[0021.24] Warning: Warning, Failed to load 'Class doshext.Ext_TraitSA_RocketJump': Failed to find object 'Class doshext.Ext_TraitSA_RocketJump'
[0021.24] Warning: Warning, Failed to load 'Class doshext.Ext_TraitAirbagArmor': Failed to find object 'Class doshext.Ext_TraitAirbagArmor'
[0021.24] Warning: Warning, Failed to load 'Class doshext.Ext_TraitSA_MGRs': Failed to find object 'Class doshext.Ext_TraitSA_MGRs'
[0021.24] Warning: Warning, Failed to load 'Class doshext.Ext_TraitMGRs': Failed to find object 'Class doshext.Ext_TraitMGRs'
[0021.24] Warning: Warning, Failed to load 'Class doshext.Ext_TraitAirbagArmor': Failed to find object 'Class doshext.Ext_TraitAirbagArmor'
[0021.24] Warning: Warning, Failed to load 'Class doshext.Ext_TraitAirbagArmor': Failed to find object 'Class doshext.Ext_TraitAirbagArmor'
[0021.24] Warning: Warning, Failed to load 'Class doshext.Ext_TraitAirbagArmor': Failed to find object 'Class doshext.Ext_TraitAirbagArmor'
[0021.25] Warning: Warning, Failed to load 'Class doshext.Ext_TraitAirbagArmor': Failed to find object 'Class doshext.Ext_TraitAirbagArmor'
[0021.25] Warning: Warning, Failed to load 'Class doshext.Ext_TraitAirbagArmor': Failed to find object 'Class doshext.Ext_TraitAirbagArmor'
[0021.25] Warning: Warning, Failed to load 'Class doshext.Ext_TraitAirbagArmor': Failed to find object 'Class doshext.Ext_TraitAirbagArmor'
[0021.25] Warning: Warning, Failed to load 'Class doshext.Ext_TraitAirbagArmor': Failed to find object 'Class doshext.Ext_TraitAirbagArmor'
[0021.25] Warning: Warning, Failed to load 'Class doshext.Ext_TraitAirbagArmor': Failed to find object 'Class doshext.Ext_TraitAirbagArmor'
[0021.27] ScriptLog: [xVotingHandler] Config is up-to-date
[0021.28] DevLobby: LobbyJoinGame ServerIP=
[0021.29] ScriptLog: GameSetups.GenSetup() DisplayMode: 0
[0021.29] ScriptLog: GameSetups.GenSetup() MaxWave: 300
[0021.29] ScriptLog: GameSetups.GenSetup() InitialDosh: 999999
[0021.29] ScriptLog: GameSetups.GenSetup() TraderTime: 5
[0021.29] ScriptLog: GameSetups.GenSetup() bStartWithTrader: True
[0021.29] ScriptLog: GameSetups.GenSetup() XpScale: 10.0000
[0021.29] ScriptLog: GameSetups.GenSetup() DoshScale: 10.0000
[0021.29] ScriptLog: GameSetups.GenSetup() ExtraSpawnPerWave: 0.2000
[0021.29] ScriptLog: GameSetups.GenSetup() ExtraSpawnPerPlayer: 0.7500
[0021.29] ScriptLog: GameSetups.GenSetup() MaxAlive: 60
[0021.29] ScriptLog: GameSetups.GenSetup() Interval: 5
[0021.29] ScriptLog: GameSetups.GenSetup() ZedHealthScale: 1000.0000
[0021.29] ScriptLog: GameSetups.GenSetup() ExtraHealthPerWave: 0.0500
[0021.29] ScriptLog: GameSetups.GenSetup() ExtraHealthPerPlayer: 0.3000
[0021.29] ScriptLog: GameSetups.GenSetup() MaxHealthScale: 1000.0000
[0021.29] ScriptLog: GameSetups.GenSetup() ZedResistanceScale: 1.0000
[0021.29] ScriptLog: GameSetups.GenSetup() ExtraResistancePerWave: 0.0000
[0021.29] ScriptLog: GameSetups.GenSetup() MaxResistanceScale: 1.0000
[0021.29] ScriptLog: GameSetups.GenSetup() ZedDamageScale: 2.0000
[0021.29] ScriptLog: GameSetups.GenSetup() ExtraDamagePerWave: 0.0500
[0021.29] ScriptLog: GameSetups.GenSetup() MaxDamageScale: 999.0000
[0021.29] ScriptLog: GameSetups.GenSetup() ZedSpeedScale: 1.0000
[0021.29] ScriptLog: GameSetups.GenSetup() ExtraSpeedPerWave: 0.0200
[0021.29] ScriptLog: GameSetups.GenSetup() MaxSpeedScale: 10.0000
[0021.29] ScriptLog: GameSetups.GenSetup() bUseStockScaling: False
[0021.29] ScriptLog: GameSetups.GenSetup() bEnableBossWaves: False
[0021.33] Log: REFRESHING GAME CONTENT
[0021.33] Log: AKFPawn_Monster::PreloadContent - Checking Modes...
[0021.33] Log: AKFPawn_Monster::PreloadContent - OFFLINE Seasonal Skins mode
[0021.33] Log: AKFPawn_Monster::PreloadContent - Searching for path: ZED_ARCH.ZED_Clot_UnDev_Archetype
[0021.33] Log: AKFPawn_Monster::PreloadContent - Checking Modes...
[0021.33] Log: AKFPawn_Monster::PreloadContent - OFFLINE Seasonal Skins mode
[0021.33] Log: AKFPawn_Monster::PreloadContent - Searching for path: ZED_ARCH.ZED_Clot_Slasher_Archetype
[0021.39] Log: AKFPawn_Monster::PreloadContent - Checking Modes...
[0021.39] Log: AKFPawn_Monster::PreloadContent - OFFLINE Seasonal Skins mode
[0021.40] Log: AKFPawn_Monster::PreloadContent - Searching for path: ZED_ARCH.ZED_Clot_AlphaKing_Archetype
[0021.44] Log: AKFPawn_Monster::PreloadContent - Checking Modes...
[0021.44] Log: AKFPawn_Monster::PreloadContent - OFFLINE Seasonal Skins mode
[0021.44] Log: AKFPawn_Monster::PreloadContent - Searching for path: ZED_ARCH.ZED_Clot_Alpha_Archetype
[0021.44] Log: AKFPawn_Monster::PreloadContent - Checking Modes...
[0021.44] Log: AKFPawn_Monster::PreloadContent - OFFLINE Seasonal Skins mode
[0021.44] Log: AKFPawn_Monster::PreloadContent - Searching for path: ZED_ARCH.ZED_CrawlerKing_Archetype
[0021.49] Log: AKFPawn_Monster::PreloadContent - Checking Modes...
[0021.49] Log: AKFPawn_Monster::PreloadContent - OFFLINE Seasonal Skins mode
[0021.49] Log: AKFPawn_Monster::PreloadContent - Searching for path: ZED_ARCH.ZED_Crawler_Archetype
[0021.49] Log: AKFPawn_Monster::PreloadContent - Checking Modes...
[0021.49] Log: AKFPawn_Monster::PreloadContent - OFFLINE Seasonal Skins mode
[0021.49] Log: AKFPawn_Monster::PreloadContent - Searching for path: ZED_ARCH.ZED_Gorefast2_Archetype
[0021.54] Log: AKFPawn_Monster::PreloadContent - Checking Modes...
[0021.54] Log: AKFPawn_Monster::PreloadContent - OFFLINE Seasonal Skins mode
[0021.54] Log: AKFPawn_Monster::PreloadContent - Searching for path: ZED_ARCH.ZED_Gorefast_Archetype
[0021.57] Log: AKFPawn_Monster::PreloadContent - Checking Modes...
[0021.57] Log: AKFPawn_Monster::PreloadContent - OFFLINE Seasonal Skins mode
[0021.57] Log: AKFPawn_Monster::PreloadContent - Searching for path: ZED_ARCH.ZED_DAR_EMP_Archetype
[0021.64] Log: AKFPawn_Monster::PreloadContent - Checking Modes...
[0021.64] Log: AKFPawn_Monster::PreloadContent - OFFLINE Seasonal Skins mode
[0021.64] Log: AKFPawn_Monster::PreloadContent - Searching for path: ZED_ARCH.ZED_DAR_Laser_Archetype
[0021.65] Log: AKFPawn_Monster::PreloadContent - Checking Modes...
[0021.65] Log: AKFPawn_Monster::PreloadContent - OFFLINE Seasonal Skins mode
[0021.65] Log: AKFPawn_Monster::PreloadContent - Searching for path: ZED_ARCH.ZED_DAR_Rocket_Archetype
[0021.67] Log: AKFPawn_Monster::PreloadContent - Checking Modes...
[0021.67] Log: AKFPawn_Monster::PreloadContent - OFFLINE Seasonal Skins mode
[0021.67] Log: AKFPawn_Monster::PreloadContent - Searching for path: ZED_ARCH.ZED_Stalker_Archetype
[0021.72] Log: AKFPawn_Monster::PreloadContent - Checking Modes...
[0021.72] Log: AKFPawn_Monster::PreloadContent - OFFLINE Seasonal Skins mode
[0021.73] Log: AKFPawn_Monster::PreloadContent - Searching for path: ZED_ARCH.ZED_Scrake_Archetype
[0021.80] Log: AKFPawn_Monster::PreloadContent - Checking Modes...
[0021.80] Log: AKFPawn_Monster::PreloadContent - OFFLINE Seasonal Skins mode
[0021.80] Log: AKFPawn_Monster::PreloadContent - Searching for path: ZED_ARCH.ZED_Fleshpound_Archetype
[0021.87] Log: AKFPawn_Monster::PreloadContent - Checking Modes...
[0021.87] Log: AKFPawn_Monster::PreloadContent - OFFLINE Seasonal Skins mode
[0021.87] Log: AKFPawn_Monster::PreloadContent - Searching for path: ZED_ARCH.ZED_FleshpoundMini_Archetype
[0021.89] Log: AKFPawn_Monster::PreloadContent - Checking Modes...
[0021.89] Log: AKFPawn_Monster::PreloadContent - OFFLINE Seasonal Skins mode
[0021.89] Log: AKFPawn_Monster::PreloadContent - Searching for path: ZED_ARCH.ZED_Bloat_Archetype
[0021.96] Log: AKFPawn_Monster::PreloadContent - Checking Modes...
[0021.96] Log: AKFPawn_Monster::PreloadContent - OFFLINE Seasonal Skins mode
[0021.96] Log: AKFPawn_Monster::PreloadContent - Searching for path: ZED_ARCH.ZED_Siren_Archetype
[0022.02] Log: AKFPawn_Monster::PreloadContent - Checking Modes...
[0022.02] Log: AKFPawn_Monster::PreloadContent - OFFLINE Seasonal Skins mode
[0022.02] Log: AKFPawn_Monster::PreloadContent - Searching for path: ZED_ARCH.ZED_DAR_EMP_Archetype
[0022.02] Log: AKFPawn_Monster::PreloadContent - Checking Modes...
[0022.02] Log: AKFPawn_Monster::PreloadContent - OFFLINE Seasonal Skins mode
[0022.02] Log: AKFPawn_Monster::PreloadContent - Searching for path: ZED_ARCH.ZED_DAR_Laser_Archetype
[0022.02] Log: AKFPawn_Monster::PreloadContent - Checking Modes...
[0022.02] Log: AKFPawn_Monster::PreloadContent - OFFLINE Seasonal Skins mode
[0022.02] Log: AKFPawn_Monster::PreloadContent - Searching for path: ZED_ARCH.ZED_DAR_Rocket_Archetype
[0022.02] Log: AKFPawn_Monster::PreloadContent - Checking Modes...
[0022.02] Log: AKFPawn_Monster::PreloadContent - OFFLINE Seasonal Skins mode
[0022.02] Log: AKFPawn_Monster::PreloadContent - Searching for path: ZED_ARCH.ZED_Husk_Archetype
[0022.02] Log: AKFPawn_Monster::PreloadContent - Checking Modes...
[0022.02] Log: AKFPawn_Monster::PreloadContent - OFFLINE Seasonal Skins mode
[0022.02] Log: AKFPawn_Monster::PreloadContent - Searching for path: ZED_ARCH.ZED_Clot_AlphaKing_Archetype
[0022.02] Log: AKFPawn_Monster::PreloadContent - Checking Modes...
[0022.02] Log: AKFPawn_Monster::PreloadContent - OFFLINE Seasonal Skins mode
[0022.02] Log: AKFPawn_Monster::PreloadContent - Searching for path: ZED_ARCH.ZED_CrawlerKing_Archetype
[0022.02] Log: AKFPawn_Monster::PreloadContent - Checking Modes...
[0022.02] Log: AKFPawn_Monster::PreloadContent - OFFLINE Seasonal Skins mode
[0022.02] Log: AKFPawn_Monster::PreloadContent - Searching for path: ZED_ARCH.ZED_Gorefast2_Archetype
[0022.02] Log: AKFPawn_Monster::PreloadContent - Checking Modes...
[0022.02] Log: AKFPawn_Monster::PreloadContent - OFFLINE Seasonal Skins mode
[0022.02] Log: AKFPawn_Monster::PreloadContent - Searching for path: ZED_ARCH.ZED_DAR_EMP_Archetype
[0022.02] Log: AKFPawn_Monster::PreloadContent - Checking Modes...
[0022.02] Log: AKFPawn_Monster::PreloadContent - OFFLINE Seasonal Skins mode
[0022.02] Log: AKFPawn_Monster::PreloadContent - Searching for path: ZED_ARCH.ZED_DAR_Laser_Archetype
[0022.02] Log: AKFPawn_Monster::PreloadContent - Checking Modes...
[0022.02] Log: AKFPawn_Monster::PreloadContent - OFFLINE Seasonal Skins mode
[0022.02] Log: AKFPawn_Monster::PreloadContent - Searching for path: ZED_ARCH.ZED_DAR_Rocket_Archetype
[0022.02] Log: AKFPawn_Monster::PreloadContent - Checking Modes...
[0022.02] Log: AKFPawn_Monster::PreloadContent - OFFLINE Seasonal Skins mode
[0022.02] Log: AKFPawn_Monster::PreloadContent - Searching for path: ZED_ARCH.ZED_HansClot_Archetype
[0022.03] Log: AKFPawn_Monster::PreloadContent - Checking Modes...
[0022.03] Log: AKFPawn_Monster::PreloadContent - OFFLINE Seasonal Skins mode
[0022.03] Log: AKFPawn_Monster::PreloadContent - Searching for path: ZED_ARCH.ZED_KingBloatSubspawn_Archetype
[0022.10] ScriptLog: CGM_Survival.InitSpawnManager()
[0022.10] ScriptWarning: Accessed array 'CGM_SpawnManager_0.DifficultyWaveSettings' out of bounds (-1/0)
        CGM_SpawnManager kf-crazy_playboy_edited.TheWorld:PersistentLevel.CGM_Survival_0.CGM_SpawnManager_0
        Function KFGame.KFAISpawnManager:GetWaveSettings:0043
[0022.10] ScriptLog: CGM_SpawnManager.Initialize() Loaded Setup: 3
[0022.10] ScriptLog: RegularWaves.Init() - Setup parameter: 3
[0022.10] ScriptLog: RegularWaves.Init() - Setup property: 3
[0022.10] ScriptLog: RegularWaves.SortWaves(): Setup =  3
[0022.10] ScriptLog: Loaded  2  spawns.
[0022.10] ScriptLog: RegularWaves.SortWaves() - Total Waves: 2
[0022.10] ScriptLog: RandomWaves.GroupSpawns() Adding wave index  0
[0022.10] ScriptLog: RandomWaves.GroupSpawns() Total waves:  1
[0022.10] ScriptLog: RandomWaves.GroupSpawns() - No wave entries defined for setup  3
[0022.10] ScriptLog: CGM_SpawnManager.Initialize() MaxAlive: 60  Interval: 5
[0022.10] ScriptLog: Gameplay events will not be recorded.
[0022.10] Log: Bringing up level for play took: 1.659793
[0022.10] ScriptLog: KFGameInfo.SeatPlayer
[0022.12] ScriptLog: GetSeasonalStateName: No Event
[0022.12] Warning: Warning, Failed to load 'Class None.': Failed to find object 'Class None.'
[0022.12] Warning: Warning, Failed to find object 'Class None.'
[0022.12] Warning: Warning, Failed to load 'Class None.': Failed to find object 'Class None.'
[0022.12] Warning: Warning, Failed to find object 'Class None.'
[0022.12] Warning: Warning, Failed to load 'Class None.': Failed to find object 'Class None.'
[0022.12] Warning: Warning, Failed to find object 'Class None.'
[0022.13] Warning: Warning, Failed to load 'Class None.': Failed to find object 'Class None.'
[0022.13] Warning: Warning, Failed to find object 'Class None.'
[0022.13] Warning: Warning, Failed to load 'Class None.': Failed to find object 'Class None.'
[0022.13] Warning: Warning, Failed to find object 'Class None.'
[0022.13] Warning: Warning, Failed to load 'Class None.': Failed to find object 'Class None.'
[0022.13] Warning: Warning, Failed to find object 'Class None.'
[0022.13] Warning: Warning, Failed to load 'Class None.': Failed to find object 'Class None.'
[0022.13] Warning: Warning, Failed to find object 'Class None.'
[0022.13] Warning: Warning, Failed to load 'Class None.': Failed to find object 'Class None.'
[0022.13] Warning: Warning, Failed to find object 'Class None.'
[0022.13] Log: FAILED TO INIT Logitech
[0022.13] Log: Failed to load LightFX.dll.
[0022.13] Warning: Warning, Failed to load 'Class None.': Failed to find object 'Class None.'
[0022.13] Warning: Warning, Failed to find object 'Class None.'
[0022.13] Warning: Warning, Failed to load 'Class None.': Failed to find object 'Class None.'
[0022.13] Warning: Warning, Failed to find object 'Class None.'
[0022.13] Log: InAKFPerk::LoadPerkData() NewLevel = 0, NewBuild = 0, NewPrestigeLevel = 0
[0022.13] Log: FVoiceInterfaceVivox::RegisterRemoteTalker 76561198057412927
[0022.13] Log: FVoiceInterfaceVivox::vivoxLogin(0X110000105CA593F)
[0022.14] Log: FVoiceInterfaceVivox::StartRemoteVoiceProcessing 76561198057412927
[0022.14] Log: [Vivox Debug] vivoxLoginState != login_state_logged_in
[0022.14] Log: [Vivox Debug] lobbyUid is 0
[0022.14] Log: FVoiceInterfaceVivox::vivoxLogin(0X110000105CA593F)
[0022.18] Log: FVoiceInterfaceVivox::SetVolume(1.500000)
[0022.18] Log: FVoiceInterfaceVivox::SetMicVolume(50.000000) rescaled to 47
[0022.18] ScriptWarning: Accessed array 'ExtPlayerController_0.PerkList' out of bounds (7/1)
        ExtPlayerController kf-crazy_playboy_edited.TheWorld:PersistentLevel.ExtPlayerController_0
        Function KFGame.KFPlayerController:CheckCurrentPerkAllowed:008B
[0022.19] ScriptLog: Failed to check CanShareUserCreatedContent
[0022.19] ScriptLog: Failed to check CanCommunicateVoice
[0022.41] Warning: Warning, Failed to load 'Font None.Times New Roman': Failed to find object 'Font None.Times New Roman'
[0022.41] Warning: Warning, Failed to load 'Class doshext.Ext_TraitAirbagArmor': Failed to find object 'Class doshext.Ext_TraitAirbagArmor'
[0022.41] Warning: Warning, Failed to load 'Class doshext.Ext_TraitSA_RocketJump': Failed to find object 'Class doshext.Ext_TraitSA_RocketJump'
[0022.41] Warning: Warning, Failed to load 'Class doshext.Ext_TraitAirbagArmor': Failed to find object 'Class doshext.Ext_TraitAirbagArmor'
[0022.41] Warning: Warning, Failed to load 'Class doshext.Ext_TraitSA_MGRs': Failed to find object 'Class doshext.Ext_TraitSA_MGRs'
[0022.41] Warning: Warning, Failed to load 'Class doshext.Ext_TraitMGRs': Failed to find object 'Class doshext.Ext_TraitMGRs'
[0022.41] Warning: Warning, Failed to load 'Class doshext.Ext_TraitAirbagArmor': Failed to find object 'Class doshext.Ext_TraitAirbagArmor'
[0022.41] Warning: Warning, Failed to load 'Class doshext.Ext_TraitAirbagArmor': Failed to find object 'Class doshext.Ext_TraitAirbagArmor'
[0022.41] Warning: Warning, Failed to load 'Class doshext.Ext_TraitAirbagArmor': Failed to find object 'Class doshext.Ext_TraitAirbagArmor'
[0022.41] Warning: Warning, Failed to load 'Class doshext.Ext_TraitAirbagArmor': Failed to find object 'Class doshext.Ext_TraitAirbagArmor'
[0022.41] Warning: Warning, Failed to load 'Class doshext.Ext_TraitAirbagArmor': Failed to find object 'Class doshext.Ext_TraitAirbagArmor'
[0022.41] Warning: Warning, Failed to load 'Class doshext.Ext_TraitAirbagArmor': Failed to find object 'Class doshext.Ext_TraitAirbagArmor'
[0022.41] Warning: Warning, Failed to load 'Class doshext.Ext_TraitAirbagArmor': Failed to find object 'Class doshext.Ext_TraitAirbagArmor'
[0022.41] Warning: Warning, Failed to load 'Class doshext.Ext_TraitAirbagArmor': Failed to find object 'Class doshext.Ext_TraitAirbagArmor'
[0022.41] ScriptLog: Ext_PerkBase.ApplyEffect() bActivePerk= False , PlayerOwner.Pawn= None
[0022.41] ScriptLog: Ext_PerkBase.ApplyEffect() bActivePerk= False , PlayerOwner.Pawn= None
[0022.41] ScriptLog: Ext_PerkBase.ApplyEffect() bActivePerk= False , PlayerOwner.Pawn= None
[0022.41] Log: FVoiceInterfaceVivox::StopLocalVoiceProcessing
[0022.41] Log: FVoiceInterfaceVivox::VivoxMuteLocalMic MUTE
[0022.41] ScriptWarning: Accessed array 'ExtPlayerController_0.PerkList' out of bounds (7/1)
        ExtPlayerController kf-crazy_playboy_edited.TheWorld:PersistentLevel.ExtPlayerController_0
        Function KFGame.KFPlayerController:CheckCurrentPerkAllowed:008B
[0022.42] ScriptLog: KFGfxMoviePlayer_Manager - WidgetInitialized - WidgetName:  root1
[0022.42] ScriptLog: open menu:  0
[0022.42] ScriptLog: Controller Disconnected
[0022.43] Log: ########### Finished loading level: 2.276033 seconds
[0022.43] Log: FVoiceInterfaceVivox::SetVolume(1.500000)
[0022.43] Log: FVoiceInterfaceVivox::SetMicVolume(50.000000) rescaled to 47
[0022.43] Log: KF2 VERSION: 1150
[0022.43] Log: Initializing Engine Completed
[0023.04] Log: >>>>>>>>>>>>>> Initial startup: 23.04s <<<<<<<<<<<<<<<
[0059.51] Log: heard FOnlineAsyncEventInventoryDefinitionsUpdate
[0059.66] Log: GSteamFriends->GetFriendCount return 36
[0059.71] Warning: Warning, Failed to load 'Font None.Times New Roman': Failed to find object 'Font None.Times New Roman'
[0059.79] Log: OnReadComplete INT StatId=1  Value=6553617
[0059.79] Log: OnReadComplete INT StatId=2  Value=613
[0059.79] Log: OnReadComplete INT StatId=10  Value=6553600
[0059.79] Log: OnReadComplete INT StatId=11  Value=678
[0059.79] Log: OnReadComplete INT StatId=20  Value=6553613
[0059.79] Log: OnReadComplete INT StatId=21  Value=618
[0059.79] Log: OnReadComplete INT StatId=30  Value=6553614
[0059.79] Log: OnReadComplete INT StatId=31  Value=425
[0059.80] Log: OnReadComplete INT StatId=40  Value=6553607
[0059.80] Log: OnReadComplete INT StatId=41  Value=681
[0059.80] Log: OnReadComplete INT StatId=50  Value=6553602
[0059.80] Log: OnReadComplete INT StatId=51  Value=421
[0059.80] Log: OnReadComplete INT StatId=60  Value=6553622
[0059.80] Log: OnReadComplete INT StatId=61  Value=425
[0059.80] Log: OnReadComplete INT StatId=70  Value=6553635
[0059.80] Log: OnReadComplete INT StatId=71  Value=341
[0059.80] Log: OnReadComplete INT StatId=80  Value=6553614
[0059.80] Log: OnReadComplete INT StatId=81  Value=614
[0059.80] Log: OnReadComplete INT StatId=90  Value=6553611
[0059.80] Log: OnReadComplete INT StatId=91  Value=617
[0059.80] Log: OnReadComplete INT StatId=200  Value=429654
[0059.80] Log: OnReadComplete INT StatId=201  Value=5037
[0059.80] Log: OnReadComplete INT StatId=22  Value=496
[0059.80] Log: OnReadComplete INT StatId=42  Value=9
[0059.80] Log: OnReadComplete INT StatId=202  Value=7344
[0059.80] Log: OnReadComplete INT StatId=203  Value=3880
[0059.80] Log: OnReadComplete INT StatId=300  Value=-1209597184
[0059.80] Log: OnReadComplete INT StatId=301  Value=0
[0059.80] Log: OnReadComplete INT StatId=302  Value=5033
[0059.80] Log: OnReadComplete INT StatId=303  Value=191939692
[0059.80] Log: OnReadComplete INT StatId=304  Value=0
[0059.80] Log: OnReadComplete INT StatId=305  Value=0
[0059.80] Log: OnReadComplete INT StatId=306  Value=0
[0059.80] Log: OnReadComplete INT StatId=307  Value=0
[0059.80] Log: OnReadComplete INT StatId=308  Value=0
[0059.80] Log: OnReadComplete INT StatId=309  Value=0
[0059.80] Log: OnReadComplete INT StatId=310  Value=0
[0059.80] Log: OnReadComplete INT StatId=311  Value=0
[0059.80] Log: OnReadComplete INT StatId=2000  Value=107
[0059.80] Log: OnReadComplete INT StatId=2001  Value=541
[0059.80] Log: OnReadComplete INT StatId=2002  Value=1670
[0059.80] Log: OnReadComplete INT StatId=2003  Value=8911
[0059.80] Log: OnReadComplete INT StatId=2004  Value=1662
[0059.80] Log: OnReadComplete INT StatId=2005  Value=1107
[0059.80] Log: OnReadComplete INT StatId=2006  Value=513
[0059.80] Log: OnReadComplete INT StatId=2007  Value=130656
[0059.80] Log: OnReadComplete INT StatId=3000  Value=334
[0059.80] Log: OnReadComplete INT StatId=400  Value=30946650
[0059.80] Log: OnReadComplete INT StatId=401  Value=24982272
[0059.80] Log: OnReadComplete INT StatId=402  Value=1
[0059.80] Log: OnReadComplete INT StatId=403  Value=0
[0059.80] Log: [FSocketWin::Bind] Binding to 216.239.35.12:123
[0060.80] Error: WriteOnlineStats: SessionHasStats is FALSE
[0060.80] Log: [UKFOnlineStatsWrite::VerifyDoshVaultCrates] Requesting 49 number of Vault Crates.
[0060.81] Log: [TWAnalytics::requestInventoryItem] Requesting Item Id: 5313 TotalNumberExpected: 49
[0060.81] Error: WriteOnlineStats: SessionHasStats is FALSE
[0060.81] Log: UKFOnlineStatsWrite::CacheWeeklyEventState - RESTART Index: 471
[0060.81] Log: InAKFPerk::LoadPerkData() NewLevel = 0, NewBuild = 0, NewPrestigeLevel = 0
[0060.82] ScriptLog: X-VoteWebAdmin ERROR: No WebServer object found!
[0060.82] Log: FVoiceInterfaceVivox::vivoxLogin(0X110000105CA593F)
[0060.84] ScriptLog: KFGfxMoviePlayer_Manager - WidgetInitialized - WidgetName:  StartMenu
[0060.84] ScriptLog: KFGfxMoviePlayer_Manager - WidgetInitialized - WidgetName:  PartyWidget
[0060.84] ScriptLog: KFGfxMoviePlayer_Manager - WidgetInitialized - WidgetName:  ButtonPromptWidgetContainer
[0060.84] ScriptLog: KFGfxMoviePlayer_Manager - WidgetInitialized - WidgetName:  MenuBarWidget
[0060.84] ScriptLog: KFGfxMoviePlayer_Manager - WidgetInitialized - WidgetName:  BackendStatusIndicatorWidget
[0060.84] ScriptLog: KFGfxMoviePlayer_Manager - WidgetInitialized - WidgetName:  ChatBoxWidget
[0060.84] ScriptLog: KFGfxMoviePlayer_Manager - WidgetInitialized - WidgetName:  Notification
[0060.85] ScriptLog: label LatestUpdate
[0060.85] ScriptLog: imageURL img://UI_WhatsNew.UI_WhatsNew_KF3
[0060.85] ScriptLog: redirectURL https://killingfloor3.com/
[0060.85] ScriptLog: label FeaturedItemBundle
[0060.85] ScriptLog: imageURL img://UI_WhatsNew.UI_WhatsNew_Summer2022_UltimateEdition_Upgrade
[0060.85] ScriptLog: redirectURL https://store.steampowered.com/app/1914560/KF2__Ultimate_Edition_Upgrade_DLC/
[0060.85] ScriptLog: label FeaturedItemBundle
[0060.85] ScriptLog: imageURL img://UI_WhatsNew.UI_WhatsNew_Summer2023_CosmeticsSeasonPass
[0060.85] ScriptLog: redirectURL https://store.steampowered.com/app/2363410/Killing_Floor_2__Cosmetics_Season_Pass
[0060.85] ScriptLog: label ArmorySeasonPass
[0060.85] ScriptLog: imageURL img://UI_WhatsNew.UI_WhatsNew_Summer2022_ArmorySeasonPassII
[0060.85] ScriptLog: redirectURL https://store.steampowered.com/app/1914490/KF2__Season_Pass_2022
[0060.85] ScriptLog: label ArmorySeasonPass
[0060.85] ScriptLog: imageURL img://UI_WhatsNew.UI_WhatsNew_Spring_Armory_Season_Pass
[0060.85] ScriptLog: redirectURL https://store.steampowered.com/app/1524820/Killing_Floor_2__Armory_Season_Pass
[0060.85] ScriptLog: label FeaturedItemBundle
[0060.85] ScriptLog: imageURL img://UI_WhatsNew.UI_WhatsNew_SS_Steampunk_MrsFosterBundle
[0060.85] ScriptLog: redirectURL https://store.steampowered.com/buyitem/232090/6185
[0060.85] ScriptLog: label FeaturedItemBundle
[0060.85] ScriptLog: imageURL img://UI_WhatsNew.UI_WhatsNew_Fall_ReaperOutfit
[0060.85] ScriptLog: redirectURL https://store.steampowered.com/buyitem/232090/8462
[0060.85] ScriptLog: label FeaturedEventItem
[0060.85] ScriptLog: imageURL img://UI_WhatsNew.UI_WhatsNew_Halloween2023_LastStand_Uniforms
[0060.85] ScriptLog: redirectURL https://store.steampowered.com/buyitem/232090/9747
[0060.85] ScriptLog: label FeaturedItemBundle
[0060.85] ScriptLog: imageURL img://UI_WhatsNew.UI_WhatsNew_Halloween_CommandoChicken_Bundle
[0060.85] ScriptLog: redirectURL https://store.steampowered.com/buyitem/232090/5286
[0060.85] ScriptLog: label FeaturedItemBundle
[0060.85] ScriptLog: imageURL img://UI_WhatsNew.UI_WhatsNew_Xmas_BadSanta
[0060.85] ScriptLog: redirectURL https://store.steampowered.com/buyitem/232090/6670
[0060.85] ScriptLog: label FeaturedItemBundle
[0060.85] ScriptLog: imageURL img://UI_WhatsNew.UI_WhatsNew_Halloween2023_MG3Shredder
[0060.85] ScriptLog: redirectURL https://store.steampowered.com/buyitem/232090/9749
[0060.85] ScriptLog: label FeaturedItemBundle
[0060.85] ScriptLog: imageURL img://UI_WhatsNew.UI_WhatsNew_Summer2023_S12Shockgun
[0060.85] ScriptLog: redirectURL https://store.steampowered.com/buyitem/232090/9655
[0060.85] ScriptLog: label Jaegorhorn
[0060.85] ScriptLog: imageURL img://UI_WhatsNew.UI_WhatsNew_CommunityHub
[0060.85] ScriptLog: redirectURL https://steamcommunity.com/app/232090
[0060.85] ScriptLog: label Forums
[0060.85] ScriptLog: imageURL img://UI_WhatsNew.UI_WhatsNew_CommunityForums
[0060.85] ScriptLog: redirectURL http://forums.tripwireinteractive.com/
[0060.85] ScriptLog: label Survey
[0060.85] ScriptLog: imageURL img://UI_WhatsNew.UI_WhatsNew_Survey
[0060.85] ScriptLog: redirectURL http://www.tripwireinteractive.com/redirect/KF2Survey/
[0060.85] ScriptLog: label CommunityTracker
[0060.85] ScriptLog: imageURL img://UI_WhatsNew.UI_WhatsNew_CommunityIssue
[0060.85] ScriptLog: redirectURL http://www.killingfloor2.com/roadmap
[0060.85] ScriptLog: label Merch
[0060.85] ScriptLog: imageURL img://UI_WhatsNew.UI_WhatsNew_Merch
[0060.85] ScriptLog: redirectURL http://www.tripwireinteractive.com/redirect/shop/
[0060.85] ScriptLog: label Uncovered
[0060.85] ScriptLog: imageURL img://UI_WhatsNew_PS4.UI_WhatsNew_KFUncovered
[0060.85] ScriptLog: redirectURL https://www.youtube.com/watch?v=fTdfedt9B48/
[0060.89] ScriptLog: WI:  WorldInfo_0
[0060.89] ScriptLog: WI.NetMode:  NM_Standalone
[0060.92] Warning: Warning, Failed to load 'Font None.Times New Roman': Failed to find object 'Font None.Times New Roman'
[0060.93] ScriptWarning: Accessed None 'PlayerOwner'
        ExtPerkManager kf-crazy_playboy_edited.TheWorld:PersistentLevel.ExtPerkManager_1
        Function doshext.ExtPerkManager:InitPerks:0095
[0060.93] Log: RetryCharacterOwnership -- inventory is now ready
 * evt_account_login_state_change: .tripwirein-ki04.0X110000105CA593F. login_state_logging_in

 * evt_account_login_state_change: .tripwirein-ki04.0X110000105CA593F. login_state_logged_in

[0065.49] Warning: Warning, Failed to load 'Font None.KFMerged Regular': Failed to find object 'Font None.KFMerged Regular'
[0065.49] Warning: Warning, Failed to load 'Font None.KFMerged Regular': Failed to find object 'Font None.KFMerged Regular'
[0066.37] ScriptLog: (ExtMoviePlayer_Manager_0) KFGfxMoviePlayer_Manager::None:CloseMenus PartyWidget:'ExtWidget_PartyInGame_0' bAfterLobby:'False' bForceClose:'False'
[0066.37] ScriptLog: Setting PartyWidget Visibility false, bAfterLobby = true
[0066.37] ScriptLog: (ExtMoviePlayer_Manager_0) KFGfxMoviePlayer_Manager::None:CloseMenus CurrentMenu:'KFGFxMenu_StartGame_0'
[0066.38] ScriptLog: (ExtMoviePlayer_Manager_0) KFGfxMoviePlayer_Manager::None:CloseMenus PartyWidget:'ExtWidget_PartyInGame_0' bAfterLobby:'True' bForceClose:'True'
[0066.38] ScriptLog: Ext_WeaponProperties.SetMaxLvs: Using replicated ECurrentPerkPrestige= 20
[0066.38] ScriptLog: Ext_WeaponProperties.SetMaxLvs: MaxDmgLv= 20  MaxAoELv= 20  MaxDotLv= 20  MaxFireRateLv= 20  MaxPenetrationLv= 20  MaxMagazineLv= 20  MaxSpareLv= 20
[0066.38] ScriptLog: Ext_WeaponProperties.SetMaxLvs: Using replicated ECurrentPerkPrestige= 20
[0066.38] ScriptLog: Ext_WeaponProperties.SetMaxLvs: MaxDmgLv= 20  MaxAoELv= 20  MaxDotLv= 20  MaxFireRateLv= 20  MaxPenetrationLv= 20  MaxMagazineLv= 20  MaxSpareLv= 20
[0066.38] ScriptLog: Ext_WeaponProperties.SetMaxLvs: Using replicated ECurrentPerkPrestige= 20
[0066.38] ScriptLog: Ext_WeaponProperties.SetMaxLvs: MaxDmgLv= 20  MaxAoELv= 20  MaxDotLv= 20  MaxFireRateLv= 20  MaxPenetrationLv= 20  MaxMagazineLv= 20  MaxSpareLv= 20
[0066.38] ScriptLog: Ext_WeaponProperties.SetMaxLvs: Using replicated ECurrentPerkPrestige= 20
[0066.38] ScriptLog: Ext_WeaponProperties.SetMaxLvs: MaxDmgLv= 20  MaxAoELv= 20  MaxDotLv= 20  MaxFireRateLv= 20  MaxPenetrationLv= 20  MaxMagazineLv= 20  MaxSpareLv= 20
[0066.38] ScriptLog: ExtPlayerController.CreateWeapProp: SetMaxLvs called for  ExtWeap_Pistol_9mm
[0066.38] ScriptLog: Failed to resolve weapon definition for  ExtWeap_Pistol_9mm
[0066.38] ScriptLog: ExtPlayerController.CreateWeapProp: Created new weapon properties for  ExtWeap_Pistol_9mm  MaxDmgLv= 20
[0066.38] ScriptLog: Ext_WeaponProperties.SetMaxLvs: Using replicated ECurrentPerkPrestige= 20
[0066.39] ScriptLog: Ext_WeaponProperties.SetMaxLvs: MaxDmgLv= 20  MaxAoELv= 20  MaxDotLv= 20  MaxFireRateLv= 20  MaxPenetrationLv= 20  MaxMagazineLv= 20  MaxSpareLv= 20
[0066.39] ScriptLog: Ext_WeaponProperties.SetMaxLvs: Using replicated ECurrentPerkPrestige= 20
[0066.39] ScriptLog: Ext_WeaponProperties.SetMaxLvs: MaxDmgLv= 20  MaxAoELv= 20  MaxDotLv= 20  MaxFireRateLv= 20  MaxPenetrationLv= 20  MaxMagazineLv= 20  MaxSpareLv= 20
[0066.39] ScriptLog: Ext_WeaponProperties.SetMaxLvs: Using replicated ECurrentPerkPrestige= 20
[0066.39] ScriptLog: Ext_WeaponProperties.SetMaxLvs: MaxDmgLv= 20  MaxAoELv= 20  MaxDotLv= 20  MaxFireRateLv= 20  MaxPenetrationLv= 20  MaxMagazineLv= 20  MaxSpareLv= 20
[0066.39] ScriptLog: Ext_WeaponProperties.SetMaxLvs: Using replicated ECurrentPerkPrestige= 20
[0066.39] ScriptLog: Ext_WeaponProperties.SetMaxLvs: MaxDmgLv= 20  MaxAoELv= 20  MaxDotLv= 20  MaxFireRateLv= 20  MaxPenetrationLv= 20  MaxMagazineLv= 20  MaxSpareLv= 20
[0066.39] ScriptLog: ExtPlayerController.CreateWeapProp: SetMaxLvs called for  KFWeap_Healer_Syringe
[0066.39] ScriptLog: ApplyModifiers: modded stats: Dmg= 20.0000  FireRate= 0.2000  Penetration= 0.0000  Magazine= 100  MaxAmmo= 0
[0066.39] ScriptLog: ExtPlayerController.CreateWeapProp: Created new weapon properties for  KFWeap_Healer_Syringe  MaxDmgLv= 20
[0066.39] ScriptLog: Ext_WeaponProperties.SetMaxLvs: Using replicated ECurrentPerkPrestige= 20
[0066.39] ScriptLog: Ext_WeaponProperties.SetMaxLvs: MaxDmgLv= 20  MaxAoELv= 20  MaxDotLv= 20  MaxFireRateLv= 20  MaxPenetrationLv= 20  MaxMagazineLv= 20  MaxSpareLv= 20
[0066.39] ScriptLog: Ext_WeaponProperties.SetMaxLvs: Using replicated ECurrentPerkPrestige= 20
[0066.39] ScriptLog: Ext_WeaponProperties.SetMaxLvs: MaxDmgLv= 20  MaxAoELv= 20  MaxDotLv= 20  MaxFireRateLv= 20  MaxPenetrationLv= 20  MaxMagazineLv= 20  MaxSpareLv= 20
[0066.39] ScriptLog: Ext_WeaponProperties.SetMaxLvs: Using replicated ECurrentPerkPrestige= 20
[0066.39] ScriptLog: Ext_WeaponProperties.SetMaxLvs: MaxDmgLv= 20  MaxAoELv= 20  MaxDotLv= 20  MaxFireRateLv= 20  MaxPenetrationLv= 20  MaxMagazineLv= 20  MaxSpareLv= 20
[0066.39] ScriptLog: Ext_WeaponProperties.SetMaxLvs: Using replicated ECurrentPerkPrestige= 20
[0066.39] ScriptLog: Ext_WeaponProperties.SetMaxLvs: MaxDmgLv= 20  MaxAoELv= 20  MaxDotLv= 20  MaxFireRateLv= 20  MaxPenetrationLv= 20  MaxMagazineLv= 20  MaxSpareLv= 20
[0066.39] ScriptLog: ExtPlayerController.CreateWeapProp: SetMaxLvs called for  KFWeap_Welder
[0066.39] ScriptLog: ApplyModifiers: modded stats: Dmg= 0.0000  FireRate= 0.2000  Penetration= 0.0000  Magazine= 100  MaxAmmo= 0
[0066.39] ScriptLog: ExtPlayerController.CreateWeapProp: Created new weapon properties for  KFWeap_Welder  MaxDmgLv= 20
[0066.39] ScriptLog: Ext_WeaponProperties.SetMaxLvs: Using replicated ECurrentPerkPrestige= 20
[0066.39] ScriptLog: Ext_WeaponProperties.SetMaxLvs: MaxDmgLv= 20  MaxAoELv= 20  MaxDotLv= 20  MaxFireRateLv= 20  MaxPenetrationLv= 20  MaxMagazineLv= 20  MaxSpareLv= 20
[0066.39] ScriptLog: Ext_WeaponProperties.SetMaxLvs: Using replicated ECurrentPerkPrestige= 20
[0066.39] ScriptLog: Ext_WeaponProperties.SetMaxLvs: MaxDmgLv= 20  MaxAoELv= 20  MaxDotLv= 20  MaxFireRateLv= 20  MaxPenetrationLv= 20  MaxMagazineLv= 20  MaxSpareLv= 20
[0066.39] ScriptLog: Ext_WeaponProperties.SetMaxLvs: Using replicated ECurrentPerkPrestige= 20
[0066.39] ScriptLog: Ext_WeaponProperties.SetMaxLvs: MaxDmgLv= 20  MaxAoELv= 20  MaxDotLv= 20  MaxFireRateLv= 20  MaxPenetrationLv= 20  MaxMagazineLv= 20  MaxSpareLv= 20
[0066.39] ScriptLog: Ext_WeaponProperties.SetMaxLvs: Using replicated ECurrentPerkPrestige= 20
[0066.39] ScriptLog: Ext_WeaponProperties.SetMaxLvs: MaxDmgLv= 20  MaxAoELv= 20  MaxDotLv= 20  MaxFireRateLv= 20  MaxPenetrationLv= 20  MaxMagazineLv= 20  MaxSpareLv= 20
[0066.39] ScriptLog: ExtPlayerController.CreateWeapProp: SetMaxLvs called for  KFWeap_AssaultRifle_AR15
[0066.39] ScriptLog: ApplyModifiers: modded stats: Dmg= 30.0000  FireRate= 0.1200  Penetration= 0.0000  Magazine= 100  MaxAmmo= 888
[0066.39] ScriptLog: ExtPlayerController.CreateWeapProp: Created new weapon properties for  KFWeap_AssaultRifle_AR15  MaxDmgLv= 20
[0066.39] ScriptLog: Ext_WeaponProperties.SetMaxLvs: Using replicated ECurrentPerkPrestige= 20
[0066.39] ScriptLog: Ext_WeaponProperties.SetMaxLvs: MaxDmgLv= 20  MaxAoELv= 20  MaxDotLv= 20  MaxFireRateLv= 20  MaxPenetrationLv= 20  MaxMagazineLv= 20  MaxSpareLv= 20
[0066.39] ScriptLog: Ext_WeaponProperties.SetMaxLvs: Using replicated ECurrentPerkPrestige= 20
[0066.39] ScriptLog: Ext_WeaponProperties.SetMaxLvs: MaxDmgLv= 20  MaxAoELv= 20  MaxDotLv= 20  MaxFireRateLv= 20  MaxPenetrationLv= 20  MaxMagazineLv= 20  MaxSpareLv= 20
[0066.39] ScriptLog: Ext_WeaponProperties.SetMaxLvs: Using replicated ECurrentPerkPrestige= 20
[0066.39] ScriptLog: Ext_WeaponProperties.SetMaxLvs: MaxDmgLv= 20  MaxAoELv= 20  MaxDotLv= 20  MaxFireRateLv= 20  MaxPenetrationLv= 20  MaxMagazineLv= 20  MaxSpareLv= 20
[0066.39] ScriptLog: Ext_WeaponProperties.SetMaxLvs: Using replicated ECurrentPerkPrestige= 20
[0066.39] ScriptLog: Ext_WeaponProperties.SetMaxLvs: MaxDmgLv= 20  MaxAoELv= 20  MaxDotLv= 20  MaxFireRateLv= 20  MaxPenetrationLv= 20  MaxMagazineLv= 20  MaxSpareLv= 20
[0066.39] ScriptLog: ExtPlayerController.CreateWeapProp: SetMaxLvs called for  KFWeap_Knife_Commando
[0066.39] ScriptLog: Failed to resolve weapon definition for  KFWeap_Knife_Commando
[0066.39] ScriptLog: ExtPlayerController.CreateWeapProp: Created new weapon properties for  KFWeap_Knife_Commando  MaxDmgLv= 20
[0066.39] ScriptLog: Ext_TraitArmorReg.ApplyEffectOn() Player= ExtHumanPawn_0 , Perk= Ext_PerkCommando_0 , Level= 3
[0066.39] Error: Can't start an online game that hasn't been created
[0066.39] ScriptLog: CGM_SpawnManager.GetSpawnList(): NextWaveIndex =  0  Interval =  5  PlayerCount =  1
[0066.39] ScriptLog: RegularWaves.GetWaveCount() WaveCount =  2
[0066.39] ScriptLog: CGM_SpawnManager.GetSpawnList() - Regular Wave
[0066.39] ScriptLog: CGM_Waves.GetSpawnList() - Getting spawns for Wave: 0  PlayerNum: 1
[0066.39] ScriptLog: CGM_Waves.GetSpawnList() - WaveNumScale: 1.0000  PlayerNumScale: 1.0000  CurrentScale: 1.0000
[0066.39] ScriptLog: CGM_SpawnManager.SetTotalAi() - Total AI for this wave:  1
[0066.39] ScriptLog: CGM_SpawnManager.SetupNextWave() - WaveTotalAI = 1
[0066.39] ScriptLog: WaveNum= 1
[0066.39] ScriptLog: GetStateName() == 'PlayingWave'= True
[0066.39] ScriptLog: MyKFGRI.bTraderIsOpen= False
[0066.39] ScriptLog: MyKFGRI.AIRemaining= 1
[0066.39] ScriptLog: MyKFGRI.WaveTotalAICount= 0
[0066.39] ScriptLog: (ExtMoviePlayer_Manager_0) KFGfxMoviePlayer_Manager::None:CloseMenus PartyWidget:'ExtWidget_PartyInGame_0' bAfterLobby:'True' bForceClose:'True'
[0066.39] ScriptLog: CGM_Survival.StartMatch() - bStartWithTrader = true
[0066.46] ScriptLog: Ext_PerkBase.ModifyArmor() Modifiers[14] =  150.0000
[0066.46] ScriptLog: Ext_PerkBase.ModifyArmor() MaxArmor =  250
[0066.46] ScriptLog: ExtPerkManager.ModifyArmorInt() MaxArmorInt= 250
[0066.64] ScriptLog: LoadAvailableWeapons(): Loaded  130  available weapons from WeaponList.
[0066.64] ScriptLog: Finance menu opened
[0066.78] ScriptLog: (KFGFxMenu_StartGame_0) KFGFxObject_Menu::None:Callback_MenusFinishedClosing Manager.bMenusOpen:'True'
[0067.56] ScriptLog: Ext_WeaponProperties.SetMaxLvs: Using replicated ECurrentPerkPrestige= 20
[0067.56] ScriptLog: Ext_WeaponProperties.SetMaxLvs: MaxDmgLv= 20  MaxAoELv= 20  MaxDotLv= 20  MaxFireRateLv= 20  MaxPenetrationLv= 20  MaxMagazineLv= 20  MaxSpareLv= 20
[0067.56] ScriptLog: Ext_WeaponProperties.SetMaxLvs: Using replicated ECurrentPerkPrestige= 20
[0067.56] ScriptLog: Ext_WeaponProperties.SetMaxLvs: MaxDmgLv= 20  MaxAoELv= 20  MaxDotLv= 20  MaxFireRateLv= 20  MaxPenetrationLv= 20  MaxMagazineLv= 20  MaxSpareLv= 20
[0067.56] ScriptLog: Ext_WeaponProperties.SetMaxLvs: Using replicated ECurrentPerkPrestige= 20
[0067.56] ScriptLog: Ext_WeaponProperties.SetMaxLvs: MaxDmgLv= 20  MaxAoELv= 20  MaxDotLv= 20  MaxFireRateLv= 20  MaxPenetrationLv= 20  MaxMagazineLv= 20  MaxSpareLv= 20
[0067.56] ScriptLog: Ext_WeaponProperties.SetMaxLvs: Using replicated ECurrentPerkPrestige= 20
[0067.56] ScriptLog: Ext_WeaponProperties.SetMaxLvs: MaxDmgLv= 20  MaxAoELv= 20  MaxDotLv= 20  MaxFireRateLv= 20  MaxPenetrationLv= 20  MaxMagazineLv= 20  MaxSpareLv= 20
[0067.56] ScriptLog: Ext_WeaponProperties.SetMaxLvs: Using replicated ECurrentPerkPrestige= 20
[0067.56] ScriptLog: Ext_WeaponProperties.SetMaxLvs: MaxDmgLv= 20  MaxAoELv= 20  MaxDotLv= 20  MaxFireRateLv= 20  MaxPenetrationLv= 20  MaxMagazineLv= 20  MaxSpareLv= 20
[0067.56] ScriptLog: Ext_WeaponProperties.SetMaxLvs: Using replicated ECurrentPerkPrestige= 20
[0067.56] ScriptLog: Ext_WeaponProperties.SetMaxLvs: MaxDmgLv= 20  MaxAoELv= 20  MaxDotLv= 20  MaxFireRateLv= 20  MaxPenetrationLv= 20  MaxMagazineLv= 20  MaxSpareLv= 20
[0067.56] ScriptLog: Ext_WeaponProperties.SetMaxLvs: Using replicated ECurrentPerkPrestige= 20
[0067.56] ScriptLog: Ext_WeaponProperties.SetMaxLvs: MaxDmgLv= 20  MaxAoELv= 20  MaxDotLv= 20  MaxFireRateLv= 20  MaxPenetrationLv= 20  MaxMagazineLv= 20  MaxSpareLv= 20
[0067.56] ScriptLog: Ext_WeaponProperties.SetMaxLvs: Using replicated ECurrentPerkPrestige= 20
[0067.56] ScriptLog: Ext_WeaponProperties.SetMaxLvs: MaxDmgLv= 20  MaxAoELv= 20  MaxDotLv= 20  MaxFireRateLv= 20  MaxPenetrationLv= 20  MaxMagazineLv= 20  MaxSpareLv= 20
[0067.56] ScriptWarning: Accessed null class context 'WeaponDef'
        UIP_WeaponPage Transient.UI_FinanceMenu_0:UIP_WeaponPage_0
        Function doshext.UIP_WeaponPage:Timer:033D
[0067.56] ScriptWarning: Accessed null class context 'WeaponDef'
        UIP_WeaponPage Transient.UI_FinanceMenu_0:UIP_WeaponPage_0
        Function doshext.UIP_WeaponPage:Timer:033D
[0067.56] ScriptLog: WeaponPage: Added  Minigun  to sale list with price  2000
[0067.56] ScriptLog: WeaponPage: Added  FAMAS Masterkey  to sale list with price  1000
[0067.56] ScriptWarning: Accessed array 'Default__KFWeap_AutoTurret.WeaponProjectiles' out of bounds (0/0)
        KFWeap_AutoTurret kfgamecontent.Default__KFWeap_AutoTurret
        Function KFGame.KFWeap_ThrownBase:CalculateTraderWeaponStatDamage:001E
[0067.56] ScriptWarning: Accessed null class context 'ProjClass'
        KFWeap_AutoTurret kfgamecontent.Default__KFWeap_AutoTurret
        Function KFGame.KFWeap_ThrownBase:CalculateTraderWeaponStatDamage:002C
[0067.56] ScriptWarning: Accessed null class context 'ProjClass'
        KFWeap_AutoTurret kfgamecontent.Default__KFWeap_AutoTurret
        Function KFGame.KFWeap_ThrownBase:CalculateTraderWeaponStatDamage:00DC
[0067.56] ScriptWarning: Accessed null class context 'ProjClass'
        KFWeap_AutoTurret kfgamecontent.Default__KFWeap_AutoTurret
        Function KFGame.KFWeap_ThrownBase:CalculateTraderWeaponStatDamage:010D
[0067.56] ScriptLog: WeaponPage: Added  Sentinel  to sale list with price  500
[0067.56] ScriptLog: WeaponPage: Player already owns  KFGameContent.KFWeap_AssaultRifle_AR15
[0067.56] ScriptLog: WeaponPage: Added  SA80 L85A2 Bullpup  to sale list with price  650
[0067.56] ScriptLog: WeaponPage: Added  Kalashnikov AK-12  to sale list with price  1100
[0067.56] ScriptLog: WeaponPage: Added  MKb.42(H) Carbine Rifle  to sale list with price  1100
[0067.56] ScriptLog: WeaponPage: Added  SCAR-H Assault Rifle  to sale list with price  1500
[0067.56] ScriptLog: WeaponPage: Added  Stoner 63A LMG  to sale list with price  1500
[0067.56] ScriptLog: WeaponPage: Added  HMTech-401 Assault Rifle  to sale list with price  1500
[0067.56] ScriptLog: WeaponPage: Added  HMTech-501 Grenade Rifle  to sale list with price  2000
[0067.56] ScriptLog: WeaponPage: Added  M16 M203 Assault Rifle  to sale list with price  1200
[0067.56] ScriptLog: WeaponPage: Added  FN FAL ACOG  to sale list with price  1500
[0067.56] ScriptLog: WeaponPage: Added  Tommy Gun  to sale list with price  650
[0067.56] ScriptLog: WeaponPage: Player already owns  KFGameContent.KFWeap_Healer_Syringe
[0067.56] ScriptLog: WeaponPage: Player already owns  KFGameContent.KFWeap_Welder
[0067.56] ScriptLog: WeaponPage: Added  MG3 Shredder  to sale list with price  2000
[0067.56] ScriptLog: WeaponPage: Added  M14-EBR Assault Rifle  to sale list with price  1700
[0067.56] ScriptLog: UpdateStatsDisplay: LocalPC is None
[0069.03] ScriptLog: UpdateStatsDisplay: Dosh= 999999  SelectedInventoryIdx= 4  WPP= Ext_WeaponProp_Melee_0
[0069.03] ScriptLog: Ext_WeaponProperties.CanAddDamage: ExtPRI= ExtPlayerReplicationInfo_0  DamageLv= 0  MaxDmgLv= 20  Score= 999999  NextDmgCost= 0  Result= True
[0069.03] ScriptLog: Ext_WeaponProperties.CanAddDamage: ExtPRI= ExtPlayerReplicationInfo_0  DamageLv= 0  MaxDmgLv= 20  Score= 999999  NextDmgCost= 0  Result= True
[0069.03] ScriptLog: UpdateStatsDisplay: DmgUpgradeBtn disabled= False  bIsInventorySelected= True  WPP= Ext_WeaponProp_Melee_0  CanAddDamage= True
[0069.54] ScriptLog: Ext_WeaponProperties.SetMaxLvs: Using replicated ECurrentPerkPrestige= 20
[0069.54] ScriptLog: Ext_WeaponProperties.SetMaxLvs: MaxDmgLv= 20  MaxAoELv= 20  MaxDotLv= 20  MaxFireRateLv= 20  MaxPenetrationLv= 20  MaxMagazineLv= 20  MaxSpareLv= 20
[0069.54] ScriptLog: Ext_WeaponProperties.SetMaxLvs: Using replicated ECurrentPerkPrestige= 20
[0069.54] ScriptLog: Ext_WeaponProperties.SetMaxLvs: MaxDmgLv= 20  MaxAoELv= 20  MaxDotLv= 20  MaxFireRateLv= 20  MaxPenetrationLv= 20  MaxMagazineLv= 20  MaxSpareLv= 20
[0069.54] ScriptLog: Ext_WeaponProperties.SetMaxLvs: Using replicated ECurrentPerkPrestige= 20
[0069.54] ScriptLog: Ext_WeaponProperties.SetMaxLvs: MaxDmgLv= 20  MaxAoELv= 20  MaxDotLv= 20  MaxFireRateLv= 20  MaxPenetrationLv= 20  MaxMagazineLv= 20  MaxSpareLv= 20
[0069.54] ScriptLog: Ext_WeaponProperties.SetMaxLvs: Using replicated ECurrentPerkPrestige= 20
[0069.54] ScriptLog: Ext_WeaponProperties.SetMaxLvs: MaxDmgLv= 20  MaxAoELv= 20  MaxDotLv= 20  MaxFireRateLv= 20  MaxPenetrationLv= 20  MaxMagazineLv= 20  MaxSpareLv= 20
[0069.54] ScriptWarning: Accessed null class context 'WeaponDef'
        UIP_WeaponPage Transient.UI_FinanceMenu_0:UIP_WeaponPage_0
        Function doshext.UIP_WeaponPage:Timer:033D
[0069.54] ScriptWarning: Accessed null class context 'WeaponDef'
        UIP_WeaponPage Transient.UI_FinanceMenu_0:UIP_WeaponPage_0
        Function doshext.UIP_WeaponPage:Timer:033D
[0069.54] ScriptLog: WeaponPage: Added  Minigun  to sale list with price  2000
[0069.54] ScriptLog: WeaponPage: Added  FAMAS Masterkey  to sale list with price  1000
[0069.54] ScriptWarning: Accessed array 'Default__KFWeap_AutoTurret.WeaponProjectiles' out of bounds (0/0)
        KFWeap_AutoTurret kfgamecontent.Default__KFWeap_AutoTurret
        Function KFGame.KFWeap_ThrownBase:CalculateTraderWeaponStatDamage:001E
[0069.54] ScriptWarning: Accessed null class context 'ProjClass'
        KFWeap_AutoTurret kfgamecontent.Default__KFWeap_AutoTurret
        Function KFGame.KFWeap_ThrownBase:CalculateTraderWeaponStatDamage:002C
[0069.54] ScriptWarning: Accessed null class context 'ProjClass'
        KFWeap_AutoTurret kfgamecontent.Default__KFWeap_AutoTurret
        Function KFGame.KFWeap_ThrownBase:CalculateTraderWeaponStatDamage:00DC
[0069.54] ScriptWarning: Accessed null class context 'ProjClass'
        KFWeap_AutoTurret kfgamecontent.Default__KFWeap_AutoTurret
        Function KFGame.KFWeap_ThrownBase:CalculateTraderWeaponStatDamage:010D
[0069.54] ScriptLog: WeaponPage: Added  Sentinel  to sale list with price  500
[0069.54] ScriptLog: WeaponPage: Player already owns  KFGameContent.KFWeap_AssaultRifle_AR15
[0069.54] ScriptLog: WeaponPage: Added  SA80 L85A2 Bullpup  to sale list with price  650
[0069.54] ScriptLog: WeaponPage: Added  Kalashnikov AK-12  to sale list with price  1100
[0069.54] ScriptLog: WeaponPage: Added  MKb.42(H) Carbine Rifle  to sale list with price  1100
[0069.54] ScriptLog: WeaponPage: Added  SCAR-H Assault Rifle  to sale list with price  1500
[0069.54] ScriptLog: WeaponPage: Added  Stoner 63A LMG  to sale list with price  1500
[0069.54] ScriptLog: WeaponPage: Added  HMTech-401 Assault Rifle  to sale list with price  1500
[0069.54] ScriptLog: WeaponPage: Added  HMTech-501 Grenade Rifle  to sale list with price  2000
[0069.54] ScriptLog: WeaponPage: Added  M16 M203 Assault Rifle  to sale list with price  1200
[0069.54] ScriptLog: WeaponPage: Added  FN FAL ACOG  to sale list with price  1500
[0069.54] ScriptLog: WeaponPage: Added  Tommy Gun  to sale list with price  650
[0069.54] ScriptLog: WeaponPage: Player already owns  KFGameContent.KFWeap_Healer_Syringe
[0069.54] ScriptLog: WeaponPage: Player already owns  KFGameContent.KFWeap_Welder
[0069.54] ScriptLog: WeaponPage: Added  MG3 Shredder  to sale list with price  2000
[0069.54] ScriptLog: WeaponPage: Added  M14-EBR Assault Rifle  to sale list with price  1700
[0069.54] ScriptLog: UpdateStatsDisplay: Dosh= 999999  SelectedInventoryIdx= 4  WPP= Ext_WeaponProp_Melee_0
[0069.54] ScriptLog: Ext_WeaponProperties.CanAddDamage: ExtPRI= ExtPlayerReplicationInfo_0  DamageLv= 0  MaxDmgLv= 20  Score= 999999  NextDmgCost= 0  Result= True
[0069.54] ScriptLog: Ext_WeaponProperties.CanAddDamage: ExtPRI= ExtPlayerReplicationInfo_0  DamageLv= 0  MaxDmgLv= 20  Score= 999999  NextDmgCost= 0  Result= True
[0069.54] ScriptLog: UpdateStatsDisplay: DmgUpgradeBtn disabled= False  bIsInventorySelected= True  WPP= Ext_WeaponProp_Melee_0  CanAddDamage= True
[0070.15] ScriptLog: UpdateStatsDisplay: Dosh= 999999  SelectedInventoryIdx= 3  WPP= Ext_WeaponProperties_3
[0070.16] ScriptLog: Ext_WeaponProperties.CanAddDamage: ExtPRI= ExtPlayerReplicationInfo_0  DamageLv= 0  MaxDmgLv= 20  Score= 999999  NextDmgCost= 20  Result= True
[0070.16] ScriptLog: Ext_WeaponProperties.CanAddDamage: ExtPRI= ExtPlayerReplicationInfo_0  DamageLv= 0  MaxDmgLv= 20  Score= 999999  NextDmgCost= 20  Result= True
[0070.16] ScriptLog: UpdateStatsDisplay: DmgUpgradeBtn disabled= False  bIsInventorySelected= True  WPP= Ext_WeaponProperties_3  CanAddDamage= True
[0070.91] ScriptLog: ExtPlayerController.ServerSellWeapon: Before sell - Score= 999999  SellPrice= 150
[0070.91] ScriptLog: ExtPlayerController.ServerSellWeapon: After AddDosh - Score= 1000149.0000  Expected:  1000149
[0070.91] ScriptLog: Ext_WeaponProperties.SetMaxLvs: Using replicated ECurrentPerkPrestige= 20
[0070.91] ScriptLog: Ext_WeaponProperties.SetMaxLvs: MaxDmgLv= 20  MaxAoELv= 20  MaxDotLv= 20  MaxFireRateLv= 20  MaxPenetrationLv= 20  MaxMagazineLv= 20  MaxSpareLv= 20
[0070.91] ScriptLog: Ext_WeaponProperties.SetMaxLvs: Using replicated ECurrentPerkPrestige= 20
[0070.91] ScriptLog: Ext_WeaponProperties.SetMaxLvs: MaxDmgLv= 20  MaxAoELv= 20  MaxDotLv= 20  MaxFireRateLv= 20  MaxPenetrationLv= 20  MaxMagazineLv= 20  MaxSpareLv= 20
[0070.91] ScriptLog: Ext_WeaponProperties.SetMaxLvs: Using replicated ECurrentPerkPrestige= 20
[0070.91] ScriptLog: Ext_WeaponProperties.SetMaxLvs: MaxDmgLv= 20  MaxAoELv= 20  MaxDotLv= 20  MaxFireRateLv= 20  MaxPenetrationLv= 20  MaxMagazineLv= 20  MaxSpareLv= 20
[0070.91] ScriptLog: Ext_WeaponProperties.SetMaxLvs: Using replicated ECurrentPerkPrestige= 20
[0070.91] ScriptLog: Ext_WeaponProperties.SetMaxLvs: MaxDmgLv= 20  MaxAoELv= 20  MaxDotLv= 20  MaxFireRateLv= 20  MaxPenetrationLv= 20  MaxMagazineLv= 20  MaxSpareLv= 20
[0070.91] ScriptWarning: Accessed null class context 'WeaponDef'
        UIP_WeaponPage Transient.UI_FinanceMenu_0:UIP_WeaponPage_0
        Function doshext.UIP_WeaponPage:Timer:033D
[0070.91] ScriptWarning: Accessed null class context 'WeaponDef'
        UIP_WeaponPage Transient.UI_FinanceMenu_0:UIP_WeaponPage_0
        Function doshext.UIP_WeaponPage:Timer:033D
[0070.92] ScriptLog: WeaponPage: Added  Minigun  to sale list with price  2000
[0070.92] ScriptLog: WeaponPage: Added  FAMAS Masterkey  to sale list with price  1000
[0070.92] ScriptWarning: Accessed array 'Default__KFWeap_AutoTurret.WeaponProjectiles' out of bounds (0/0)
        KFWeap_AutoTurret kfgamecontent.Default__KFWeap_AutoTurret
        Function KFGame.KFWeap_ThrownBase:CalculateTraderWeaponStatDamage:001E
[0070.92] ScriptWarning: Accessed null class context 'ProjClass'
        KFWeap_AutoTurret kfgamecontent.Default__KFWeap_AutoTurret
        Function KFGame.KFWeap_ThrownBase:CalculateTraderWeaponStatDamage:002C
[0070.92] ScriptWarning: Accessed null class context 'ProjClass'
        KFWeap_AutoTurret kfgamecontent.Default__KFWeap_AutoTurret
        Function KFGame.KFWeap_ThrownBase:CalculateTraderWeaponStatDamage:00DC
[0070.92] ScriptWarning: Accessed null class context 'ProjClass'
        KFWeap_AutoTurret kfgamecontent.Default__KFWeap_AutoTurret
        Function KFGame.KFWeap_ThrownBase:CalculateTraderWeaponStatDamage:010D
[0070.92] ScriptLog: WeaponPage: Added  Sentinel  to sale list with price  500
[0070.92] ScriptLog: WeaponPage: Added  AR-15 Varmint Rifle  to sale list with price  200
[0070.92] ScriptLog: WeaponPage: Added  SA80 L85A2 Bullpup  to sale list with price  650
[0070.92] ScriptLog: WeaponPage: Added  Kalashnikov AK-12  to sale list with price  1100
[0070.92] ScriptLog: WeaponPage: Added  MKb.42(H) Carbine Rifle  to sale list with price  1100
[0070.92] ScriptLog: WeaponPage: Added  SCAR-H Assault Rifle  to sale list with price  1500
[0070.92] ScriptLog: WeaponPage: Added  Stoner 63A LMG  to sale list with price  1500
[0070.92] ScriptLog: WeaponPage: Added  HMTech-401 Assault Rifle  to sale list with price  1500
[0070.92] ScriptLog: WeaponPage: Added  HMTech-501 Grenade Rifle  to sale list with price  2000
[0070.92] ScriptLog: WeaponPage: Added  M16 M203 Assault Rifle  to sale list with price  1200
[0070.92] ScriptLog: WeaponPage: Added  FN FAL ACOG  to sale list with price  1500
[0070.92] ScriptLog: WeaponPage: Added  Tommy Gun  to sale list with price  650
[0070.92] ScriptLog: WeaponPage: Player already owns  KFGameContent.KFWeap_Healer_Syringe
[0070.92] ScriptLog: WeaponPage: Player already owns  KFGameContent.KFWeap_Welder
[0070.92] ScriptLog: WeaponPage: Added  MG3 Shredder  to sale list with price  2000
[0070.92] ScriptLog: WeaponPage: Added  M14-EBR Assault Rifle  to sale list with price  1700
[0070.92] ScriptLog: UpdateStatsDisplay: LocalPC is None
[0070.92] ScriptLog: Ext_WeaponProperties.SetMaxLvs: Using replicated ECurrentPerkPrestige= 20
[0070.92] ScriptLog: Ext_WeaponProperties.SetMaxLvs: MaxDmgLv= 20  MaxAoELv= 20  MaxDotLv= 20  MaxFireRateLv= 20  MaxPenetrationLv= 20  MaxMagazineLv= 20  MaxSpareLv= 20
[0070.92] ScriptLog: Ext_WeaponProperties.SetMaxLvs: Using replicated ECurrentPerkPrestige= 20
[0070.92] ScriptLog: Ext_WeaponProperties.SetMaxLvs: MaxDmgLv= 20  MaxAoELv= 20  MaxDotLv= 20  MaxFireRateLv= 20  MaxPenetrationLv= 20  MaxMagazineLv= 20  MaxSpareLv= 20
[0070.92] ScriptLog: Ext_WeaponProperties.SetMaxLvs: Using replicated ECurrentPerkPrestige= 20
[0070.92] ScriptLog: Ext_WeaponProperties.SetMaxLvs: MaxDmgLv= 20  MaxAoELv= 20  MaxDotLv= 20  MaxFireRateLv= 20  MaxPenetrationLv= 20  MaxMagazineLv= 20  MaxSpareLv= 20
[0070.92] ScriptLog: Ext_WeaponProperties.SetMaxLvs: Using replicated ECurrentPerkPrestige= 20
[0070.92] ScriptLog: Ext_WeaponProperties.SetMaxLvs: MaxDmgLv= 20  MaxAoELv= 20  MaxDotLv= 20  MaxFireRateLv= 20  MaxPenetrationLv= 20  MaxMagazineLv= 20  MaxSpareLv= 20
[0070.92] ScriptWarning: Accessed null class context 'WeaponDef'
        UIP_WeaponPage Transient.UI_FinanceMenu_0:UIP_WeaponPage_0
        Function doshext.UIP_WeaponPage:Timer:033D
[0070.92] ScriptWarning: Accessed null class context 'WeaponDef'
        UIP_WeaponPage Transient.UI_FinanceMenu_0:UIP_WeaponPage_0
        Function doshext.UIP_WeaponPage:Timer:033D
[0070.92] ScriptLog: WeaponPage: Added  Minigun  to sale list with price  2000
[0070.92] ScriptLog: WeaponPage: Added  FAMAS Masterkey  to sale list with price  1000
[0070.92] ScriptWarning: Accessed array 'Default__KFWeap_AutoTurret.WeaponProjectiles' out of bounds (0/0)
        KFWeap_AutoTurret kfgamecontent.Default__KFWeap_AutoTurret
        Function KFGame.KFWeap_ThrownBase:CalculateTraderWeaponStatDamage:001E
[0070.92] ScriptWarning: Accessed null class context 'ProjClass'
        KFWeap_AutoTurret kfgamecontent.Default__KFWeap_AutoTurret
        Function KFGame.KFWeap_ThrownBase:CalculateTraderWeaponStatDamage:002C
[0070.92] ScriptWarning: Accessed null class context 'ProjClass'
        KFWeap_AutoTurret kfgamecontent.Default__KFWeap_AutoTurret
        Function KFGame.KFWeap_ThrownBase:CalculateTraderWeaponStatDamage:00DC
[0070.92] ScriptWarning: Accessed null class context 'ProjClass'
        KFWeap_AutoTurret kfgamecontent.Default__KFWeap_AutoTurret
        Function KFGame.KFWeap_ThrownBase:CalculateTraderWeaponStatDamage:010D
[0070.92] ScriptLog: WeaponPage: Added  Sentinel  to sale list with price  500
[0070.92] ScriptLog: WeaponPage: Added  AR-15 Varmint Rifle  to sale list with price  200
[0070.92] ScriptLog: WeaponPage: Added  SA80 L85A2 Bullpup  to sale list with price  650
[0070.92] ScriptLog: WeaponPage: Added  Kalashnikov AK-12  to sale list with price  1100
[0070.92] ScriptLog: WeaponPage: Added  MKb.42(H) Carbine Rifle  to sale list with price  1100
[0070.92] ScriptLog: WeaponPage: Added  SCAR-H Assault Rifle  to sale list with price  1500
[0070.92] ScriptLog: WeaponPage: Added  Stoner 63A LMG  to sale list with price  1500
[0070.92] ScriptLog: WeaponPage: Added  HMTech-401 Assault Rifle  to sale list with price  1500
[0070.92] ScriptLog: WeaponPage: Added  HMTech-501 Grenade Rifle  to sale list with price  2000
[0070.92] ScriptLog: WeaponPage: Added  M16 M203 Assault Rifle  to sale list with price  1200
[0070.92] ScriptLog: WeaponPage: Added  FN FAL ACOG  to sale list with price  1500
[0070.92] ScriptLog: WeaponPage: Added  Tommy Gun  to sale list with price  650
[0070.92] ScriptLog: WeaponPage: Player already owns  KFGameContent.KFWeap_Healer_Syringe
[0070.92] ScriptLog: WeaponPage: Player already owns  KFGameContent.KFWeap_Welder
[0070.92] ScriptLog: WeaponPage: Added  MG3 Shredder  to sale list with price  2000
[0070.92] ScriptLog: WeaponPage: Added  M14-EBR Assault Rifle  to sale list with price  1700
[0070.92] ScriptLog: UpdateStatsDisplay: LocalPC is None
[0071.38] ScriptLog: (ExtMoviePlayer_Manager_0) KFGfxMoviePlayer_Manager::None:CloseMenus PartyWidget:'ExtWidget_PartyInGame_0' bAfterLobby:'True' bForceClose:'False'
[0071.38] ScriptLog: (ExtMoviePlayer_Manager_0) KFGfxMoviePlayer_Manager::None:CloseMenus PartyWidget:'ExtWidget_PartyInGame_0' bAfterLobby:'True' bForceClose:'False'
[0071.38] ScriptLog: Failed to play dialog id 3. There is already another audio cue going and we can't interrupt.
[0071.38] ScriptLog: CGM_SpawnManager.GetSpawnList(): NextWaveIndex =  0  Interval =  5  PlayerCount =  1
[0071.38] ScriptLog: RegularWaves.GetWaveCount() WaveCount =  2
[0071.38] ScriptLog: CGM_SpawnManager.GetSpawnList() - Regular Wave
[0071.38] ScriptLog: CGM_Waves.GetSpawnList() - Getting spawns for Wave: 0  PlayerNum: 1
[0071.38] ScriptLog: CGM_Waves.GetSpawnList() - WaveNumScale: 1.0000  PlayerNumScale: 1.0000  CurrentScale: 1.0000
[0071.38] ScriptLog: CGM_SpawnManager.SetTotalAi() - Total AI for this wave:  1
[0071.38] ScriptLog: CGM_SpawnManager.SetupNextWave() - WaveTotalAI = 1
[0071.38] ScriptLog: WaveNum= 1
[0071.38] ScriptLog: GetStateName() == 'PlayingWave'= True
[0071.38] ScriptLog: MyKFGRI.bTraderIsOpen= False
[0071.38] ScriptLog: MyKFGRI.AIRemaining= 1
[0071.38] ScriptLog: MyKFGRI.WaveTotalAICount= 1
[0071.54] ScriptLog: Ext_WeaponProperties.SetMaxLvs: Using replicated ECurrentPerkPrestige= 20
[0071.54] ScriptLog: Ext_WeaponProperties.SetMaxLvs: MaxDmgLv= 20  MaxAoELv= 20  MaxDotLv= 20  MaxFireRateLv= 20  MaxPenetrationLv= 20  MaxMagazineLv= 20  MaxSpareLv= 20
[0071.54] ScriptLog: Ext_WeaponProperties.SetMaxLvs: Using replicated ECurrentPerkPrestige= 20
[0071.54] ScriptLog: Ext_WeaponProperties.SetMaxLvs: MaxDmgLv= 20  MaxAoELv= 20  MaxDotLv= 20  MaxFireRateLv= 20  MaxPenetrationLv= 20  MaxMagazineLv= 20  MaxSpareLv= 20
[0071.54] ScriptLog: Ext_WeaponProperties.SetMaxLvs: Using replicated ECurrentPerkPrestige= 20
[0071.54] ScriptLog: Ext_WeaponProperties.SetMaxLvs: MaxDmgLv= 20  MaxAoELv= 20  MaxDotLv= 20  MaxFireRateLv= 20  MaxPenetrationLv= 20  MaxMagazineLv= 20  MaxSpareLv= 20
[0071.54] ScriptLog: Ext_WeaponProperties.SetMaxLvs: Using replicated ECurrentPerkPrestige= 20
[0071.54] ScriptLog: Ext_WeaponProperties.SetMaxLvs: MaxDmgLv= 20  MaxAoELv= 20  MaxDotLv= 20  MaxFireRateLv= 20  MaxPenetrationLv= 20  MaxMagazineLv= 20  MaxSpareLv= 20
[0071.54] ScriptWarning: Accessed null class context 'WeaponDef'
        UIP_WeaponPage Transient.UI_FinanceMenu_0:UIP_WeaponPage_0
        Function doshext.UIP_WeaponPage:Timer:033D
[0071.54] ScriptWarning: Accessed null class context 'WeaponDef'
        UIP_WeaponPage Transient.UI_FinanceMenu_0:UIP_WeaponPage_0
        Function doshext.UIP_WeaponPage:Timer:033D
[0071.54] ScriptLog: WeaponPage: Added  Minigun  to sale list with price  2000
[0071.54] ScriptLog: WeaponPage: Added  FAMAS Masterkey  to sale list with price  1000
[0071.54] ScriptWarning: Accessed array 'Default__KFWeap_AutoTurret.WeaponProjectiles' out of bounds (0/0)
        KFWeap_AutoTurret kfgamecontent.Default__KFWeap_AutoTurret
        Function KFGame.KFWeap_ThrownBase:CalculateTraderWeaponStatDamage:001E
[0071.54] ScriptWarning: Accessed null class context 'ProjClass'
        KFWeap_AutoTurret kfgamecontent.Default__KFWeap_AutoTurret
        Function KFGame.KFWeap_ThrownBase:CalculateTraderWeaponStatDamage:002C
[0071.54] ScriptWarning: Accessed null class context 'ProjClass'
        KFWeap_AutoTurret kfgamecontent.Default__KFWeap_AutoTurret
        Function KFGame.KFWeap_ThrownBase:CalculateTraderWeaponStatDamage:00DC
[0071.54] ScriptWarning: Accessed null class context 'ProjClass'
        KFWeap_AutoTurret kfgamecontent.Default__KFWeap_AutoTurret
        Function KFGame.KFWeap_ThrownBase:CalculateTraderWeaponStatDamage:010D
[0071.54] ScriptLog: WeaponPage: Added  Sentinel  to sale list with price  500
[0071.54] ScriptLog: WeaponPage: Added  AR-15 Varmint Rifle  to sale list with price  200
[0071.54] ScriptLog: WeaponPage: Added  SA80 L85A2 Bullpup  to sale list with price  650
[0071.54] ScriptLog: WeaponPage: Added  Kalashnikov AK-12  to sale list with price  1100
[0071.54] ScriptLog: WeaponPage: Added  MKb.42(H) Carbine Rifle  to sale list with price  1100
[0071.54] ScriptLog: WeaponPage: Added  SCAR-H Assault Rifle  to sale list with price  1500
[0071.54] ScriptLog: WeaponPage: Added  Stoner 63A LMG  to sale list with price  1500
[0071.54] ScriptLog: WeaponPage: Added  HMTech-401 Assault Rifle  to sale list with price  1500
[0071.54] ScriptLog: WeaponPage: Added  HMTech-501 Grenade Rifle  to sale list with price  2000
[0071.54] ScriptLog: WeaponPage: Added  M16 M203 Assault Rifle  to sale list with price  1200
[0071.54] ScriptLog: WeaponPage: Added  FN FAL ACOG  to sale list with price  1500
[0071.54] ScriptLog: WeaponPage: Added  Tommy Gun  to sale list with price  650
[0071.54] ScriptLog: WeaponPage: Player already owns  KFGameContent.KFWeap_Healer_Syringe
[0071.54] ScriptLog: WeaponPage: Player already owns  KFGameContent.KFWeap_Welder
[0071.54] ScriptLog: WeaponPage: Added  MG3 Shredder  to sale list with price  2000
[0071.54] ScriptLog: WeaponPage: Added  M14-EBR Assault Rifle  to sale list with price  1700
[0071.54] ScriptLog: UpdateStatsDisplay: LocalPC is None
[0072.38] ScriptLog: CGM_SpawnManager.Update() - Spawning  1   CGM_DummyScrake
[0072.38] ScriptLog: CGM_DummyScrake: health= 0
[0072.38] ScriptLog: CGM_Survival.SetMonsterDefaults() - Using custom difficulty scaling
[0072.38] ScriptLog: CGM_Survival.SetMonsterDefaults() Before - P.Health:  0  P.GroundSpeed:  0.0000  P.SprintSpeed:  0.0000  P.DifficultyDamageMod:  1.0000
[0072.38] ScriptLog: CGM_Survival.SetMonsterDefaults() After - P.Health:  0  P.GroundSpeed:  0.0000  P.SprintSpeed:  0.0000  P.DifficultyDamageMod:  2.0500
[0073.49] ScriptLog: UpdateStatsDisplay: LocalPC is None
[0073.54] ScriptLog: Ext_WeaponProperties.SetMaxLvs: Using replicated ECurrentPerkPrestige= 20
[0073.54] ScriptLog: Ext_WeaponProperties.SetMaxLvs: MaxDmgLv= 20  MaxAoELv= 20  MaxDotLv= 20  MaxFireRateLv= 20  MaxPenetrationLv= 20  MaxMagazineLv= 20  MaxSpareLv= 20
[0073.54] ScriptLog: Ext_WeaponProperties.SetMaxLvs: Using replicated ECurrentPerkPrestige= 20
[0073.54] ScriptLog: Ext_WeaponProperties.SetMaxLvs: MaxDmgLv= 20  MaxAoELv= 20  MaxDotLv= 20  MaxFireRateLv= 20  MaxPenetrationLv= 20  MaxMagazineLv= 20  MaxSpareLv= 20
[0073.54] ScriptLog: Ext_WeaponProperties.SetMaxLvs: Using replicated ECurrentPerkPrestige= 20
[0073.54] ScriptLog: Ext_WeaponProperties.SetMaxLvs: MaxDmgLv= 20  MaxAoELv= 20  MaxDotLv= 20  MaxFireRateLv= 20  MaxPenetrationLv= 20  MaxMagazineLv= 20  MaxSpareLv= 20
[0073.54] ScriptLog: Ext_WeaponProperties.SetMaxLvs: Using replicated ECurrentPerkPrestige= 20
[0073.54] ScriptLog: Ext_WeaponProperties.SetMaxLvs: MaxDmgLv= 20  MaxAoELv= 20  MaxDotLv= 20  MaxFireRateLv= 20  MaxPenetrationLv= 20  MaxMagazineLv= 20  MaxSpareLv= 20
[0073.54] ScriptWarning: Accessed null class context 'WeaponDef'
        UIP_WeaponPage Transient.UI_FinanceMenu_0:UIP_WeaponPage_0
        Function doshext.UIP_WeaponPage:Timer:033D
[0073.54] ScriptWarning: Accessed null class context 'WeaponDef'
        UIP_WeaponPage Transient.UI_FinanceMenu_0:UIP_WeaponPage_0
        Function doshext.UIP_WeaponPage:Timer:033D
[0073.54] ScriptLog: WeaponPage: Added  Minigun  to sale list with price  2000
[0073.54] ScriptLog: WeaponPage: Added  FAMAS Masterkey  to sale list with price  1000
[0073.54] ScriptWarning: Accessed array 'Default__KFWeap_AutoTurret.WeaponProjectiles' out of bounds (0/0)
        KFWeap_AutoTurret kfgamecontent.Default__KFWeap_AutoTurret
        Function KFGame.KFWeap_ThrownBase:CalculateTraderWeaponStatDamage:001E
[0073.54] ScriptWarning: Accessed null class context 'ProjClass'
        KFWeap_AutoTurret kfgamecontent.Default__KFWeap_AutoTurret
        Function KFGame.KFWeap_ThrownBase:CalculateTraderWeaponStatDamage:002C
[0073.54] ScriptWarning: Accessed null class context 'ProjClass'
        KFWeap_AutoTurret kfgamecontent.Default__KFWeap_AutoTurret
        Function KFGame.KFWeap_ThrownBase:CalculateTraderWeaponStatDamage:00DC
[0073.54] ScriptWarning: Accessed null class context 'ProjClass'
        KFWeap_AutoTurret kfgamecontent.Default__KFWeap_AutoTurret
        Function KFGame.KFWeap_ThrownBase:CalculateTraderWeaponStatDamage:010D
[0073.54] ScriptLog: WeaponPage: Added  Sentinel  to sale list with price  500
[0073.54] ScriptLog: WeaponPage: Added  AR-15 Varmint Rifle  to sale list with price  200
[0073.54] ScriptLog: WeaponPage: Added  SA80 L85A2 Bullpup  to sale list with price  650
[0073.54] ScriptLog: WeaponPage: Added  Kalashnikov AK-12  to sale list with price  1100
[0073.54] ScriptLog: WeaponPage: Added  MKb.42(H) Carbine Rifle  to sale list with price  1100
[0073.54] ScriptLog: WeaponPage: Added  SCAR-H Assault Rifle  to sale list with price  1500
[0073.54] ScriptLog: WeaponPage: Added  Stoner 63A LMG  to sale list with price  1500
[0073.54] ScriptLog: WeaponPage: Added  HMTech-401 Assault Rifle  to sale list with price  1500
[0073.54] ScriptLog: WeaponPage: Added  HMTech-501 Grenade Rifle  to sale list with price  2000
[0073.54] ScriptLog: WeaponPage: Added  M16 M203 Assault Rifle  to sale list with price  1200
[0073.54] ScriptLog: WeaponPage: Added  FN FAL ACOG  to sale list with price  1500
[0073.54] ScriptLog: WeaponPage: Added  Tommy Gun  to sale list with price  650
[0073.54] ScriptLog: WeaponPage: Player already owns  KFGameContent.KFWeap_Healer_Syringe
[0073.54] ScriptLog: WeaponPage: Player already owns  KFGameContent.KFWeap_Welder
[0073.54] ScriptLog: WeaponPage: Added  MG3 Shredder  to sale list with price  2000
[0073.54] ScriptLog: WeaponPage: Added  M14-EBR Assault Rifle  to sale list with price  1700
[0073.54] ScriptLog: UpdateStatsDisplay: LocalPC is None
[0074.59] ScriptLog: Purchase weapon:  KFWeap_AssaultRifle_M14EBR  for  1700
[0074.59] ScriptLog: Ext_WeaponProperties.SetMaxLvs: Using replicated ECurrentPerkPrestige= 20
[0074.59] ScriptLog: Ext_WeaponProperties.SetMaxLvs: MaxDmgLv= 20  MaxAoELv= 20  MaxDotLv= 20  MaxFireRateLv= 20  MaxPenetrationLv= 20  MaxMagazineLv= 20  MaxSpareLv= 20
[0074.59] ScriptLog: Ext_WeaponProperties.SetMaxLvs: Using replicated ECurrentPerkPrestige= 20
[0074.59] ScriptLog: Ext_WeaponProperties.SetMaxLvs: MaxDmgLv= 20  MaxAoELv= 20  MaxDotLv= 20  MaxFireRateLv= 20  MaxPenetrationLv= 20  MaxMagazineLv= 20  MaxSpareLv= 20
[0074.59] ScriptLog: Ext_WeaponProperties.SetMaxLvs: Using replicated ECurrentPerkPrestige= 20
[0074.59] ScriptLog: Ext_WeaponProperties.SetMaxLvs: MaxDmgLv= 20  MaxAoELv= 20  MaxDotLv= 20  MaxFireRateLv= 20  MaxPenetrationLv= 20  MaxMagazineLv= 20  MaxSpareLv= 20
[0074.59] ScriptLog: Ext_WeaponProperties.SetMaxLvs: Using replicated ECurrentPerkPrestige= 20
[0074.59] ScriptLog: Ext_WeaponProperties.SetMaxLvs: MaxDmgLv= 20  MaxAoELv= 20  MaxDotLv= 20  MaxFireRateLv= 20  MaxPenetrationLv= 20  MaxMagazineLv= 20  MaxSpareLv= 20
[0074.59] ScriptLog: ExtPlayerController.CreateWeapProp: SetMaxLvs called for  KFWeap_AssaultRifle_M14EBR
[0074.59] ScriptLog: ApplyModifiers: modded stats: Dmg= 90.0000  FireRate= 0.0800  Penetration= 2.0000  Magazine= 150  MaxAmmo= 1332
[0074.59] ScriptLog: ExtPlayerController.CreateWeapProp: Created new weapon properties for  KFWeap_AssaultRifle_M14EBR  MaxDmgLv= 20
[0074.63] ScriptLog: Ext_WeaponProperties.SetMaxLvs: Using replicated ECurrentPerkPrestige= 20
[0074.63] ScriptLog: Ext_WeaponProperties.SetMaxLvs: MaxDmgLv= 20  MaxAoELv= 20  MaxDotLv= 20  MaxFireRateLv= 20  MaxPenetrationLv= 20  MaxMagazineLv= 20  MaxSpareLv= 20
[0074.63] ScriptLog: Ext_WeaponProperties.SetMaxLvs: Using replicated ECurrentPerkPrestige= 20
[0074.63] ScriptLog: Ext_WeaponProperties.SetMaxLvs: MaxDmgLv= 20  MaxAoELv= 20  MaxDotLv= 20  MaxFireRateLv= 20  MaxPenetrationLv= 20  MaxMagazineLv= 20  MaxSpareLv= 20
[0074.63] ScriptLog: Ext_WeaponProperties.SetMaxLvs: Using replicated ECurrentPerkPrestige= 20
[0074.63] ScriptLog: Ext_WeaponProperties.SetMaxLvs: MaxDmgLv= 20  MaxAoELv= 20  MaxDotLv= 20  MaxFireRateLv= 20  MaxPenetrationLv= 20  MaxMagazineLv= 20  MaxSpareLv= 20
[0074.63] ScriptLog: Ext_WeaponProperties.SetMaxLvs: Using replicated ECurrentPerkPrestige= 20
[0074.63] ScriptLog: Ext_WeaponProperties.SetMaxLvs: MaxDmgLv= 20  MaxAoELv= 20  MaxDotLv= 20  MaxFireRateLv= 20  MaxPenetrationLv= 20  MaxMagazineLv= 20  MaxSpareLv= 20
[0074.63] ScriptLog: ExtPlayerController.CreateWeapProp: SetMaxLvs called for  KFWeap_AssaultRifle_M14EBR
[0074.63] ScriptLog: ApplyModifiers: modded stats: Dmg= 90.0000  FireRate= 0.0800  Penetration= 2.0000  Magazine= 150  MaxAmmo= 1332
[0074.63] ScriptLog: ExtPlayerController.ServerAddWeapon: Created weapon properties for  KFWeap_AssaultRifle_M14EBR  on server. InvProperties.Length= 5
[0074.63] ScriptLog: ExtPlayerController.ServerPurchaseWeapon: Success - Purchased  KFWeap_AssaultRifle_M14EBR  for  1700  dosh. Remaining:  998449.0000
[0074.63] ScriptLog: Ext_WeaponProperties.SetMaxLvs: Using replicated ECurrentPerkPrestige= 20
[0074.63] ScriptLog: Ext_WeaponProperties.SetMaxLvs: MaxDmgLv= 20  MaxAoELv= 20  MaxDotLv= 20  MaxFireRateLv= 20  MaxPenetrationLv= 20  MaxMagazineLv= 20  MaxSpareLv= 20
[0074.63] ScriptLog: Ext_WeaponProperties.SetMaxLvs: Using replicated ECurrentPerkPrestige= 20
[0074.63] ScriptLog: Ext_WeaponProperties.SetMaxLvs: MaxDmgLv= 20  MaxAoELv= 20  MaxDotLv= 20  MaxFireRateLv= 20  MaxPenetrationLv= 20  MaxMagazineLv= 20  MaxSpareLv= 20
[0074.63] ScriptLog: Ext_WeaponProperties.SetMaxLvs: Using replicated ECurrentPerkPrestige= 20
[0074.63] ScriptLog: Ext_WeaponProperties.SetMaxLvs: MaxDmgLv= 20  MaxAoELv= 20  MaxDotLv= 20  MaxFireRateLv= 20  MaxPenetrationLv= 20  MaxMagazineLv= 20  MaxSpareLv= 20
[0074.63] ScriptLog: Ext_WeaponProperties.SetMaxLvs: Using replicated ECurrentPerkPrestige= 20
[0074.63] ScriptLog: Ext_WeaponProperties.SetMaxLvs: MaxDmgLv= 20  MaxAoELv= 20  MaxDotLv= 20  MaxFireRateLv= 20  MaxPenetrationLv= 20  MaxMagazineLv= 20  MaxSpareLv= 20
[0074.63] ScriptWarning: Accessed null class context 'WeaponDef'
        UIP_WeaponPage Transient.UI_FinanceMenu_0:UIP_WeaponPage_0
        Function doshext.UIP_WeaponPage:Timer:033D
[0074.63] ScriptWarning: Accessed null class context 'WeaponDef'
        UIP_WeaponPage Transient.UI_FinanceMenu_0:UIP_WeaponPage_0
        Function doshext.UIP_WeaponPage:Timer:033D
[0074.63] ScriptLog: WeaponPage: Added  Minigun  to sale list with price  2000
[0074.63] ScriptLog: WeaponPage: Added  FAMAS Masterkey  to sale list with price  1000
[0074.63] ScriptWarning: Accessed array 'Default__KFWeap_AutoTurret.WeaponProjectiles' out of bounds (0/0)
        KFWeap_AutoTurret kfgamecontent.Default__KFWeap_AutoTurret
        Function KFGame.KFWeap_ThrownBase:CalculateTraderWeaponStatDamage:001E
[0074.63] ScriptWarning: Accessed null class context 'ProjClass'
        KFWeap_AutoTurret kfgamecontent.Default__KFWeap_AutoTurret
        Function KFGame.KFWeap_ThrownBase:CalculateTraderWeaponStatDamage:002C
[0074.63] ScriptWarning: Accessed null class context 'ProjClass'
        KFWeap_AutoTurret kfgamecontent.Default__KFWeap_AutoTurret
        Function KFGame.KFWeap_ThrownBase:CalculateTraderWeaponStatDamage:00DC
[0074.63] ScriptWarning: Accessed null class context 'ProjClass'
        KFWeap_AutoTurret kfgamecontent.Default__KFWeap_AutoTurret
        Function KFGame.KFWeap_ThrownBase:CalculateTraderWeaponStatDamage:010D
[0074.63] ScriptLog: WeaponPage: Added  Sentinel  to sale list with price  500
[0074.63] ScriptLog: WeaponPage: Added  AR-15 Varmint Rifle  to sale list with price  200
[0074.63] ScriptLog: WeaponPage: Added  SA80 L85A2 Bullpup  to sale list with price  650
[0074.63] ScriptLog: WeaponPage: Added  Kalashnikov AK-12  to sale list with price  1100
[0074.63] ScriptLog: WeaponPage: Added  MKb.42(H) Carbine Rifle  to sale list with price  1100
[0074.63] ScriptLog: WeaponPage: Added  SCAR-H Assault Rifle  to sale list with price  1500
[0074.63] ScriptLog: WeaponPage: Added  Stoner 63A LMG  to sale list with price  1500
[0074.63] ScriptLog: WeaponPage: Added  HMTech-401 Assault Rifle  to sale list with price  1500
[0074.63] ScriptLog: WeaponPage: Added  HMTech-501 Grenade Rifle  to sale list with price  2000
[0074.63] ScriptLog: WeaponPage: Added  M16 M203 Assault Rifle  to sale list with price  1200
[0074.63] ScriptLog: WeaponPage: Added  FN FAL ACOG  to sale list with price  1500
[0074.63] ScriptLog: WeaponPage: Added  Tommy Gun  to sale list with price  650
[0074.63] ScriptLog: WeaponPage: Player already owns  KFGameContent.KFWeap_Healer_Syringe
[0074.63] ScriptLog: WeaponPage: Player already owns  KFGameContent.KFWeap_Welder
[0074.63] ScriptLog: WeaponPage: Added  MG3 Shredder  to sale list with price  2000
[0074.63] ScriptLog: WeaponPage: Player already owns  WeaponPackExt.KFWeap_AssaultRifle_M14EBR
[0074.63] ScriptLog: UpdateStatsDisplay: LocalPC is None
[0075.56] ScriptLog: Ext_WeaponProperties.SetMaxLvs: Using replicated ECurrentPerkPrestige= 20
[0075.56] ScriptLog: Ext_WeaponProperties.SetMaxLvs: MaxDmgLv= 20  MaxAoELv= 20  MaxDotLv= 20  MaxFireRateLv= 20  MaxPenetrationLv= 20  MaxMagazineLv= 20  MaxSpareLv= 20
[0075.56] ScriptLog: Ext_WeaponProperties.SetMaxLvs: Using replicated ECurrentPerkPrestige= 20
[0075.56] ScriptLog: Ext_WeaponProperties.SetMaxLvs: MaxDmgLv= 20  MaxAoELv= 20  MaxDotLv= 20  MaxFireRateLv= 20  MaxPenetrationLv= 20  MaxMagazineLv= 20  MaxSpareLv= 20
[0075.56] ScriptLog: Ext_WeaponProperties.SetMaxLvs: Using replicated ECurrentPerkPrestige= 20
[0075.56] ScriptLog: Ext_WeaponProperties.SetMaxLvs: MaxDmgLv= 20  MaxAoELv= 20  MaxDotLv= 20  MaxFireRateLv= 20  MaxPenetrationLv= 20  MaxMagazineLv= 20  MaxSpareLv= 20
[0075.56] ScriptLog: Ext_WeaponProperties.SetMaxLvs: Using replicated ECurrentPerkPrestige= 20
[0075.56] ScriptLog: Ext_WeaponProperties.SetMaxLvs: MaxDmgLv= 20  MaxAoELv= 20  MaxDotLv= 20  MaxFireRateLv= 20  MaxPenetrationLv= 20  MaxMagazineLv= 20  MaxSpareLv= 20
[0075.56] ScriptWarning: Accessed null class context 'WeaponDef'
        UIP_WeaponPage Transient.UI_FinanceMenu_0:UIP_WeaponPage_0
        Function doshext.UIP_WeaponPage:Timer:033D
[0075.56] ScriptWarning: Accessed null class context 'WeaponDef'
        UIP_WeaponPage Transient.UI_FinanceMenu_0:UIP_WeaponPage_0
        Function doshext.UIP_WeaponPage:Timer:033D
[0075.56] ScriptLog: WeaponPage: Added  Minigun  to sale list with price  2000
[0075.56] ScriptLog: WeaponPage: Added  FAMAS Masterkey  to sale list with price  1000
[0075.56] ScriptWarning: Accessed array 'Default__KFWeap_AutoTurret.WeaponProjectiles' out of bounds (0/0)
        KFWeap_AutoTurret kfgamecontent.Default__KFWeap_AutoTurret
        Function KFGame.KFWeap_ThrownBase:CalculateTraderWeaponStatDamage:001E
[0075.56] ScriptWarning: Accessed null class context 'ProjClass'
        KFWeap_AutoTurret kfgamecontent.Default__KFWeap_AutoTurret
        Function KFGame.KFWeap_ThrownBase:CalculateTraderWeaponStatDamage:002C
[0075.56] ScriptWarning: Accessed null class context 'ProjClass'
        KFWeap_AutoTurret kfgamecontent.Default__KFWeap_AutoTurret
        Function KFGame.KFWeap_ThrownBase:CalculateTraderWeaponStatDamage:00DC
[0075.56] ScriptWarning: Accessed null class context 'ProjClass'
        KFWeap_AutoTurret kfgamecontent.Default__KFWeap_AutoTurret
        Function KFGame.KFWeap_ThrownBase:CalculateTraderWeaponStatDamage:010D
[0075.56] ScriptLog: WeaponPage: Added  Sentinel  to sale list with price  500
[0075.56] ScriptLog: WeaponPage: Added  AR-15 Varmint Rifle  to sale list with price  200
[0075.56] ScriptLog: WeaponPage: Added  SA80 L85A2 Bullpup  to sale list with price  650
[0075.56] ScriptLog: WeaponPage: Added  Kalashnikov AK-12  to sale list with price  1100
[0075.56] ScriptLog: WeaponPage: Added  MKb.42(H) Carbine Rifle  to sale list with price  1100
[0075.56] ScriptLog: WeaponPage: Added  SCAR-H Assault Rifle  to sale list with price  1500
[0075.56] ScriptLog: WeaponPage: Added  Stoner 63A LMG  to sale list with price  1500
[0075.56] ScriptLog: WeaponPage: Added  HMTech-401 Assault Rifle  to sale list with price  1500
[0075.56] ScriptLog: WeaponPage: Added  HMTech-501 Grenade Rifle  to sale list with price  2000
[0075.56] ScriptLog: WeaponPage: Added  M16 M203 Assault Rifle  to sale list with price  1200
[0075.56] ScriptLog: WeaponPage: Added  FN FAL ACOG  to sale list with price  1500
[0075.56] ScriptLog: WeaponPage: Added  Tommy Gun  to sale list with price  650
[0075.56] ScriptLog: WeaponPage: Player already owns  KFGameContent.KFWeap_Healer_Syringe
[0075.56] ScriptLog: WeaponPage: Player already owns  KFGameContent.KFWeap_Welder
[0075.56] ScriptLog: WeaponPage: Added  MG3 Shredder  to sale list with price  2000
[0075.56] ScriptLog: WeaponPage: Player already owns  WeaponPackExt.KFWeap_AssaultRifle_M14EBR
[0075.56] ScriptLog: UpdateStatsDisplay: LocalPC is None
[0075.56] ScriptLog: Ext_T_ArmorRegHelp.Timer() RegCount= 25 , PawnOwner.ArmorInt= 0
[0075.62] ScriptLog: UpdateStatsDisplay: Dosh= 998449  SelectedInventoryIdx= 4  WPP= Ext_WeaponProperties_134
[0075.62] ScriptLog: Ext_WeaponProperties.CanAddDamage: ExtPRI= ExtPlayerReplicationInfo_0  DamageLv= 0  MaxDmgLv= 20  Score= 998449  NextDmgCost= 170  Result= True
[0075.62] ScriptLog: Ext_WeaponProperties.CanAddDamage: ExtPRI= ExtPlayerReplicationInfo_0  DamageLv= 0  MaxDmgLv= 20  Score= 998449  NextDmgCost= 170  Result= True
[0075.62] ScriptLog: UpdateStatsDisplay: DmgUpgradeBtn disabled= False  bIsInventorySelected= True  WPP= Ext_WeaponProperties_134  CanAddDamage= True
[0076.69] ScriptLog: UIP_WeaponPage.OnUpgradeDamage: EXTPC= ExtPlayerController_0
[0076.69] ScriptLog: ExtPlayerController.ServerUpgradeWeaponDamage: PropIdx= 4  InvProperties.Length= 5
[0076.69] ScriptLog: ExtPlayerController.ServerUpgradeWeaponDamage: Calling AddDamage on InvProperties[ 4 ]
[0076.69] ScriptLog: Ext_WeaponProperties.CanAddDamage: ExtPRI= ExtPlayerReplicationInfo_0  DamageLv= 0  MaxDmgLv= 20  Score= 998449  NextDmgCost= 170  Result= True
[0076.69] ScriptLog: ApplyModifiers: modded stats: Dmg= 99.0000  FireRate= 0.0800  Penetration= 2.0000  Magazine= 150  MaxAmmo= 1332
[0076.69] ScriptLog: ApplyModifiers: modded stats: Dmg= 99.0000  FireRate= 0.0800  Penetration= 2.0000  Magazine= 150  MaxAmmo= 1332
[0076.69] ScriptLog: Ext_WeaponProperties.SetMaxLvs: Using replicated ECurrentPerkPrestige= 20
[0076.69] ScriptLog: Ext_WeaponProperties.SetMaxLvs: MaxDmgLv= 20  MaxAoELv= 20  MaxDotLv= 20  MaxFireRateLv= 20  MaxPenetrationLv= 20  MaxMagazineLv= 20  MaxSpareLv= 20
[0076.69] ScriptLog: Ext_WeaponProperties.SetMaxLvs: Using replicated ECurrentPerkPrestige= 20
[0076.69] ScriptLog: Ext_WeaponProperties.SetMaxLvs: MaxDmgLv= 20  MaxAoELv= 20  MaxDotLv= 20  MaxFireRateLv= 20  MaxPenetrationLv= 20  MaxMagazineLv= 20  MaxSpareLv= 20
[0076.69] ScriptLog: Ext_WeaponProperties.SetMaxLvs: Using replicated ECurrentPerkPrestige= 20
[0076.69] ScriptLog: Ext_WeaponProperties.SetMaxLvs: MaxDmgLv= 20  MaxAoELv= 20  MaxDotLv= 20  MaxFireRateLv= 20  MaxPenetrationLv= 20  MaxMagazineLv= 20  MaxSpareLv= 20
[0076.69] ScriptLog: Ext_WeaponProperties.SetMaxLvs: Using replicated ECurrentPerkPrestige= 20
[0076.69] ScriptLog: Ext_WeaponProperties.SetMaxLvs: MaxDmgLv= 20  MaxAoELv= 20  MaxDotLv= 20  MaxFireRateLv= 20  MaxPenetrationLv= 20  MaxMagazineLv= 20  MaxSpareLv= 20
[0076.69] ScriptWarning: Accessed null class context 'WeaponDef'
        UIP_WeaponPage Transient.UI_FinanceMenu_0:UIP_WeaponPage_0
        Function doshext.UIP_WeaponPage:Timer:033D
[0076.69] ScriptWarning: Accessed null class context 'WeaponDef'
        UIP_WeaponPage Transient.UI_FinanceMenu_0:UIP_WeaponPage_0
        Function doshext.UIP_WeaponPage:Timer:033D
[0076.69] ScriptLog: WeaponPage: Added  Minigun  to sale list with price  2000
[0076.69] ScriptLog: WeaponPage: Added  FAMAS Masterkey  to sale list with price  1000
[0076.69] ScriptWarning: Accessed array 'Default__KFWeap_AutoTurret.WeaponProjectiles' out of bounds (0/0)
        KFWeap_AutoTurret kfgamecontent.Default__KFWeap_AutoTurret
        Function KFGame.KFWeap_ThrownBase:CalculateTraderWeaponStatDamage:001E
[0076.69] ScriptWarning: Accessed null class context 'ProjClass'
        KFWeap_AutoTurret kfgamecontent.Default__KFWeap_AutoTurret
        Function KFGame.KFWeap_ThrownBase:CalculateTraderWeaponStatDamage:002C
[0076.69] ScriptWarning: Accessed null class context 'ProjClass'
        KFWeap_AutoTurret kfgamecontent.Default__KFWeap_AutoTurret
        Function KFGame.KFWeap_ThrownBase:CalculateTraderWeaponStatDamage:00DC
[0076.69] ScriptWarning: Accessed null class context 'ProjClass'
        KFWeap_AutoTurret kfgamecontent.Default__KFWeap_AutoTurret
        Function KFGame.KFWeap_ThrownBase:CalculateTraderWeaponStatDamage:010D
[0076.69] ScriptLog: WeaponPage: Added  Sentinel  to sale list with price  500
[0076.69] ScriptLog: WeaponPage: Added  AR-15 Varmint Rifle  to sale list with price  200
[0076.69] ScriptLog: WeaponPage: Added  SA80 L85A2 Bullpup  to sale list with price  650
[0076.69] ScriptLog: WeaponPage: Added  Kalashnikov AK-12  to sale list with price  1100
[0076.69] ScriptLog: WeaponPage: Added  MKb.42(H) Carbine Rifle  to sale list with price  1100
[0076.69] ScriptLog: WeaponPage: Added  SCAR-H Assault Rifle  to sale list with price  1500
[0076.69] ScriptLog: WeaponPage: Added  Stoner 63A LMG  to sale list with price  1500
[0076.69] ScriptLog: WeaponPage: Added  HMTech-401 Assault Rifle  to sale list with price  1500
[0076.69] ScriptLog: WeaponPage: Added  HMTech-501 Grenade Rifle  to sale list with price  2000
[0076.69] ScriptLog: WeaponPage: Added  M16 M203 Assault Rifle  to sale list with price  1200
[0076.69] ScriptLog: WeaponPage: Added  FN FAL ACOG  to sale list with price  1500
[0076.69] ScriptLog: WeaponPage: Added  Tommy Gun  to sale list with price  650
[0076.69] ScriptLog: WeaponPage: Player already owns  KFGameContent.KFWeap_Healer_Syringe
[0076.69] ScriptLog: WeaponPage: Player already owns  KFGameContent.KFWeap_Welder
[0076.69] ScriptLog: WeaponPage: Added  MG3 Shredder  to sale list with price  2000
[0076.69] ScriptLog: WeaponPage: Player already owns  WeaponPackExt.KFWeap_AssaultRifle_M14EBR
[0076.69] ScriptLog: UpdateStatsDisplay: Dosh= 998279  SelectedInventoryIdx= 4  WPP= Ext_WeaponProperties_134
[0076.69] ScriptLog: Ext_WeaponProperties.CanAddDamage: ExtPRI= ExtPlayerReplicationInfo_0  DamageLv= 1  MaxDmgLv= 20  Score= 998279  NextDmgCost= 340  Result= True
[0076.69] ScriptLog: Ext_WeaponProperties.CanAddDamage: ExtPRI= ExtPlayerReplicationInfo_0  DamageLv= 1  MaxDmgLv= 20  Score= 998279  NextDmgCost= 340  Result= True
[0076.69] ScriptLog: UpdateStatsDisplay: DmgUpgradeBtn disabled= False  bIsInventorySelected= True  WPP= Ext_WeaponProperties_134  CanAddDamage= True
[0076.69] ScriptLog: UpdateStatsDisplay: Dosh= 998279  SelectedInventoryIdx= 4  WPP= Ext_WeaponProperties_134
[0076.69] ScriptLog: Ext_WeaponProperties.CanAddDamage: ExtPRI= ExtPlayerReplicationInfo_0  DamageLv= 1  MaxDmgLv= 20  Score= 998279  NextDmgCost= 340  Result= True
[0076.69] ScriptLog: Ext_WeaponProperties.CanAddDamage: ExtPRI= ExtPlayerReplicationInfo_0  DamageLv= 1  MaxDmgLv= 20  Score= 998279  NextDmgCost= 340  Result= True
[0076.69] ScriptLog: UpdateStatsDisplay: DmgUpgradeBtn disabled= False  bIsInventorySelected= True  WPP= Ext_WeaponProperties_134  CanAddDamage= True
[0076.69] ScriptLog: ApplyModifiers: modded stats: Dmg= 25.0000  FireRate= 0.2000  Penetration= 0.0000  Magazine= 75  MaxAmmo= -3
[0076.69] ScriptLog: ApplyModifiers: modded stats: Dmg= 20.0000  FireRate= 0.2000  Penetration= 0.0000  Magazine= 100  MaxAmmo= 0
[0076.69] ScriptLog: ApplyModifiers: modded stats: Dmg= 0.0000  FireRate= 0.2000  Penetration= 0.0000  Magazine= 100  MaxAmmo= 0
[0076.69] ScriptLog: ApplyModifiers: modded stats: Dmg= 32.0000  FireRate= 1.0000  Penetration= 0.0000  Magazine= 0  MaxAmmo= 0
[0076.69] ScriptLog: ApplyModifiers: modded stats: Dmg= 99.0000  FireRate= 0.0800  Penetration= 2.0000  Magazine= 150  MaxAmmo= 1332
[0076.69] ScriptLog: Ext_WeaponProperties.SetMaxLvs: Using replicated ECurrentPerkPrestige= 20
[0076.69] ScriptLog: Ext_WeaponProperties.SetMaxLvs: MaxDmgLv= 20  MaxAoELv= 20  MaxDotLv= 20  MaxFireRateLv= 20  MaxPenetrationLv= 20  MaxMagazineLv= 20  MaxSpareLv= 20
[0076.69] ScriptLog: Ext_WeaponProperties.SetMaxLvs: Using replicated ECurrentPerkPrestige= 20
[0076.69] ScriptLog: Ext_WeaponProperties.SetMaxLvs: MaxDmgLv= 20  MaxAoELv= 20  MaxDotLv= 20  MaxFireRateLv= 20  MaxPenetrationLv= 20  MaxMagazineLv= 20  MaxSpareLv= 20
[0076.69] ScriptLog: Ext_WeaponProperties.SetMaxLvs: Using replicated ECurrentPerkPrestige= 20
[0076.69] ScriptLog: Ext_WeaponProperties.SetMaxLvs: MaxDmgLv= 20  MaxAoELv= 20  MaxDotLv= 20  MaxFireRateLv= 20  MaxPenetrationLv= 20  MaxMagazineLv= 20  MaxSpareLv= 20
[0076.69] ScriptLog: Ext_WeaponProperties.SetMaxLvs: Using replicated ECurrentPerkPrestige= 20
[0076.69] ScriptLog: Ext_WeaponProperties.SetMaxLvs: MaxDmgLv= 20  MaxAoELv= 20  MaxDotLv= 20  MaxFireRateLv= 20  MaxPenetrationLv= 20  MaxMagazineLv= 20  MaxSpareLv= 20
[0076.69] ScriptWarning: Accessed null class context 'WeaponDef'
        UIP_WeaponPage Transient.UI_FinanceMenu_0:UIP_WeaponPage_0
        Function doshext.UIP_WeaponPage:Timer:033D
[0076.69] ScriptWarning: Accessed null class context 'WeaponDef'
        UIP_WeaponPage Transient.UI_FinanceMenu_0:UIP_WeaponPage_0
        Function doshext.UIP_WeaponPage:Timer:033D
[0076.69] ScriptLog: WeaponPage: Added  Minigun  to sale list with price  2000
[0076.69] ScriptLog: WeaponPage: Added  FAMAS Masterkey  to sale list with price  1000
[0076.69] ScriptWarning: Accessed array 'Default__KFWeap_AutoTurret.WeaponProjectiles' out of bounds (0/0)
        KFWeap_AutoTurret kfgamecontent.Default__KFWeap_AutoTurret
        Function KFGame.KFWeap_ThrownBase:CalculateTraderWeaponStatDamage:001E
[0076.69] ScriptWarning: Accessed null class context 'ProjClass'
        KFWeap_AutoTurret kfgamecontent.Default__KFWeap_AutoTurret
        Function KFGame.KFWeap_ThrownBase:CalculateTraderWeaponStatDamage:002C
[0076.69] ScriptWarning: Accessed null class context 'ProjClass'
        KFWeap_AutoTurret kfgamecontent.Default__KFWeap_AutoTurret
        Function KFGame.KFWeap_ThrownBase:CalculateTraderWeaponStatDamage:00DC
[0076.69] ScriptWarning: Accessed null class context 'ProjClass'
        KFWeap_AutoTurret kfgamecontent.Default__KFWeap_AutoTurret
        Function KFGame.KFWeap_ThrownBase:CalculateTraderWeaponStatDamage:010D
[0076.69] ScriptLog: WeaponPage: Added  Sentinel  to sale list with price  500
[0076.69] ScriptLog: WeaponPage: Added  AR-15 Varmint Rifle  to sale list with price  200
[0076.69] ScriptLog: WeaponPage: Added  SA80 L85A2 Bullpup  to sale list with price  650
[0076.69] ScriptLog: WeaponPage: Added  Kalashnikov AK-12  to sale list with price  1100
[0076.69] ScriptLog: WeaponPage: Added  MKb.42(H) Carbine Rifle  to sale list with price  1100
[0076.69] ScriptLog: WeaponPage: Added  SCAR-H Assault Rifle  to sale list with price  1500
[0076.69] ScriptLog: WeaponPage: Added  Stoner 63A LMG  to sale list with price  1500
[0076.69] ScriptLog: WeaponPage: Added  HMTech-401 Assault Rifle  to sale list with price  1500
[0076.69] ScriptLog: WeaponPage: Added  HMTech-501 Grenade Rifle  to sale list with price  2000
[0076.69] ScriptLog: WeaponPage: Added  M16 M203 Assault Rifle  to sale list with price  1200
[0076.69] ScriptLog: WeaponPage: Added  FN FAL ACOG  to sale list with price  1500
[0076.69] ScriptLog: WeaponPage: Added  Tommy Gun  to sale list with price  650
[0076.69] ScriptLog: WeaponPage: Player already owns  KFGameContent.KFWeap_Healer_Syringe
[0076.69] ScriptLog: WeaponPage: Player already owns  KFGameContent.KFWeap_Welder
[0076.69] ScriptLog: WeaponPage: Added  MG3 Shredder  to sale list with price  2000
[0076.69] ScriptLog: WeaponPage: Player already owns  WeaponPackExt.KFWeap_AssaultRifle_M14EBR
[0076.69] ScriptLog: UpdateStatsDisplay: Dosh= 998279  SelectedInventoryIdx= 4  WPP= Ext_WeaponProperties_134
[0076.69] ScriptLog: Ext_WeaponProperties.CanAddDamage: ExtPRI= ExtPlayerReplicationInfo_0  DamageLv= 1  MaxDmgLv= 20  Score= 998279  NextDmgCost= 340  Result= True
[0076.69] ScriptLog: Ext_WeaponProperties.CanAddDamage: ExtPRI= ExtPlayerReplicationInfo_0  DamageLv= 1  MaxDmgLv= 20  Score= 998279  NextDmgCost= 340  Result= True
[0076.69] ScriptLog: UpdateStatsDisplay: DmgUpgradeBtn disabled= False  bIsInventorySelected= True  WPP= Ext_WeaponProperties_134  CanAddDamage= True
[0076.69] ScriptLog: UpdateStatsDisplay: Dosh= 998279  SelectedInventoryIdx= 4  WPP= Ext_WeaponProperties_134
[0076.69] ScriptLog: Ext_WeaponProperties.CanAddDamage: ExtPRI= ExtPlayerReplicationInfo_0  DamageLv= 1  MaxDmgLv= 20  Score= 998279  NextDmgCost= 340  Result= True
[0076.69] ScriptLog: Ext_WeaponProperties.CanAddDamage: ExtPRI= ExtPlayerReplicationInfo_0  DamageLv= 1  MaxDmgLv= 20  Score= 998279  NextDmgCost= 340  Result= True
[0076.69] ScriptLog: UpdateStatsDisplay: DmgUpgradeBtn disabled= False  bIsInventorySelected= True  WPP= Ext_WeaponProperties_134  CanAddDamage= True
[0076.69] ScriptLog: ExtPlayerController.ServerUpgradeWeaponDamage: Upgrade complete
[0076.91] ScriptLog: UIP_WeaponPage.OnUpgradeDamage: EXTPC= ExtPlayerController_0
[0076.91] ScriptLog: ExtPlayerController.ServerUpgradeWeaponDamage: PropIdx= 4  InvProperties.Length= 5
[0076.91] ScriptLog: ExtPlayerController.ServerUpgradeWeaponDamage: Calling AddDamage on InvProperties[ 4 ]
[0076.91] ScriptLog: Ext_WeaponProperties.CanAddDamage: ExtPRI= ExtPlayerReplicationInfo_0  DamageLv= 1  MaxDmgLv= 20  Score= 998279  NextDmgCost= 340  Result= True
[0076.91] ScriptLog: ApplyModifiers: modded stats: Dmg= 108.0000  FireRate= 0.0800  Penetration= 2.0000  Magazine= 150  MaxAmmo= 1332
[0076.91] ScriptLog: ApplyModifiers: modded stats: Dmg= 108.0000  FireRate= 0.0800  Penetration= 2.0000  Magazine= 150  MaxAmmo= 1332
[0076.91] ScriptLog: Ext_WeaponProperties.SetMaxLvs: Using replicated ECurrentPerkPrestige= 20
[0076.91] ScriptLog: Ext_WeaponProperties.SetMaxLvs: MaxDmgLv= 20  MaxAoELv= 20  MaxDotLv= 20  MaxFireRateLv= 20  MaxPenetrationLv= 20  MaxMagazineLv= 20  MaxSpareLv= 20
[0076.91] ScriptLog: Ext_WeaponProperties.SetMaxLvs: Using replicated ECurrentPerkPrestige= 20
[0076.91] ScriptLog: Ext_WeaponProperties.SetMaxLvs: MaxDmgLv= 20  MaxAoELv= 20  MaxDotLv= 20  MaxFireRateLv= 20  MaxPenetrationLv= 20  MaxMagazineLv= 20  MaxSpareLv= 20
[0076.91] ScriptLog: Ext_WeaponProperties.SetMaxLvs: Using replicated ECurrentPerkPrestige= 20
[0076.91] ScriptLog: Ext_WeaponProperties.SetMaxLvs: MaxDmgLv= 20  MaxAoELv= 20  MaxDotLv= 20  MaxFireRateLv= 20  MaxPenetrationLv= 20  MaxMagazineLv= 20  MaxSpareLv= 20
[0076.91] ScriptLog: Ext_WeaponProperties.SetMaxLvs: Using replicated ECurrentPerkPrestige= 20
[0076.91] ScriptLog: Ext_WeaponProperties.SetMaxLvs: MaxDmgLv= 20  MaxAoELv= 20  MaxDotLv= 20  MaxFireRateLv= 20  MaxPenetrationLv= 20  MaxMagazineLv= 20  MaxSpareLv= 20
[0076.91] ScriptWarning: Accessed null class context 'WeaponDef'
        UIP_WeaponPage Transient.UI_FinanceMenu_0:UIP_WeaponPage_0
        Function doshext.UIP_WeaponPage:Timer:033D
[0076.91] ScriptWarning: Accessed null class context 'WeaponDef'
        UIP_WeaponPage Transient.UI_FinanceMenu_0:UIP_WeaponPage_0
        Function doshext.UIP_WeaponPage:Timer:033D
[0076.91] ScriptLog: WeaponPage: Added  Minigun  to sale list with price  2000
[0076.91] ScriptLog: WeaponPage: Added  FAMAS Masterkey  to sale list with price  1000
[0076.91] ScriptWarning: Accessed array 'Default__KFWeap_AutoTurret.WeaponProjectiles' out of bounds (0/0)
        KFWeap_AutoTurret kfgamecontent.Default__KFWeap_AutoTurret
        Function KFGame.KFWeap_ThrownBase:CalculateTraderWeaponStatDamage:001E
[0076.91] ScriptWarning: Accessed null class context 'ProjClass'
        KFWeap_AutoTurret kfgamecontent.Default__KFWeap_AutoTurret
        Function KFGame.KFWeap_ThrownBase:CalculateTraderWeaponStatDamage:002C
[0076.91] ScriptWarning: Accessed null class context 'ProjClass'
        KFWeap_AutoTurret kfgamecontent.Default__KFWeap_AutoTurret
        Function KFGame.KFWeap_ThrownBase:CalculateTraderWeaponStatDamage:00DC
[0076.91] ScriptWarning: Accessed null class context 'ProjClass'
        KFWeap_AutoTurret kfgamecontent.Default__KFWeap_AutoTurret
        Function KFGame.KFWeap_ThrownBase:CalculateTraderWeaponStatDamage:010D
[0076.91] ScriptLog: WeaponPage: Added  Sentinel  to sale list with price  500
[0076.91] ScriptLog: WeaponPage: Added  AR-15 Varmint Rifle  to sale list with price  200
[0076.91] ScriptLog: WeaponPage: Added  SA80 L85A2 Bullpup  to sale list with price  650
[0076.91] ScriptLog: WeaponPage: Added  Kalashnikov AK-12  to sale list with price  1100
[0076.91] ScriptLog: WeaponPage: Added  MKb.42(H) Carbine Rifle  to sale list with price  1100
[0076.91] ScriptLog: WeaponPage: Added  SCAR-H Assault Rifle  to sale list with price  1500
[0076.91] ScriptLog: WeaponPage: Added  Stoner 63A LMG  to sale list with price  1500
[0076.91] ScriptLog: WeaponPage: Added  HMTech-401 Assault Rifle  to sale list with price  1500
[0076.91] ScriptLog: WeaponPage: Added  HMTech-501 Grenade Rifle  to sale list with price  2000
[0076.91] ScriptLog: WeaponPage: Added  M16 M203 Assault Rifle  to sale list with price  1200
[0076.91] ScriptLog: WeaponPage: Added  FN FAL ACOG  to sale list with price  1500
[0076.91] ScriptLog: WeaponPage: Added  Tommy Gun  to sale list with price  650
[0076.91] ScriptLog: WeaponPage: Player already owns  KFGameContent.KFWeap_Healer_Syringe
[0076.91] ScriptLog: WeaponPage: Player already owns  KFGameContent.KFWeap_Welder
[0076.91] ScriptLog: WeaponPage: Added  MG3 Shredder  to sale list with price  2000
[0076.91] ScriptLog: WeaponPage: Player already owns  WeaponPackExt.KFWeap_AssaultRifle_M14EBR
[0076.91] ScriptLog: UpdateStatsDisplay: Dosh= 997939  SelectedInventoryIdx= 4  WPP= Ext_WeaponProperties_134
[0076.91] ScriptLog: Ext_WeaponProperties.CanAddDamage: ExtPRI= ExtPlayerReplicationInfo_0  DamageLv= 2  MaxDmgLv= 20  Score= 997939  NextDmgCost= 510  Result= True
[0076.91] ScriptLog: Ext_WeaponProperties.CanAddDamage: ExtPRI= ExtPlayerReplicationInfo_0  DamageLv= 2  MaxDmgLv= 20  Score= 997939  NextDmgCost= 510  Result= True
[0076.91] ScriptLog: UpdateStatsDisplay: DmgUpgradeBtn disabled= False  bIsInventorySelected= True  WPP= Ext_WeaponProperties_134  CanAddDamage= True
[0076.91] ScriptLog: UpdateStatsDisplay: Dosh= 997939  SelectedInventoryIdx= 4  WPP= Ext_WeaponProperties_134
[0076.91] ScriptLog: Ext_WeaponProperties.CanAddDamage: ExtPRI= ExtPlayerReplicationInfo_0  DamageLv= 2  MaxDmgLv= 20  Score= 997939  NextDmgCost= 510  Result= True
[0076.91] ScriptLog: Ext_WeaponProperties.CanAddDamage: ExtPRI= ExtPlayerReplicationInfo_0  DamageLv= 2  MaxDmgLv= 20  Score= 997939  NextDmgCost= 510  Result= True
[0076.91] ScriptLog: UpdateStatsDisplay: DmgUpgradeBtn disabled= False  bIsInventorySelected= True  WPP= Ext_WeaponProperties_134  CanAddDamage= True
[0076.91] ScriptLog: ApplyModifiers: modded stats: Dmg= 25.0000  FireRate= 0.2000  Penetration= 0.0000  Magazine= 75  MaxAmmo= -3
[0076.91] ScriptLog: ApplyModifiers: modded stats: Dmg= 20.0000  FireRate= 0.2000  Penetration= 0.0000  Magazine= 100  MaxAmmo= 0
[0076.91] ScriptLog: ApplyModifiers: modded stats: Dmg= 0.0000  FireRate= 0.2000  Penetration= 0.0000  Magazine= 100  MaxAmmo= 0
[0076.91] ScriptLog: ApplyModifiers: modded stats: Dmg= 32.0000  FireRate= 1.0000  Penetration= 0.0000  Magazine= 0  MaxAmmo= 0
[0076.91] ScriptLog: ApplyModifiers: modded stats: Dmg= 108.0000  FireRate= 0.0800  Penetration= 2.0000  Magazine= 150  MaxAmmo= 1332
[0076.91] ScriptLog: Ext_WeaponProperties.SetMaxLvs: Using replicated ECurrentPerkPrestige= 20
[0076.91] ScriptLog: Ext_WeaponProperties.SetMaxLvs: MaxDmgLv= 20  MaxAoELv= 20  MaxDotLv= 20  MaxFireRateLv= 20  MaxPenetrationLv= 20  MaxMagazineLv= 20  MaxSpareLv= 20
[0076.91] ScriptLog: Ext_WeaponProperties.SetMaxLvs: Using replicated ECurrentPerkPrestige= 20
[0076.91] ScriptLog: Ext_WeaponProperties.SetMaxLvs: MaxDmgLv= 20  MaxAoELv= 20  MaxDotLv= 20  MaxFireRateLv= 20  MaxPenetrationLv= 20  MaxMagazineLv= 20  MaxSpareLv= 20
[0076.91] ScriptLog: Ext_WeaponProperties.SetMaxLvs: Using replicated ECurrentPerkPrestige= 20
[0076.91] ScriptLog: Ext_WeaponProperties.SetMaxLvs: MaxDmgLv= 20  MaxAoELv= 20  MaxDotLv= 20  MaxFireRateLv= 20  MaxPenetrationLv= 20  MaxMagazineLv= 20  MaxSpareLv= 20
[0076.91] ScriptLog: Ext_WeaponProperties.SetMaxLvs: Using replicated ECurrentPerkPrestige= 20
[0076.91] ScriptLog: Ext_WeaponProperties.SetMaxLvs: MaxDmgLv= 20  MaxAoELv= 20  MaxDotLv= 20  MaxFireRateLv= 20  MaxPenetrationLv= 20  MaxMagazineLv= 20  MaxSpareLv= 20
[0076.91] ScriptWarning: Accessed null class context 'WeaponDef'
        UIP_WeaponPage Transient.UI_FinanceMenu_0:UIP_WeaponPage_0
        Function doshext.UIP_WeaponPage:Timer:033D
[0076.91] ScriptWarning: Accessed null class context 'WeaponDef'
        UIP_WeaponPage Transient.UI_FinanceMenu_0:UIP_WeaponPage_0
        Function doshext.UIP_WeaponPage:Timer:033D
[0076.91] ScriptLog: WeaponPage: Added  Minigun  to sale list with price  2000
[0076.91] ScriptLog: WeaponPage: Added  FAMAS Masterkey  to sale list with price  1000
[0076.91] ScriptWarning: Accessed array 'Default__KFWeap_AutoTurret.WeaponProjectiles' out of bounds (0/0)
        KFWeap_AutoTurret kfgamecontent.Default__KFWeap_AutoTurret
        Function KFGame.KFWeap_ThrownBase:CalculateTraderWeaponStatDamage:001E
[0076.91] ScriptWarning: Accessed null class context 'ProjClass'
        KFWeap_AutoTurret kfgamecontent.Default__KFWeap_AutoTurret
        Function KFGame.KFWeap_ThrownBase:CalculateTraderWeaponStatDamage:002C
[0076.91] ScriptWarning: Accessed null class context 'ProjClass'
        KFWeap_AutoTurret kfgamecontent.Default__KFWeap_AutoTurret
        Function KFGame.KFWeap_ThrownBase:CalculateTraderWeaponStatDamage:00DC
[0076.91] ScriptWarning: Accessed null class context 'ProjClass'
        KFWeap_AutoTurret kfgamecontent.Default__KFWeap_AutoTurret
        Function KFGame.KFWeap_ThrownBase:CalculateTraderWeaponStatDamage:010D
[0076.91] ScriptLog: WeaponPage: Added  Sentinel  to sale list with price  500
[0076.91] ScriptLog: WeaponPage: Added  AR-15 Varmint Rifle  to sale list with price  200
[0076.91] ScriptLog: WeaponPage: Added  SA80 L85A2 Bullpup  to sale list with price  650
[0076.91] ScriptLog: WeaponPage: Added  Kalashnikov AK-12  to sale list with price  1100
[0076.91] ScriptLog: WeaponPage: Added  MKb.42(H) Carbine Rifle  to sale list with price  1100
[0076.91] ScriptLog: WeaponPage: Added  SCAR-H Assault Rifle  to sale list with price  1500
[0076.91] ScriptLog: WeaponPage: Added  Stoner 63A LMG  to sale list with price  1500
[0076.91] ScriptLog: WeaponPage: Added  HMTech-401 Assault Rifle  to sale list with price  1500
[0076.91] ScriptLog: WeaponPage: Added  HMTech-501 Grenade Rifle  to sale list with price  2000
[0076.91] ScriptLog: WeaponPage: Added  M16 M203 Assault Rifle  to sale list with price  1200
[0076.91] ScriptLog: WeaponPage: Added  FN FAL ACOG  to sale list with price  1500
[0076.91] ScriptLog: WeaponPage: Added  Tommy Gun  to sale list with price  650
[0076.91] ScriptLog: WeaponPage: Player already owns  KFGameContent.KFWeap_Healer_Syringe
[0076.91] ScriptLog: WeaponPage: Player already owns  KFGameContent.KFWeap_Welder
[0076.91] ScriptLog: WeaponPage: Added  MG3 Shredder  to sale list with price  2000
[0076.91] ScriptLog: WeaponPage: Player already owns  WeaponPackExt.KFWeap_AssaultRifle_M14EBR
[0076.91] ScriptLog: UpdateStatsDisplay: Dosh= 997939  SelectedInventoryIdx= 4  WPP= Ext_WeaponProperties_134
[0076.91] ScriptLog: Ext_WeaponProperties.CanAddDamage: ExtPRI= ExtPlayerReplicationInfo_0  DamageLv= 2  MaxDmgLv= 20  Score= 997939  NextDmgCost= 510  Result= True
[0076.91] ScriptLog: Ext_WeaponProperties.CanAddDamage: ExtPRI= ExtPlayerReplicationInfo_0  DamageLv= 2  MaxDmgLv= 20  Score= 997939  NextDmgCost= 510  Result= True
[0076.91] ScriptLog: UpdateStatsDisplay: DmgUpgradeBtn disabled= False  bIsInventorySelected= True  WPP= Ext_WeaponProperties_134  CanAddDamage= True
[0076.91] ScriptLog: UpdateStatsDisplay: Dosh= 997939  SelectedInventoryIdx= 4  WPP= Ext_WeaponProperties_134
[0076.92] ScriptLog: Ext_WeaponProperties.CanAddDamage: ExtPRI= ExtPlayerReplicationInfo_0  DamageLv= 2  MaxDmgLv= 20  Score= 997939  NextDmgCost= 510  Result= True
[0076.92] ScriptLog: Ext_WeaponProperties.CanAddDamage: ExtPRI= ExtPlayerReplicationInfo_0  DamageLv= 2  MaxDmgLv= 20  Score= 997939  NextDmgCost= 510  Result= True
[0076.92] ScriptLog: UpdateStatsDisplay: DmgUpgradeBtn disabled= False  bIsInventorySelected= True  WPP= Ext_WeaponProperties_134  CanAddDamage= True
[0076.92] ScriptLog: ExtPlayerController.ServerUpgradeWeaponDamage: Upgrade complete
[0077.12] ScriptLog: UIP_WeaponPage.OnUpgradeDamage: EXTPC= ExtPlayerController_0
[0077.12] ScriptLog: ExtPlayerController.ServerUpgradeWeaponDamage: PropIdx= 4  InvProperties.Length= 5
[0077.12] ScriptLog: ExtPlayerController.ServerUpgradeWeaponDamage: Calling AddDamage on InvProperties[ 4 ]
[0077.12] ScriptLog: Ext_WeaponProperties.CanAddDamage: ExtPRI= ExtPlayerReplicationInfo_0  DamageLv= 2  MaxDmgLv= 20  Score= 997939  NextDmgCost= 510  Result= True
[0077.12] ScriptLog: ApplyModifiers: modded stats: Dmg= 117.0000  FireRate= 0.0800  Penetration= 2.0000  Magazine= 150  MaxAmmo= 1332
[0077.12] ScriptLog: ApplyModifiers: modded stats: Dmg= 117.0000  FireRate= 0.0800  Penetration= 2.0000  Magazine= 150  MaxAmmo= 1332
[0077.12] ScriptLog: Ext_WeaponProperties.SetMaxLvs: Using replicated ECurrentPerkPrestige= 20
[0077.12] ScriptLog: Ext_WeaponProperties.SetMaxLvs: MaxDmgLv= 20  MaxAoELv= 20  MaxDotLv= 20  MaxFireRateLv= 20  MaxPenetrationLv= 20  MaxMagazineLv= 20  MaxSpareLv= 20
[0077.12] ScriptLog: Ext_WeaponProperties.SetMaxLvs: Using replicated ECurrentPerkPrestige= 20
[0077.12] ScriptLog: Ext_WeaponProperties.SetMaxLvs: MaxDmgLv= 20  MaxAoELv= 20  MaxDotLv= 20  MaxFireRateLv= 20  MaxPenetrationLv= 20  MaxMagazineLv= 20  MaxSpareLv= 20
[0077.12] ScriptLog: Ext_WeaponProperties.SetMaxLvs: Using replicated ECurrentPerkPrestige= 20
[0077.12] ScriptLog: Ext_WeaponProperties.SetMaxLvs: MaxDmgLv= 20  MaxAoELv= 20  MaxDotLv= 20  MaxFireRateLv= 20  MaxPenetrationLv= 20  MaxMagazineLv= 20  MaxSpareLv= 20
[0077.12] ScriptLog: Ext_WeaponProperties.SetMaxLvs: Using replicated ECurrentPerkPrestige= 20
[0077.12] ScriptLog: Ext_WeaponProperties.SetMaxLvs: MaxDmgLv= 20  MaxAoELv= 20  MaxDotLv= 20  MaxFireRateLv= 20  MaxPenetrationLv= 20  MaxMagazineLv= 20  MaxSpareLv= 20
[0077.12] ScriptWarning: Accessed null class context 'WeaponDef'
        UIP_WeaponPage Transient.UI_FinanceMenu_0:UIP_WeaponPage_0
        Function doshext.UIP_WeaponPage:Timer:033D
[0077.12] ScriptWarning: Accessed null class context 'WeaponDef'
        UIP_WeaponPage Transient.UI_FinanceMenu_0:UIP_WeaponPage_0
        Function doshext.UIP_WeaponPage:Timer:033D
[0077.12] ScriptLog: WeaponPage: Added  Minigun  to sale list with price  2000
[0077.12] ScriptLog: WeaponPage: Added  FAMAS Masterkey  to sale list with price  1000
[0077.12] ScriptWarning: Accessed array 'Default__KFWeap_AutoTurret.WeaponProjectiles' out of bounds (0/0)
        KFWeap_AutoTurret kfgamecontent.Default__KFWeap_AutoTurret
        Function KFGame.KFWeap_ThrownBase:CalculateTraderWeaponStatDamage:001E
[0077.12] ScriptWarning: Accessed null class context 'ProjClass'
        KFWeap_AutoTurret kfgamecontent.Default__KFWeap_AutoTurret
        Function KFGame.KFWeap_ThrownBase:CalculateTraderWeaponStatDamage:002C
[0077.12] ScriptWarning: Accessed null class context 'ProjClass'
        KFWeap_AutoTurret kfgamecontent.Default__KFWeap_AutoTurret
        Function KFGame.KFWeap_ThrownBase:CalculateTraderWeaponStatDamage:00DC
[0077.12] ScriptWarning: Accessed null class context 'ProjClass'
        KFWeap_AutoTurret kfgamecontent.Default__KFWeap_AutoTurret
        Function KFGame.KFWeap_ThrownBase:CalculateTraderWeaponStatDamage:010D
[0077.12] ScriptLog: WeaponPage: Added  Sentinel  to sale list with price  500
[0077.12] ScriptLog: WeaponPage: Added  AR-15 Varmint Rifle  to sale list with price  200
[0077.12] ScriptLog: WeaponPage: Added  SA80 L85A2 Bullpup  to sale list with price  650
[0077.12] ScriptLog: WeaponPage: Added  Kalashnikov AK-12  to sale list with price  1100
[0077.12] ScriptLog: WeaponPage: Added  MKb.42(H) Carbine Rifle  to sale list with price  1100
[0077.12] ScriptLog: WeaponPage: Added  SCAR-H Assault Rifle  to sale list with price  1500
[0077.12] ScriptLog: WeaponPage: Added  Stoner 63A LMG  to sale list with price  1500
[0077.12] ScriptLog: WeaponPage: Added  HMTech-401 Assault Rifle  to sale list with price  1500
[0077.12] ScriptLog: WeaponPage: Added  HMTech-501 Grenade Rifle  to sale list with price  2000
[0077.12] ScriptLog: WeaponPage: Added  M16 M203 Assault Rifle  to sale list with price  1200
[0077.12] ScriptLog: WeaponPage: Added  FN FAL ACOG  to sale list with price  1500
[0077.12] ScriptLog: WeaponPage: Added  Tommy Gun  to sale list with price  650
[0077.12] ScriptLog: WeaponPage: Player already owns  KFGameContent.KFWeap_Healer_Syringe
[0077.12] ScriptLog: WeaponPage: Player already owns  KFGameContent.KFWeap_Welder
[0077.12] ScriptLog: WeaponPage: Added  MG3 Shredder  to sale list with price  2000
[0077.12] ScriptLog: WeaponPage: Player already owns  WeaponPackExt.KFWeap_AssaultRifle_M14EBR
[0077.12] ScriptLog: UpdateStatsDisplay: Dosh= 997429  SelectedInventoryIdx= 4  WPP= Ext_WeaponProperties_134
[0077.12] ScriptLog: Ext_WeaponProperties.CanAddDamage: ExtPRI= ExtPlayerReplicationInfo_0  DamageLv= 3  MaxDmgLv= 20  Score= 997429  NextDmgCost= 680  Result= True
[0077.12] ScriptLog: Ext_WeaponProperties.CanAddDamage: ExtPRI= ExtPlayerReplicationInfo_0  DamageLv= 3  MaxDmgLv= 20  Score= 997429  NextDmgCost= 680  Result= True
[0077.12] ScriptLog: UpdateStatsDisplay: DmgUpgradeBtn disabled= False  bIsInventorySelected= True  WPP= Ext_WeaponProperties_134  CanAddDamage= True
[0077.12] ScriptLog: UpdateStatsDisplay: Dosh= 997429  SelectedInventoryIdx= 4  WPP= Ext_WeaponProperties_134
[0077.12] ScriptLog: Ext_WeaponProperties.CanAddDamage: ExtPRI= ExtPlayerReplicationInfo_0  DamageLv= 3  MaxDmgLv= 20  Score= 997429  NextDmgCost= 680  Result= True
[0077.12] ScriptLog: Ext_WeaponProperties.CanAddDamage: ExtPRI= ExtPlayerReplicationInfo_0  DamageLv= 3  MaxDmgLv= 20  Score= 997429  NextDmgCost= 680  Result= True
[0077.12] ScriptLog: UpdateStatsDisplay: DmgUpgradeBtn disabled= False  bIsInventorySelected= True  WPP= Ext_WeaponProperties_134  CanAddDamage= True
[0077.12] ScriptLog: ApplyModifiers: modded stats: Dmg= 25.0000  FireRate= 0.2000  Penetration= 0.0000  Magazine= 75  MaxAmmo= -3
[0077.12] ScriptLog: ApplyModifiers: modded stats: Dmg= 20.0000  FireRate= 0.2000  Penetration= 0.0000  Magazine= 100  MaxAmmo= 0
[0077.12] ScriptLog: ApplyModifiers: modded stats: Dmg= 0.0000  FireRate= 0.2000  Penetration= 0.0000  Magazine= 100  MaxAmmo= 0
[0077.12] ScriptLog: ApplyModifiers: modded stats: Dmg= 32.0000  FireRate= 1.0000  Penetration= 0.0000  Magazine= 0  MaxAmmo= 0
[0077.12] ScriptLog: ApplyModifiers: modded stats: Dmg= 117.0000  FireRate= 0.0800  Penetration= 2.0000  Magazine= 150  MaxAmmo= 1332
[0077.12] ScriptLog: Ext_WeaponProperties.SetMaxLvs: Using replicated ECurrentPerkPrestige= 20
[0077.12] ScriptLog: Ext_WeaponProperties.SetMaxLvs: MaxDmgLv= 20  MaxAoELv= 20  MaxDotLv= 20  MaxFireRateLv= 20  MaxPenetrationLv= 20  MaxMagazineLv= 20  MaxSpareLv= 20
[0077.12] ScriptLog: Ext_WeaponProperties.SetMaxLvs: Using replicated ECurrentPerkPrestige= 20
[0077.12] ScriptLog: Ext_WeaponProperties.SetMaxLvs: MaxDmgLv= 20  MaxAoELv= 20  MaxDotLv= 20  MaxFireRateLv= 20  MaxPenetrationLv= 20  MaxMagazineLv= 20  MaxSpareLv= 20
[0077.12] ScriptLog: Ext_WeaponProperties.SetMaxLvs: Using replicated ECurrentPerkPrestige= 20
[0077.12] ScriptLog: Ext_WeaponProperties.SetMaxLvs: MaxDmgLv= 20  MaxAoELv= 20  MaxDotLv= 20  MaxFireRateLv= 20  MaxPenetrationLv= 20  MaxMagazineLv= 20  MaxSpareLv= 20
[0077.12] ScriptLog: Ext_WeaponProperties.SetMaxLvs: Using replicated ECurrentPerkPrestige= 20
[0077.12] ScriptLog: Ext_WeaponProperties.SetMaxLvs: MaxDmgLv= 20  MaxAoELv= 20  MaxDotLv= 20  MaxFireRateLv= 20  MaxPenetrationLv= 20  MaxMagazineLv= 20  MaxSpareLv= 20
[0077.12] ScriptWarning: Accessed null class context 'WeaponDef'
        UIP_WeaponPage Transient.UI_FinanceMenu_0:UIP_WeaponPage_0
        Function doshext.UIP_WeaponPage:Timer:033D
[0077.12] ScriptWarning: Accessed null class context 'WeaponDef'
        UIP_WeaponPage Transient.UI_FinanceMenu_0:UIP_WeaponPage_0
        Function doshext.UIP_WeaponPage:Timer:033D
[0077.12] ScriptLog: WeaponPage: Added  Minigun  to sale list with price  2000
[0077.12] ScriptLog: WeaponPage: Added  FAMAS Masterkey  to sale list with price  1000
[0077.12] ScriptWarning: Accessed array 'Default__KFWeap_AutoTurret.WeaponProjectiles' out of bounds (0/0)
        KFWeap_AutoTurret kfgamecontent.Default__KFWeap_AutoTurret
        Function KFGame.KFWeap_ThrownBase:CalculateTraderWeaponStatDamage:001E
[0077.12] ScriptWarning: Accessed null class context 'ProjClass'
        KFWeap_AutoTurret kfgamecontent.Default__KFWeap_AutoTurret
        Function KFGame.KFWeap_ThrownBase:CalculateTraderWeaponStatDamage:002C
[0077.12] ScriptWarning: Accessed null class context 'ProjClass'
        KFWeap_AutoTurret kfgamecontent.Default__KFWeap_AutoTurret
        Function KFGame.KFWeap_ThrownBase:CalculateTraderWeaponStatDamage:00DC
[0077.12] ScriptWarning: Accessed null class context 'ProjClass'
        KFWeap_AutoTurret kfgamecontent.Default__KFWeap_AutoTurret
        Function KFGame.KFWeap_ThrownBase:CalculateTraderWeaponStatDamage:010D
[0077.12] ScriptLog: WeaponPage: Added  Sentinel  to sale list with price  500
[0077.12] ScriptLog: WeaponPage: Added  AR-15 Varmint Rifle  to sale list with price  200
[0077.12] ScriptLog: WeaponPage: Added  SA80 L85A2 Bullpup  to sale list with price  650
[0077.12] ScriptLog: WeaponPage: Added  Kalashnikov AK-12  to sale list with price  1100
[0077.12] ScriptLog: WeaponPage: Added  MKb.42(H) Carbine Rifle  to sale list with price  1100
[0077.12] ScriptLog: WeaponPage: Added  SCAR-H Assault Rifle  to sale list with price  1500
[0077.12] ScriptLog: WeaponPage: Added  Stoner 63A LMG  to sale list with price  1500
[0077.12] ScriptLog: WeaponPage: Added  HMTech-401 Assault Rifle  to sale list with price  1500
[0077.12] ScriptLog: WeaponPage: Added  HMTech-501 Grenade Rifle  to sale list with price  2000
[0077.12] ScriptLog: WeaponPage: Added  M16 M203 Assault Rifle  to sale list with price  1200
[0077.12] ScriptLog: WeaponPage: Added  FN FAL ACOG  to sale list with price  1500
[0077.12] ScriptLog: WeaponPage: Added  Tommy Gun  to sale list with price  650
[0077.12] ScriptLog: WeaponPage: Player already owns  KFGameContent.KFWeap_Healer_Syringe
[0077.12] ScriptLog: WeaponPage: Player already owns  KFGameContent.KFWeap_Welder
[0077.12] ScriptLog: WeaponPage: Added  MG3 Shredder  to sale list with price  2000
[0077.12] ScriptLog: WeaponPage: Player already owns  WeaponPackExt.KFWeap_AssaultRifle_M14EBR
[0077.12] ScriptLog: UpdateStatsDisplay: Dosh= 997429  SelectedInventoryIdx= 4  WPP= Ext_WeaponProperties_134
[0077.12] ScriptLog: Ext_WeaponProperties.CanAddDamage: ExtPRI= ExtPlayerReplicationInfo_0  DamageLv= 3  MaxDmgLv= 20  Score= 997429  NextDmgCost= 680  Result= True
[0077.12] ScriptLog: Ext_WeaponProperties.CanAddDamage: ExtPRI= ExtPlayerReplicationInfo_0  DamageLv= 3  MaxDmgLv= 20  Score= 997429  NextDmgCost= 680  Result= True
[0077.12] ScriptLog: UpdateStatsDisplay: DmgUpgradeBtn disabled= False  bIsInventorySelected= True  WPP= Ext_WeaponProperties_134  CanAddDamage= True
[0077.12] ScriptLog: UpdateStatsDisplay: Dosh= 997429  SelectedInventoryIdx= 4  WPP= Ext_WeaponProperties_134
[0077.12] ScriptLog: Ext_WeaponProperties.CanAddDamage: ExtPRI= ExtPlayerReplicationInfo_0  DamageLv= 3  MaxDmgLv= 20  Score= 997429  NextDmgCost= 680  Result= True
[0077.12] ScriptLog: Ext_WeaponProperties.CanAddDamage: ExtPRI= ExtPlayerReplicationInfo_0  DamageLv= 3  MaxDmgLv= 20  Score= 997429  NextDmgCost= 680  Result= True
[0077.12] ScriptLog: UpdateStatsDisplay: DmgUpgradeBtn disabled= False  bIsInventorySelected= True  WPP= Ext_WeaponProperties_134  CanAddDamage= True
[0077.12] ScriptLog: ExtPlayerController.ServerUpgradeWeaponDamage: Upgrade complete
[0077.31] ScriptLog: UIP_WeaponPage.OnUpgradeDamage: EXTPC= ExtPlayerController_0
[0077.31] ScriptLog: ExtPlayerController.ServerUpgradeWeaponDamage: PropIdx= 4  InvProperties.Length= 5
[0077.32] ScriptLog: ExtPlayerController.ServerUpgradeWeaponDamage: Calling AddDamage on InvProperties[ 4 ]
[0077.32] ScriptLog: Ext_WeaponProperties.CanAddDamage: ExtPRI= ExtPlayerReplicationInfo_0  DamageLv= 3  MaxDmgLv= 20  Score= 997429  NextDmgCost= 680  Result= True
[0077.32] ScriptLog: ApplyModifiers: modded stats: Dmg= 126.0000  FireRate= 0.0800  Penetration= 2.0000  Magazine= 150  MaxAmmo= 1332
[0077.32] ScriptLog: ApplyModifiers: modded stats: Dmg= 126.0000  FireRate= 0.0800  Penetration= 2.0000  Magazine= 150  MaxAmmo= 1332
[0077.32] ScriptLog: Ext_WeaponProperties.SetMaxLvs: Using replicated ECurrentPerkPrestige= 20
[0077.32] ScriptLog: Ext_WeaponProperties.SetMaxLvs: MaxDmgLv= 20  MaxAoELv= 20  MaxDotLv= 20  MaxFireRateLv= 20  MaxPenetrationLv= 20  MaxMagazineLv= 20  MaxSpareLv= 20
[0077.32] ScriptLog: Ext_WeaponProperties.SetMaxLvs: Using replicated ECurrentPerkPrestige= 20
[0077.32] ScriptLog: Ext_WeaponProperties.SetMaxLvs: MaxDmgLv= 20  MaxAoELv= 20  MaxDotLv= 20  MaxFireRateLv= 20  MaxPenetrationLv= 20  MaxMagazineLv= 20  MaxSpareLv= 20
[0077.32] ScriptLog: Ext_WeaponProperties.SetMaxLvs: Using replicated ECurrentPerkPrestige= 20
[0077.32] ScriptLog: Ext_WeaponProperties.SetMaxLvs: MaxDmgLv= 20  MaxAoELv= 20  MaxDotLv= 20  MaxFireRateLv= 20  MaxPenetrationLv= 20  MaxMagazineLv= 20  MaxSpareLv= 20
[0077.32] ScriptLog: Ext_WeaponProperties.SetMaxLvs: Using replicated ECurrentPerkPrestige= 20
[0077.32] ScriptLog: Ext_WeaponProperties.SetMaxLvs: MaxDmgLv= 20  MaxAoELv= 20  MaxDotLv= 20  MaxFireRateLv= 20  MaxPenetrationLv= 20  MaxMagazineLv= 20  MaxSpareLv= 20
[0077.32] ScriptWarning: Accessed null class context 'WeaponDef'
        UIP_WeaponPage Transient.UI_FinanceMenu_0:UIP_WeaponPage_0
        Function doshext.UIP_WeaponPage:Timer:033D
[0077.32] ScriptWarning: Accessed null class context 'WeaponDef'
        UIP_WeaponPage Transient.UI_FinanceMenu_0:UIP_WeaponPage_0
        Function doshext.UIP_WeaponPage:Timer:033D
[0077.32] ScriptLog: WeaponPage: Added  Minigun  to sale list with price  2000
[0077.32] ScriptLog: WeaponPage: Added  FAMAS Masterkey  to sale list with price  1000
[0077.32] ScriptWarning: Accessed array 'Default__KFWeap_AutoTurret.WeaponProjectiles' out of bounds (0/0)
        KFWeap_AutoTurret kfgamecontent.Default__KFWeap_AutoTurret
        Function KFGame.KFWeap_ThrownBase:CalculateTraderWeaponStatDamage:001E
[0077.32] ScriptWarning: Accessed null class context 'ProjClass'
        KFWeap_AutoTurret kfgamecontent.Default__KFWeap_AutoTurret
        Function KFGame.KFWeap_ThrownBase:CalculateTraderWeaponStatDamage:002C
[0077.32] ScriptWarning: Accessed null class context 'ProjClass'
        KFWeap_AutoTurret kfgamecontent.Default__KFWeap_AutoTurret
        Function KFGame.KFWeap_ThrownBase:CalculateTraderWeaponStatDamage:00DC
[0077.32] ScriptWarning: Accessed null class context 'ProjClass'
        KFWeap_AutoTurret kfgamecontent.Default__KFWeap_AutoTurret
        Function KFGame.KFWeap_ThrownBase:CalculateTraderWeaponStatDamage:010D
[0077.32] ScriptLog: WeaponPage: Added  Sentinel  to sale list with price  500
[0077.32] ScriptLog: WeaponPage: Added  AR-15 Varmint Rifle  to sale list with price  200
[0077.32] ScriptLog: WeaponPage: Added  SA80 L85A2 Bullpup  to sale list with price  650
[0077.32] ScriptLog: WeaponPage: Added  Kalashnikov AK-12  to sale list with price  1100
[0077.32] ScriptLog: WeaponPage: Added  MKb.42(H) Carbine Rifle  to sale list with price  1100
[0077.32] ScriptLog: WeaponPage: Added  SCAR-H Assault Rifle  to sale list with price  1500
[0077.32] ScriptLog: WeaponPage: Added  Stoner 63A LMG  to sale list with price  1500
[0077.32] ScriptLog: WeaponPage: Added  HMTech-401 Assault Rifle  to sale list with price  1500
[0077.32] ScriptLog: WeaponPage: Added  HMTech-501 Grenade Rifle  to sale list with price  2000
[0077.32] ScriptLog: WeaponPage: Added  M16 M203 Assault Rifle  to sale list with price  1200
[0077.32] ScriptLog: WeaponPage: Added  FN FAL ACOG  to sale list with price  1500
[0077.32] ScriptLog: WeaponPage: Added  Tommy Gun  to sale list with price  650
[0077.32] ScriptLog: WeaponPage: Player already owns  KFGameContent.KFWeap_Healer_Syringe
[0077.32] ScriptLog: WeaponPage: Player already owns  KFGameContent.KFWeap_Welder
[0077.32] ScriptLog: WeaponPage: Added  MG3 Shredder  to sale list with price  2000
[0077.32] ScriptLog: WeaponPage: Player already owns  WeaponPackExt.KFWeap_AssaultRifle_M14EBR
[0077.32] ScriptLog: UpdateStatsDisplay: Dosh= 996749  SelectedInventoryIdx= 4  WPP= Ext_WeaponProperties_134
[0077.32] ScriptLog: Ext_WeaponProperties.CanAddDamage: ExtPRI= ExtPlayerReplicationInfo_0  DamageLv= 4  MaxDmgLv= 20  Score= 996749  NextDmgCost= 850  Result= True
[0077.32] ScriptLog: Ext_WeaponProperties.CanAddDamage: ExtPRI= ExtPlayerReplicationInfo_0  DamageLv= 4  MaxDmgLv= 20  Score= 996749  NextDmgCost= 850  Result= True
[0077.32] ScriptLog: UpdateStatsDisplay: DmgUpgradeBtn disabled= False  bIsInventorySelected= True  WPP= Ext_WeaponProperties_134  CanAddDamage= True
[0077.32] ScriptLog: UpdateStatsDisplay: Dosh= 996749  SelectedInventoryIdx= 4  WPP= Ext_WeaponProperties_134
[0077.32] ScriptLog: Ext_WeaponProperties.CanAddDamage: ExtPRI= ExtPlayerReplicationInfo_0  DamageLv= 4  MaxDmgLv= 20  Score= 996749  NextDmgCost= 850  Result= True
[0077.32] ScriptLog: Ext_WeaponProperties.CanAddDamage: ExtPRI= ExtPlayerReplicationInfo_0  DamageLv= 4  MaxDmgLv= 20  Score= 996749  NextDmgCost= 850  Result= True
[0077.32] ScriptLog: UpdateStatsDisplay: DmgUpgradeBtn disabled= False  bIsInventorySelected= True  WPP= Ext_WeaponProperties_134  CanAddDamage= True
[0077.32] ScriptLog: ApplyModifiers: modded stats: Dmg= 25.0000  FireRate= 0.2000  Penetration= 0.0000  Magazine= 75  MaxAmmo= -3
[0077.32] ScriptLog: ApplyModifiers: modded stats: Dmg= 20.0000  FireRate= 0.2000  Penetration= 0.0000  Magazine= 100  MaxAmmo= 0
[0077.32] ScriptLog: ApplyModifiers: modded stats: Dmg= 0.0000  FireRate= 0.2000  Penetration= 0.0000  Magazine= 100  MaxAmmo= 0
[0077.32] ScriptLog: ApplyModifiers: modded stats: Dmg= 32.0000  FireRate= 1.0000  Penetration= 0.0000  Magazine= 0  MaxAmmo= 0
[0077.32] ScriptLog: ApplyModifiers: modded stats: Dmg= 126.0000  FireRate= 0.0800  Penetration= 2.0000  Magazine= 150  MaxAmmo= 1332
[0077.32] ScriptLog: Ext_WeaponProperties.SetMaxLvs: Using replicated ECurrentPerkPrestige= 20
[0077.32] ScriptLog: Ext_WeaponProperties.SetMaxLvs: MaxDmgLv= 20  MaxAoELv= 20  MaxDotLv= 20  MaxFireRateLv= 20  MaxPenetrationLv= 20  MaxMagazineLv= 20  MaxSpareLv= 20
[0077.32] ScriptLog: Ext_WeaponProperties.SetMaxLvs: Using replicated ECurrentPerkPrestige= 20
[0077.32] ScriptLog: Ext_WeaponProperties.SetMaxLvs: MaxDmgLv= 20  MaxAoELv= 20  MaxDotLv= 20  MaxFireRateLv= 20  MaxPenetrationLv= 20  MaxMagazineLv= 20  MaxSpareLv= 20
[0077.32] ScriptLog: Ext_WeaponProperties.SetMaxLvs: Using replicated ECurrentPerkPrestige= 20
[0077.32] ScriptLog: Ext_WeaponProperties.SetMaxLvs: MaxDmgLv= 20  MaxAoELv= 20  MaxDotLv= 20  MaxFireRateLv= 20  MaxPenetrationLv= 20  MaxMagazineLv= 20  MaxSpareLv= 20
[0077.32] ScriptLog: Ext_WeaponProperties.SetMaxLvs: Using replicated ECurrentPerkPrestige= 20
[0077.32] ScriptLog: Ext_WeaponProperties.SetMaxLvs: MaxDmgLv= 20  MaxAoELv= 20  MaxDotLv= 20  MaxFireRateLv= 20  MaxPenetrationLv= 20  MaxMagazineLv= 20  MaxSpareLv= 20
[0077.32] ScriptWarning: Accessed null class context 'WeaponDef'
        UIP_WeaponPage Transient.UI_FinanceMenu_0:UIP_WeaponPage_0
        Function doshext.UIP_WeaponPage:Timer:033D
[0077.32] ScriptWarning: Accessed null class context 'WeaponDef'
        UIP_WeaponPage Transient.UI_FinanceMenu_0:UIP_WeaponPage_0
        Function doshext.UIP_WeaponPage:Timer:033D
[0077.32] ScriptLog: WeaponPage: Added  Minigun  to sale list with price  2000
[0077.32] ScriptLog: WeaponPage: Added  FAMAS Masterkey  to sale list with price  1000
[0077.32] ScriptWarning: Accessed array 'Default__KFWeap_AutoTurret.WeaponProjectiles' out of bounds (0/0)
        KFWeap_AutoTurret kfgamecontent.Default__KFWeap_AutoTurret
        Function KFGame.KFWeap_ThrownBase:CalculateTraderWeaponStatDamage:001E
[0077.32] ScriptWarning: Accessed null class context 'ProjClass'
        KFWeap_AutoTurret kfgamecontent.Default__KFWeap_AutoTurret
        Function KFGame.KFWeap_ThrownBase:CalculateTraderWeaponStatDamage:002C
[0077.32] ScriptWarning: Accessed null class context 'ProjClass'
        KFWeap_AutoTurret kfgamecontent.Default__KFWeap_AutoTurret
        Function KFGame.KFWeap_ThrownBase:CalculateTraderWeaponStatDamage:00DC
[0077.32] ScriptWarning: Accessed null class context 'ProjClass'
        KFWeap_AutoTurret kfgamecontent.Default__KFWeap_AutoTurret
        Function KFGame.KFWeap_ThrownBase:CalculateTraderWeaponStatDamage:010D
[0077.32] ScriptLog: WeaponPage: Added  Sentinel  to sale list with price  500
[0077.32] ScriptLog: WeaponPage: Added  AR-15 Varmint Rifle  to sale list with price  200
[0077.32] ScriptLog: WeaponPage: Added  SA80 L85A2 Bullpup  to sale list with price  650
[0077.32] ScriptLog: WeaponPage: Added  Kalashnikov AK-12  to sale list with price  1100
[0077.32] ScriptLog: WeaponPage: Added  MKb.42(H) Carbine Rifle  to sale list with price  1100
[0077.32] ScriptLog: WeaponPage: Added  SCAR-H Assault Rifle  to sale list with price  1500
[0077.32] ScriptLog: WeaponPage: Added  Stoner 63A LMG  to sale list with price  1500
[0077.32] ScriptLog: WeaponPage: Added  HMTech-401 Assault Rifle  to sale list with price  1500
[0077.32] ScriptLog: WeaponPage: Added  HMTech-501 Grenade Rifle  to sale list with price  2000
[0077.32] ScriptLog: WeaponPage: Added  M16 M203 Assault Rifle  to sale list with price  1200
[0077.32] ScriptLog: WeaponPage: Added  FN FAL ACOG  to sale list with price  1500
[0077.32] ScriptLog: WeaponPage: Added  Tommy Gun  to sale list with price  650
[0077.32] ScriptLog: WeaponPage: Player already owns  KFGameContent.KFWeap_Healer_Syringe
[0077.32] ScriptLog: WeaponPage: Player already owns  KFGameContent.KFWeap_Welder
[0077.32] ScriptLog: WeaponPage: Added  MG3 Shredder  to sale list with price  2000
[0077.32] ScriptLog: WeaponPage: Player already owns  WeaponPackExt.KFWeap_AssaultRifle_M14EBR
[0077.32] ScriptLog: UpdateStatsDisplay: Dosh= 996749  SelectedInventoryIdx= 4  WPP= Ext_WeaponProperties_134
[0077.32] ScriptLog: Ext_WeaponProperties.CanAddDamage: ExtPRI= ExtPlayerReplicationInfo_0  DamageLv= 4  MaxDmgLv= 20  Score= 996749  NextDmgCost= 850  Result= True
[0077.32] ScriptLog: Ext_WeaponProperties.CanAddDamage: ExtPRI= ExtPlayerReplicationInfo_0  DamageLv= 4  MaxDmgLv= 20  Score= 996749  NextDmgCost= 850  Result= True
[0077.32] ScriptLog: UpdateStatsDisplay: DmgUpgradeBtn disabled= False  bIsInventorySelected= True  WPP= Ext_WeaponProperties_134  CanAddDamage= True
[0077.32] ScriptLog: UpdateStatsDisplay: Dosh= 996749  SelectedInventoryIdx= 4  WPP= Ext_WeaponProperties_134
[0077.32] ScriptLog: Ext_WeaponProperties.CanAddDamage: ExtPRI= ExtPlayerReplicationInfo_0  DamageLv= 4  MaxDmgLv= 20  Score= 996749  NextDmgCost= 850  Result= True
[0077.32] ScriptLog: Ext_WeaponProperties.CanAddDamage: ExtPRI= ExtPlayerReplicationInfo_0  DamageLv= 4  MaxDmgLv= 20  Score= 996749  NextDmgCost= 850  Result= True
[0077.32] ScriptLog: UpdateStatsDisplay: DmgUpgradeBtn disabled= False  bIsInventorySelected= True  WPP= Ext_WeaponProperties_134  CanAddDamage= True
[0077.32] ScriptLog: ExtPlayerController.ServerUpgradeWeaponDamage: Upgrade complete
[0077.51] ScriptLog: UIP_WeaponPage.OnUpgradeDamage: EXTPC= ExtPlayerController_0
[0077.51] ScriptLog: ExtPlayerController.ServerUpgradeWeaponDamage: PropIdx= 4  InvProperties.Length= 5
[0077.51] ScriptLog: ExtPlayerController.ServerUpgradeWeaponDamage: Calling AddDamage on InvProperties[ 4 ]
[0077.51] ScriptLog: Ext_WeaponProperties.CanAddDamage: ExtPRI= ExtPlayerReplicationInfo_0  DamageLv= 4  MaxDmgLv= 20  Score= 996749  NextDmgCost= 850  Result= True
[0077.51] ScriptLog: ApplyModifiers: modded stats: Dmg= 135.0000  FireRate= 0.0800  Penetration= 2.0000  Magazine= 150  MaxAmmo= 1332
[0077.51] ScriptLog: ApplyModifiers: modded stats: Dmg= 135.0000  FireRate= 0.0800  Penetration= 2.0000  Magazine= 150  MaxAmmo= 1332
[0077.51] ScriptLog: Ext_WeaponProperties.SetMaxLvs: Using replicated ECurrentPerkPrestige= 20
[0077.51] ScriptLog: Ext_WeaponProperties.SetMaxLvs: MaxDmgLv= 20  MaxAoELv= 20  MaxDotLv= 20  MaxFireRateLv= 20  MaxPenetrationLv= 20  MaxMagazineLv= 20  MaxSpareLv= 20
[0077.51] ScriptLog: Ext_WeaponProperties.SetMaxLvs: Using replicated ECurrentPerkPrestige= 20
[0077.51] ScriptLog: Ext_WeaponProperties.SetMaxLvs: MaxDmgLv= 20  MaxAoELv= 20  MaxDotLv= 20  MaxFireRateLv= 20  MaxPenetrationLv= 20  MaxMagazineLv= 20  MaxSpareLv= 20
[0077.51] ScriptLog: Ext_WeaponProperties.SetMaxLvs: Using replicated ECurrentPerkPrestige= 20
[0077.51] ScriptLog: Ext_WeaponProperties.SetMaxLvs: MaxDmgLv= 20  MaxAoELv= 20  MaxDotLv= 20  MaxFireRateLv= 20  MaxPenetrationLv= 20  MaxMagazineLv= 20  MaxSpareLv= 20
[0077.51] ScriptLog: Ext_WeaponProperties.SetMaxLvs: Using replicated ECurrentPerkPrestige= 20
[0077.51] ScriptLog: Ext_WeaponProperties.SetMaxLvs: MaxDmgLv= 20  MaxAoELv= 20  MaxDotLv= 20  MaxFireRateLv= 20  MaxPenetrationLv= 20  MaxMagazineLv= 20  MaxSpareLv= 20
[0077.51] ScriptWarning: Accessed null class context 'WeaponDef'
        UIP_WeaponPage Transient.UI_FinanceMenu_0:UIP_WeaponPage_0
        Function doshext.UIP_WeaponPage:Timer:033D
[0077.51] ScriptWarning: Accessed null class context 'WeaponDef'
        UIP_WeaponPage Transient.UI_FinanceMenu_0:UIP_WeaponPage_0
        Function doshext.UIP_WeaponPage:Timer:033D
[0077.51] ScriptLog: WeaponPage: Added  Minigun  to sale list with price  2000
[0077.51] ScriptLog: WeaponPage: Added  FAMAS Masterkey  to sale list with price  1000
[0077.51] ScriptWarning: Accessed array 'Default__KFWeap_AutoTurret.WeaponProjectiles' out of bounds (0/0)
        KFWeap_AutoTurret kfgamecontent.Default__KFWeap_AutoTurret
        Function KFGame.KFWeap_ThrownBase:CalculateTraderWeaponStatDamage:001E
[0077.51] ScriptWarning: Accessed null class context 'ProjClass'
        KFWeap_AutoTurret kfgamecontent.Default__KFWeap_AutoTurret
        Function KFGame.KFWeap_ThrownBase:CalculateTraderWeaponStatDamage:002C
[0077.51] ScriptWarning: Accessed null class context 'ProjClass'
        KFWeap_AutoTurret kfgamecontent.Default__KFWeap_AutoTurret
        Function KFGame.KFWeap_ThrownBase:CalculateTraderWeaponStatDamage:00DC
[0077.51] ScriptWarning: Accessed null class context 'ProjClass'
        KFWeap_AutoTurret kfgamecontent.Default__KFWeap_AutoTurret
        Function KFGame.KFWeap_ThrownBase:CalculateTraderWeaponStatDamage:010D
[0077.51] ScriptLog: WeaponPage: Added  Sentinel  to sale list with price  500
[0077.51] ScriptLog: WeaponPage: Added  AR-15 Varmint Rifle  to sale list with price  200
[0077.51] ScriptLog: WeaponPage: Added  SA80 L85A2 Bullpup  to sale list with price  650
[0077.51] ScriptLog: WeaponPage: Added  Kalashnikov AK-12  to sale list with price  1100
[0077.51] ScriptLog: WeaponPage: Added  MKb.42(H) Carbine Rifle  to sale list with price  1100
[0077.51] ScriptLog: WeaponPage: Added  SCAR-H Assault Rifle  to sale list with price  1500
[0077.51] ScriptLog: WeaponPage: Added  Stoner 63A LMG  to sale list with price  1500
[0077.51] ScriptLog: WeaponPage: Added  HMTech-401 Assault Rifle  to sale list with price  1500
[0077.51] ScriptLog: WeaponPage: Added  HMTech-501 Grenade Rifle  to sale list with price  2000
[0077.51] ScriptLog: WeaponPage: Added  M16 M203 Assault Rifle  to sale list with price  1200
[0077.51] ScriptLog: WeaponPage: Added  FN FAL ACOG  to sale list with price  1500
[0077.51] ScriptLog: WeaponPage: Added  Tommy Gun  to sale list with price  650
[0077.51] ScriptLog: WeaponPage: Player already owns  KFGameContent.KFWeap_Healer_Syringe
[0077.51] ScriptLog: WeaponPage: Player already owns  KFGameContent.KFWeap_Welder
[0077.51] ScriptLog: WeaponPage: Added  MG3 Shredder  to sale list with price  2000
[0077.51] ScriptLog: WeaponPage: Player already owns  WeaponPackExt.KFWeap_AssaultRifle_M14EBR
[0077.51] ScriptLog: UpdateStatsDisplay: Dosh= 995899  SelectedInventoryIdx= 4  WPP= Ext_WeaponProperties_134
[0077.51] ScriptLog: Ext_WeaponProperties.CanAddDamage: ExtPRI= ExtPlayerReplicationInfo_0  DamageLv= 5  MaxDmgLv= 20  Score= 995899  NextDmgCost= 1020  Result= True
[0077.51] ScriptLog: Ext_WeaponProperties.CanAddDamage: ExtPRI= ExtPlayerReplicationInfo_0  DamageLv= 5  MaxDmgLv= 20  Score= 995899  NextDmgCost= 1020  Result= True
[0077.51] ScriptLog: UpdateStatsDisplay: DmgUpgradeBtn disabled= False  bIsInventorySelected= True  WPP= Ext_WeaponProperties_134  CanAddDamage= True
[0077.51] ScriptLog: UpdateStatsDisplay: Dosh= 995899  SelectedInventoryIdx= 4  WPP= Ext_WeaponProperties_134
[0077.51] ScriptLog: Ext_WeaponProperties.CanAddDamage: ExtPRI= ExtPlayerReplicationInfo_0  DamageLv= 5  MaxDmgLv= 20  Score= 995899  NextDmgCost= 1020  Result= True
[0077.51] ScriptLog: Ext_WeaponProperties.CanAddDamage: ExtPRI= ExtPlayerReplicationInfo_0  DamageLv= 5  MaxDmgLv= 20  Score= 995899  NextDmgCost= 1020  Result= True
[0077.51] ScriptLog: UpdateStatsDisplay: DmgUpgradeBtn disabled= False  bIsInventorySelected= True  WPP= Ext_WeaponProperties_134  CanAddDamage= True
[0077.51] ScriptLog: ApplyModifiers: modded stats: Dmg= 25.0000  FireRate= 0.2000  Penetration= 0.0000  Magazine= 75  MaxAmmo= -3
[0077.51] ScriptLog: ApplyModifiers: modded stats: Dmg= 20.0000  FireRate= 0.2000  Penetration= 0.0000  Magazine= 100  MaxAmmo= 0
[0077.51] ScriptLog: ApplyModifiers: modded stats: Dmg= 0.0000  FireRate= 0.2000  Penetration= 0.0000  Magazine= 100  MaxAmmo= 0
[0077.51] ScriptLog: ApplyModifiers: modded stats: Dmg= 32.0000  FireRate= 1.0000  Penetration= 0.0000  Magazine= 0  MaxAmmo= 0
[0077.51] ScriptLog: ApplyModifiers: modded stats: Dmg= 135.0000  FireRate= 0.0800  Penetration= 2.0000  Magazine= 150  MaxAmmo= 1332
[0077.51] ScriptLog: Ext_WeaponProperties.SetMaxLvs: Using replicated ECurrentPerkPrestige= 20
[0077.51] ScriptLog: Ext_WeaponProperties.SetMaxLvs: MaxDmgLv= 20  MaxAoELv= 20  MaxDotLv= 20  MaxFireRateLv= 20  MaxPenetrationLv= 20  MaxMagazineLv= 20  MaxSpareLv= 20
[0077.51] ScriptLog: Ext_WeaponProperties.SetMaxLvs: Using replicated ECurrentPerkPrestige= 20
[0077.51] ScriptLog: Ext_WeaponProperties.SetMaxLvs: MaxDmgLv= 20  MaxAoELv= 20  MaxDotLv= 20  MaxFireRateLv= 20  MaxPenetrationLv= 20  MaxMagazineLv= 20  MaxSpareLv= 20
[0077.51] ScriptLog: Ext_WeaponProperties.SetMaxLvs: Using replicated ECurrentPerkPrestige= 20
[0077.51] ScriptLog: Ext_WeaponProperties.SetMaxLvs: MaxDmgLv= 20  MaxAoELv= 20  MaxDotLv= 20  MaxFireRateLv= 20  MaxPenetrationLv= 20  MaxMagazineLv= 20  MaxSpareLv= 20
[0077.51] ScriptLog: Ext_WeaponProperties.SetMaxLvs: Using replicated ECurrentPerkPrestige= 20
[0077.51] ScriptLog: Ext_WeaponProperties.SetMaxLvs: MaxDmgLv= 20  MaxAoELv= 20  MaxDotLv= 20  MaxFireRateLv= 20  MaxPenetrationLv= 20  MaxMagazineLv= 20  MaxSpareLv= 20
[0077.51] ScriptWarning: Accessed null class context 'WeaponDef'
        UIP_WeaponPage Transient.UI_FinanceMenu_0:UIP_WeaponPage_0
        Function doshext.UIP_WeaponPage:Timer:033D
[0077.51] ScriptWarning: Accessed null class context 'WeaponDef'
        UIP_WeaponPage Transient.UI_FinanceMenu_0:UIP_WeaponPage_0
        Function doshext.UIP_WeaponPage:Timer:033D
[0077.51] ScriptLog: WeaponPage: Added  Minigun  to sale list with price  2000
[0077.51] ScriptLog: WeaponPage: Added  FAMAS Masterkey  to sale list with price  1000
[0077.51] ScriptWarning: Accessed array 'Default__KFWeap_AutoTurret.WeaponProjectiles' out of bounds (0/0)
        KFWeap_AutoTurret kfgamecontent.Default__KFWeap_AutoTurret
        Function KFGame.KFWeap_ThrownBase:CalculateTraderWeaponStatDamage:001E
[0077.51] ScriptWarning: Accessed null class context 'ProjClass'
        KFWeap_AutoTurret kfgamecontent.Default__KFWeap_AutoTurret
        Function KFGame.KFWeap_ThrownBase:CalculateTraderWeaponStatDamage:002C
[0077.51] ScriptWarning: Accessed null class context 'ProjClass'
        KFWeap_AutoTurret kfgamecontent.Default__KFWeap_AutoTurret
        Function KFGame.KFWeap_ThrownBase:CalculateTraderWeaponStatDamage:00DC
[0077.51] ScriptWarning: Accessed null class context 'ProjClass'
        KFWeap_AutoTurret kfgamecontent.Default__KFWeap_AutoTurret
        Function KFGame.KFWeap_ThrownBase:CalculateTraderWeaponStatDamage:010D
[0077.51] ScriptLog: WeaponPage: Added  Sentinel  to sale list with price  500
[0077.51] ScriptLog: WeaponPage: Added  AR-15 Varmint Rifle  to sale list with price  200
[0077.51] ScriptLog: WeaponPage: Added  SA80 L85A2 Bullpup  to sale list with price  650
[0077.51] ScriptLog: WeaponPage: Added  Kalashnikov AK-12  to sale list with price  1100
[0077.51] ScriptLog: WeaponPage: Added  MKb.42(H) Carbine Rifle  to sale list with price  1100
[0077.51] ScriptLog: WeaponPage: Added  SCAR-H Assault Rifle  to sale list with price  1500
[0077.51] ScriptLog: WeaponPage: Added  Stoner 63A LMG  to sale list with price  1500
[0077.51] ScriptLog: WeaponPage: Added  HMTech-401 Assault Rifle  to sale list with price  1500
[0077.51] ScriptLog: WeaponPage: Added  HMTech-501 Grenade Rifle  to sale list with price  2000
[0077.51] ScriptLog: WeaponPage: Added  M16 M203 Assault Rifle  to sale list with price  1200
[0077.51] ScriptLog: WeaponPage: Added  FN FAL ACOG  to sale list with price  1500
[0077.51] ScriptLog: WeaponPage: Added  Tommy Gun  to sale list with price  650
[0077.51] ScriptLog: WeaponPage: Player already owns  KFGameContent.KFWeap_Healer_Syringe
[0077.51] ScriptLog: WeaponPage: Player already owns  KFGameContent.KFWeap_Welder
[0077.51] ScriptLog: WeaponPage: Added  MG3 Shredder  to sale list with price  2000
[0077.51] ScriptLog: WeaponPage: Player already owns  WeaponPackExt.KFWeap_AssaultRifle_M14EBR
[0077.51] ScriptLog: UpdateStatsDisplay: Dosh= 995899  SelectedInventoryIdx= 4  WPP= Ext_WeaponProperties_134
[0077.51] ScriptLog: Ext_WeaponProperties.CanAddDamage: ExtPRI= ExtPlayerReplicationInfo_0  DamageLv= 5  MaxDmgLv= 20  Score= 995899  NextDmgCost= 1020  Result= True
[0077.51] ScriptLog: Ext_WeaponProperties.CanAddDamage: ExtPRI= ExtPlayerReplicationInfo_0  DamageLv= 5  MaxDmgLv= 20  Score= 995899  NextDmgCost= 1020  Result= True
[0077.51] ScriptLog: UpdateStatsDisplay: DmgUpgradeBtn disabled= False  bIsInventorySelected= True  WPP= Ext_WeaponProperties_134  CanAddDamage= True
[0077.51] ScriptLog: UpdateStatsDisplay: Dosh= 995899  SelectedInventoryIdx= 4  WPP= Ext_WeaponProperties_134
[0077.51] ScriptLog: Ext_WeaponProperties.CanAddDamage: ExtPRI= ExtPlayerReplicationInfo_0  DamageLv= 5  MaxDmgLv= 20  Score= 995899  NextDmgCost= 1020  Result= True
[0077.51] ScriptLog: Ext_WeaponProperties.CanAddDamage: ExtPRI= ExtPlayerReplicationInfo_0  DamageLv= 5  MaxDmgLv= 20  Score= 995899  NextDmgCost= 1020  Result= True
[0077.51] ScriptLog: UpdateStatsDisplay: DmgUpgradeBtn disabled= False  bIsInventorySelected= True  WPP= Ext_WeaponProperties_134  CanAddDamage= True
[0077.51] ScriptLog: ExtPlayerController.ServerUpgradeWeaponDamage: Upgrade complete
[0077.56] ScriptLog: Ext_WeaponProperties.SetMaxLvs: Using replicated ECurrentPerkPrestige= 20
[0077.56] ScriptLog: Ext_WeaponProperties.SetMaxLvs: MaxDmgLv= 20  MaxAoELv= 20  MaxDotLv= 20  MaxFireRateLv= 20  MaxPenetrationLv= 20  MaxMagazineLv= 20  MaxSpareLv= 20
[0077.56] ScriptLog: Ext_WeaponProperties.SetMaxLvs: Using replicated ECurrentPerkPrestige= 20
[0077.56] ScriptLog: Ext_WeaponProperties.SetMaxLvs: MaxDmgLv= 20  MaxAoELv= 20  MaxDotLv= 20  MaxFireRateLv= 20  MaxPenetrationLv= 20  MaxMagazineLv= 20  MaxSpareLv= 20
[0077.56] ScriptLog: Ext_WeaponProperties.SetMaxLvs: Using replicated ECurrentPerkPrestige= 20
[0077.56] ScriptLog: Ext_WeaponProperties.SetMaxLvs: MaxDmgLv= 20  MaxAoELv= 20  MaxDotLv= 20  MaxFireRateLv= 20  MaxPenetrationLv= 20  MaxMagazineLv= 20  MaxSpareLv= 20
[0077.56] ScriptLog: Ext_WeaponProperties.SetMaxLvs: Using replicated ECurrentPerkPrestige= 20
[0077.56] ScriptLog: Ext_WeaponProperties.SetMaxLvs: MaxDmgLv= 20  MaxAoELv= 20  MaxDotLv= 20  MaxFireRateLv= 20  MaxPenetrationLv= 20  MaxMagazineLv= 20  MaxSpareLv= 20
[0077.56] ScriptWarning: Accessed null class context 'WeaponDef'
        UIP_WeaponPage Transient.UI_FinanceMenu_0:UIP_WeaponPage_0
        Function doshext.UIP_WeaponPage:Timer:033D
[0077.56] ScriptWarning: Accessed null class context 'WeaponDef'
        UIP_WeaponPage Transient.UI_FinanceMenu_0:UIP_WeaponPage_0
        Function doshext.UIP_WeaponPage:Timer:033D
[0077.56] ScriptLog: WeaponPage: Added  Minigun  to sale list with price  2000
[0077.56] ScriptLog: WeaponPage: Added  FAMAS Masterkey  to sale list with price  1000
[0077.56] ScriptWarning: Accessed array 'Default__KFWeap_AutoTurret.WeaponProjectiles' out of bounds (0/0)
        KFWeap_AutoTurret kfgamecontent.Default__KFWeap_AutoTurret
        Function KFGame.KFWeap_ThrownBase:CalculateTraderWeaponStatDamage:001E
[0077.56] ScriptWarning: Accessed null class context 'ProjClass'
        KFWeap_AutoTurret kfgamecontent.Default__KFWeap_AutoTurret
        Function KFGame.KFWeap_ThrownBase:CalculateTraderWeaponStatDamage:002C
[0077.56] ScriptWarning: Accessed null class context 'ProjClass'
        KFWeap_AutoTurret kfgamecontent.Default__KFWeap_AutoTurret
        Function KFGame.KFWeap_ThrownBase:CalculateTraderWeaponStatDamage:00DC
[0077.56] ScriptWarning: Accessed null class context 'ProjClass'
        KFWeap_AutoTurret kfgamecontent.Default__KFWeap_AutoTurret
        Function KFGame.KFWeap_ThrownBase:CalculateTraderWeaponStatDamage:010D
[0077.56] ScriptLog: WeaponPage: Added  Sentinel  to sale list with price  500
[0077.56] ScriptLog: WeaponPage: Added  AR-15 Varmint Rifle  to sale list with price  200
[0077.56] ScriptLog: WeaponPage: Added  SA80 L85A2 Bullpup  to sale list with price  650
[0077.56] ScriptLog: WeaponPage: Added  Kalashnikov AK-12  to sale list with price  1100
[0077.56] ScriptLog: WeaponPage: Added  MKb.42(H) Carbine Rifle  to sale list with price  1100
[0077.56] ScriptLog: WeaponPage: Added  SCAR-H Assault Rifle  to sale list with price  1500
[0077.56] ScriptLog: WeaponPage: Added  Stoner 63A LMG  to sale list with price  1500
[0077.56] ScriptLog: WeaponPage: Added  HMTech-401 Assault Rifle  to sale list with price  1500
[0077.56] ScriptLog: WeaponPage: Added  HMTech-501 Grenade Rifle  to sale list with price  2000
[0077.56] ScriptLog: WeaponPage: Added  M16 M203 Assault Rifle  to sale list with price  1200
[0077.56] ScriptLog: WeaponPage: Added  FN FAL ACOG  to sale list with price  1500
[0077.56] ScriptLog: WeaponPage: Added  Tommy Gun  to sale list with price  650
[0077.56] ScriptLog: WeaponPage: Player already owns  KFGameContent.KFWeap_Healer_Syringe
[0077.56] ScriptLog: WeaponPage: Player already owns  KFGameContent.KFWeap_Welder
[0077.56] ScriptLog: WeaponPage: Added  MG3 Shredder  to sale list with price  2000
[0077.56] ScriptLog: WeaponPage: Player already owns  WeaponPackExt.KFWeap_AssaultRifle_M14EBR
[0077.56] ScriptLog: UpdateStatsDisplay: Dosh= 995899  SelectedInventoryIdx= 4  WPP= Ext_WeaponProperties_134
[0077.56] ScriptLog: Ext_WeaponProperties.CanAddDamage: ExtPRI= ExtPlayerReplicationInfo_0  DamageLv= 5  MaxDmgLv= 20  Score= 995899  NextDmgCost= 1020  Result= True
[0077.56] ScriptLog: Ext_WeaponProperties.CanAddDamage: ExtPRI= ExtPlayerReplicationInfo_0  DamageLv= 5  MaxDmgLv= 20  Score= 995899  NextDmgCost= 1020  Result= True
[0077.56] ScriptLog: UpdateStatsDisplay: DmgUpgradeBtn disabled= False  bIsInventorySelected= True  WPP= Ext_WeaponProperties_134  CanAddDamage= True
[0077.69] ScriptLog: UIP_WeaponPage.OnUpgradeDamage: EXTPC= ExtPlayerController_0
[0077.69] ScriptLog: ExtPlayerController.ServerUpgradeWeaponDamage: PropIdx= 4  InvProperties.Length= 5
[0077.69] ScriptLog: ExtPlayerController.ServerUpgradeWeaponDamage: Calling AddDamage on InvProperties[ 4 ]
[0077.69] ScriptLog: Ext_WeaponProperties.CanAddDamage: ExtPRI= ExtPlayerReplicationInfo_0  DamageLv= 5  MaxDmgLv= 20  Score= 995899  NextDmgCost= 1020  Result= True
[0077.69] ScriptLog: ApplyModifiers: modded stats: Dmg= 144.0000  FireRate= 0.0800  Penetration= 2.0000  Magazine= 150  MaxAmmo= 1332
[0077.69] ScriptLog: ApplyModifiers: modded stats: Dmg= 144.0000  FireRate= 0.0800  Penetration= 2.0000  Magazine= 150  MaxAmmo= 1332
[0077.69] ScriptLog: Ext_WeaponProperties.SetMaxLvs: Using replicated ECurrentPerkPrestige= 20
[0077.69] ScriptLog: Ext_WeaponProperties.SetMaxLvs: MaxDmgLv= 20  MaxAoELv= 20  MaxDotLv= 20  MaxFireRateLv= 20  MaxPenetrationLv= 20  MaxMagazineLv= 20  MaxSpareLv= 20
[0077.69] ScriptLog: Ext_WeaponProperties.SetMaxLvs: Using replicated ECurrentPerkPrestige= 20
[0077.69] ScriptLog: Ext_WeaponProperties.SetMaxLvs: MaxDmgLv= 20  MaxAoELv= 20  MaxDotLv= 20  MaxFireRateLv= 20  MaxPenetrationLv= 20  MaxMagazineLv= 20  MaxSpareLv= 20
[0077.69] ScriptLog: Ext_WeaponProperties.SetMaxLvs: Using replicated ECurrentPerkPrestige= 20
[0077.69] ScriptLog: Ext_WeaponProperties.SetMaxLvs: MaxDmgLv= 20  MaxAoELv= 20  MaxDotLv= 20  MaxFireRateLv= 20  MaxPenetrationLv= 20  MaxMagazineLv= 20  MaxSpareLv= 20
[0077.69] ScriptLog: Ext_WeaponProperties.SetMaxLvs: Using replicated ECurrentPerkPrestige= 20
[0077.69] ScriptLog: Ext_WeaponProperties.SetMaxLvs: MaxDmgLv= 20  MaxAoELv= 20  MaxDotLv= 20  MaxFireRateLv= 20  MaxPenetrationLv= 20  MaxMagazineLv= 20  MaxSpareLv= 20
[0077.69] ScriptWarning: Accessed null class context 'WeaponDef'
        UIP_WeaponPage Transient.UI_FinanceMenu_0:UIP_WeaponPage_0
        Function doshext.UIP_WeaponPage:Timer:033D
[0077.69] ScriptWarning: Accessed null class context 'WeaponDef'
        UIP_WeaponPage Transient.UI_FinanceMenu_0:UIP_WeaponPage_0
        Function doshext.UIP_WeaponPage:Timer:033D
[0077.69] ScriptLog: WeaponPage: Added  Minigun  to sale list with price  2000
[0077.69] ScriptLog: WeaponPage: Added  FAMAS Masterkey  to sale list with price  1000
[0077.69] ScriptWarning: Accessed array 'Default__KFWeap_AutoTurret.WeaponProjectiles' out of bounds (0/0)
        KFWeap_AutoTurret kfgamecontent.Default__KFWeap_AutoTurret
        Function KFGame.KFWeap_ThrownBase:CalculateTraderWeaponStatDamage:001E
[0077.69] ScriptWarning: Accessed null class context 'ProjClass'
        KFWeap_AutoTurret kfgamecontent.Default__KFWeap_AutoTurret
        Function KFGame.KFWeap_ThrownBase:CalculateTraderWeaponStatDamage:002C
[0077.69] ScriptWarning: Accessed null class context 'ProjClass'
        KFWeap_AutoTurret kfgamecontent.Default__KFWeap_AutoTurret
        Function KFGame.KFWeap_ThrownBase:CalculateTraderWeaponStatDamage:00DC
[0077.69] ScriptWarning: Accessed null class context 'ProjClass'
        KFWeap_AutoTurret kfgamecontent.Default__KFWeap_AutoTurret
        Function KFGame.KFWeap_ThrownBase:CalculateTraderWeaponStatDamage:010D
[0077.69] ScriptLog: WeaponPage: Added  Sentinel  to sale list with price  500
[0077.69] ScriptLog: WeaponPage: Added  AR-15 Varmint Rifle  to sale list with price  200
[0077.69] ScriptLog: WeaponPage: Added  SA80 L85A2 Bullpup  to sale list with price  650
[0077.69] ScriptLog: WeaponPage: Added  Kalashnikov AK-12  to sale list with price  1100
[0077.69] ScriptLog: WeaponPage: Added  MKb.42(H) Carbine Rifle  to sale list with price  1100
[0077.69] ScriptLog: WeaponPage: Added  SCAR-H Assault Rifle  to sale list with price  1500
[0077.69] ScriptLog: WeaponPage: Added  Stoner 63A LMG  to sale list with price  1500
[0077.69] ScriptLog: WeaponPage: Added  HMTech-401 Assault Rifle  to sale list with price  1500
[0077.69] ScriptLog: WeaponPage: Added  HMTech-501 Grenade Rifle  to sale list with price  2000
[0077.69] ScriptLog: WeaponPage: Added  M16 M203 Assault Rifle  to sale list with price  1200
[0077.69] ScriptLog: WeaponPage: Added  FN FAL ACOG  to sale list with price  1500
[0077.69] ScriptLog: WeaponPage: Added  Tommy Gun  to sale list with price  650
[0077.69] ScriptLog: WeaponPage: Player already owns  KFGameContent.KFWeap_Healer_Syringe
[0077.69] ScriptLog: WeaponPage: Player already owns  KFGameContent.KFWeap_Welder
[0077.69] ScriptLog: WeaponPage: Added  MG3 Shredder  to sale list with price  2000
[0077.69] ScriptLog: WeaponPage: Player already owns  WeaponPackExt.KFWeap_AssaultRifle_M14EBR
[0077.69] ScriptLog: UpdateStatsDisplay: Dosh= 994879  SelectedInventoryIdx= 4  WPP= Ext_WeaponProperties_134
[0077.69] ScriptLog: Ext_WeaponProperties.CanAddDamage: ExtPRI= ExtPlayerReplicationInfo_0  DamageLv= 6  MaxDmgLv= 20  Score= 994879  NextDmgCost= 1190  Result= True
[0077.69] ScriptLog: Ext_WeaponProperties.CanAddDamage: ExtPRI= ExtPlayerReplicationInfo_0  DamageLv= 6  MaxDmgLv= 20  Score= 994879  NextDmgCost= 1190  Result= True
[0077.69] ScriptLog: UpdateStatsDisplay: DmgUpgradeBtn disabled= False  bIsInventorySelected= True  WPP= Ext_WeaponProperties_134  CanAddDamage= True
[0077.69] ScriptLog: UpdateStatsDisplay: Dosh= 994879  SelectedInventoryIdx= 4  WPP= Ext_WeaponProperties_134
[0077.69] ScriptLog: Ext_WeaponProperties.CanAddDamage: ExtPRI= ExtPlayerReplicationInfo_0  DamageLv= 6  MaxDmgLv= 20  Score= 994879  NextDmgCost= 1190  Result= True
[0077.69] ScriptLog: Ext_WeaponProperties.CanAddDamage: ExtPRI= ExtPlayerReplicationInfo_0  DamageLv= 6  MaxDmgLv= 20  Score= 994879  NextDmgCost= 1190  Result= True
[0077.69] ScriptLog: UpdateStatsDisplay: DmgUpgradeBtn disabled= False  bIsInventorySelected= True  WPP= Ext_WeaponProperties_134  CanAddDamage= True
[0077.69] ScriptLog: ApplyModifiers: modded stats: Dmg= 25.0000  FireRate= 0.2000  Penetration= 0.0000  Magazine= 75  MaxAmmo= -3
[0077.69] ScriptLog: ApplyModifiers: modded stats: Dmg= 20.0000  FireRate= 0.2000  Penetration= 0.0000  Magazine= 100  MaxAmmo= 0
[0077.69] ScriptLog: ApplyModifiers: modded stats: Dmg= 0.0000  FireRate= 0.2000  Penetration= 0.0000  Magazine= 100  MaxAmmo= 0
[0077.69] ScriptLog: ApplyModifiers: modded stats: Dmg= 32.0000  FireRate= 1.0000  Penetration= 0.0000  Magazine= 0  MaxAmmo= 0
[0077.69] ScriptLog: ApplyModifiers: modded stats: Dmg= 144.0000  FireRate= 0.0800  Penetration= 2.0000  Magazine= 150  MaxAmmo= 1332
[0077.69] ScriptLog: Ext_WeaponProperties.SetMaxLvs: Using replicated ECurrentPerkPrestige= 20
[0077.69] ScriptLog: Ext_WeaponProperties.SetMaxLvs: MaxDmgLv= 20  MaxAoELv= 20  MaxDotLv= 20  MaxFireRateLv= 20  MaxPenetrationLv= 20  MaxMagazineLv= 20  MaxSpareLv= 20
[0077.69] ScriptLog: Ext_WeaponProperties.SetMaxLvs: Using replicated ECurrentPerkPrestige= 20
[0077.69] ScriptLog: Ext_WeaponProperties.SetMaxLvs: MaxDmgLv= 20  MaxAoELv= 20  MaxDotLv= 20  MaxFireRateLv= 20  MaxPenetrationLv= 20  MaxMagazineLv= 20  MaxSpareLv= 20
[0077.69] ScriptLog: Ext_WeaponProperties.SetMaxLvs: Using replicated ECurrentPerkPrestige= 20
[0077.69] ScriptLog: Ext_WeaponProperties.SetMaxLvs: MaxDmgLv= 20  MaxAoELv= 20  MaxDotLv= 20  MaxFireRateLv= 20  MaxPenetrationLv= 20  MaxMagazineLv= 20  MaxSpareLv= 20
[0077.69] ScriptLog: Ext_WeaponProperties.SetMaxLvs: Using replicated ECurrentPerkPrestige= 20
[0077.69] ScriptLog: Ext_WeaponProperties.SetMaxLvs: MaxDmgLv= 20  MaxAoELv= 20  MaxDotLv= 20  MaxFireRateLv= 20  MaxPenetrationLv= 20  MaxMagazineLv= 20  MaxSpareLv= 20
[0077.69] ScriptWarning: Accessed null class context 'WeaponDef'
        UIP_WeaponPage Transient.UI_FinanceMenu_0:UIP_WeaponPage_0
        Function doshext.UIP_WeaponPage:Timer:033D
[0077.69] ScriptWarning: Accessed null class context 'WeaponDef'
        UIP_WeaponPage Transient.UI_FinanceMenu_0:UIP_WeaponPage_0
        Function doshext.UIP_WeaponPage:Timer:033D
[0077.69] ScriptLog: WeaponPage: Added  Minigun  to sale list with price  2000
[0077.69] ScriptLog: WeaponPage: Added  FAMAS Masterkey  to sale list with price  1000
[0077.69] ScriptWarning: Accessed array 'Default__KFWeap_AutoTurret.WeaponProjectiles' out of bounds (0/0)
        KFWeap_AutoTurret kfgamecontent.Default__KFWeap_AutoTurret
        Function KFGame.KFWeap_ThrownBase:CalculateTraderWeaponStatDamage:001E
[0077.69] ScriptWarning: Accessed null class context 'ProjClass'
        KFWeap_AutoTurret kfgamecontent.Default__KFWeap_AutoTurret
        Function KFGame.KFWeap_ThrownBase:CalculateTraderWeaponStatDamage:002C
[0077.69] ScriptWarning: Accessed null class context 'ProjClass'
        KFWeap_AutoTurret kfgamecontent.Default__KFWeap_AutoTurret
        Function KFGame.KFWeap_ThrownBase:CalculateTraderWeaponStatDamage:00DC
[0077.69] ScriptWarning: Accessed null class context 'ProjClass'
        KFWeap_AutoTurret kfgamecontent.Default__KFWeap_AutoTurret
        Function KFGame.KFWeap_ThrownBase:CalculateTraderWeaponStatDamage:010D
[0077.69] ScriptLog: WeaponPage: Added  Sentinel  to sale list with price  500
[0077.69] ScriptLog: WeaponPage: Added  AR-15 Varmint Rifle  to sale list with price  200
[0077.69] ScriptLog: WeaponPage: Added  SA80 L85A2 Bullpup  to sale list with price  650
[0077.69] ScriptLog: WeaponPage: Added  Kalashnikov AK-12  to sale list with price  1100
[0077.69] ScriptLog: WeaponPage: Added  MKb.42(H) Carbine Rifle  to sale list with price  1100
[0077.69] ScriptLog: WeaponPage: Added  SCAR-H Assault Rifle  to sale list with price  1500
[0077.69] ScriptLog: WeaponPage: Added  Stoner 63A LMG  to sale list with price  1500
[0077.69] ScriptLog: WeaponPage: Added  HMTech-401 Assault Rifle  to sale list with price  1500
[0077.69] ScriptLog: WeaponPage: Added  HMTech-501 Grenade Rifle  to sale list with price  2000
[0077.69] ScriptLog: WeaponPage: Added  M16 M203 Assault Rifle  to sale list with price  1200
[0077.69] ScriptLog: WeaponPage: Added  FN FAL ACOG  to sale list with price  1500
[0077.69] ScriptLog: WeaponPage: Added  Tommy Gun  to sale list with price  650
[0077.69] ScriptLog: WeaponPage: Player already owns  KFGameContent.KFWeap_Healer_Syringe
[0077.69] ScriptLog: WeaponPage: Player already owns  KFGameContent.KFWeap_Welder
[0077.69] ScriptLog: WeaponPage: Added  MG3 Shredder  to sale list with price  2000
[0077.69] ScriptLog: WeaponPage: Player already owns  WeaponPackExt.KFWeap_AssaultRifle_M14EBR
[0077.69] ScriptLog: UpdateStatsDisplay: Dosh= 994879  SelectedInventoryIdx= 4  WPP= Ext_WeaponProperties_134
[0077.69] ScriptLog: Ext_WeaponProperties.CanAddDamage: ExtPRI= ExtPlayerReplicationInfo_0  DamageLv= 6  MaxDmgLv= 20  Score= 994879  NextDmgCost= 1190  Result= True
[0077.69] ScriptLog: Ext_WeaponProperties.CanAddDamage: ExtPRI= ExtPlayerReplicationInfo_0  DamageLv= 6  MaxDmgLv= 20  Score= 994879  NextDmgCost= 1190  Result= True
[0077.69] ScriptLog: UpdateStatsDisplay: DmgUpgradeBtn disabled= False  bIsInventorySelected= True  WPP= Ext_WeaponProperties_134  CanAddDamage= True
[0077.69] ScriptLog: UpdateStatsDisplay: Dosh= 994879  SelectedInventoryIdx= 4  WPP= Ext_WeaponProperties_134
[0077.69] ScriptLog: Ext_WeaponProperties.CanAddDamage: ExtPRI= ExtPlayerReplicationInfo_0  DamageLv= 6  MaxDmgLv= 20  Score= 994879  NextDmgCost= 1190  Result= True
[0077.69] ScriptLog: Ext_WeaponProperties.CanAddDamage: ExtPRI= ExtPlayerReplicationInfo_0  DamageLv= 6  MaxDmgLv= 20  Score= 994879  NextDmgCost= 1190  Result= True
[0077.69] ScriptLog: UpdateStatsDisplay: DmgUpgradeBtn disabled= False  bIsInventorySelected= True  WPP= Ext_WeaponProperties_134  CanAddDamage= True
[0077.69] ScriptLog: ExtPlayerController.ServerUpgradeWeaponDamage: Upgrade complete
[0077.88] ScriptLog: UIP_WeaponPage.OnUpgradeDamage: EXTPC= ExtPlayerController_0
[0077.88] ScriptLog: ExtPlayerController.ServerUpgradeWeaponDamage: PropIdx= 4  InvProperties.Length= 5
[0077.88] ScriptLog: ExtPlayerController.ServerUpgradeWeaponDamage: Calling AddDamage on InvProperties[ 4 ]
[0077.88] ScriptLog: Ext_WeaponProperties.CanAddDamage: ExtPRI= ExtPlayerReplicationInfo_0  DamageLv= 6  MaxDmgLv= 20  Score= 994879  NextDmgCost= 1190  Result= True
[0077.88] ScriptLog: ApplyModifiers: modded stats: Dmg= 153.0000  FireRate= 0.0800  Penetration= 2.0000  Magazine= 150  MaxAmmo= 1332
[0077.88] ScriptLog: ApplyModifiers: modded stats: Dmg= 153.0000  FireRate= 0.0800  Penetration= 2.0000  Magazine= 150  MaxAmmo= 1332
[0077.88] ScriptLog: Ext_WeaponProperties.SetMaxLvs: Using replicated ECurrentPerkPrestige= 20
[0077.88] ScriptLog: Ext_WeaponProperties.SetMaxLvs: MaxDmgLv= 20  MaxAoELv= 20  MaxDotLv= 20  MaxFireRateLv= 20  MaxPenetrationLv= 20  MaxMagazineLv= 20  MaxSpareLv= 20
[0077.88] ScriptLog: Ext_WeaponProperties.SetMaxLvs: Using replicated ECurrentPerkPrestige= 20
[0077.88] ScriptLog: Ext_WeaponProperties.SetMaxLvs: MaxDmgLv= 20  MaxAoELv= 20  MaxDotLv= 20  MaxFireRateLv= 20  MaxPenetrationLv= 20  MaxMagazineLv= 20  MaxSpareLv= 20
[0077.88] ScriptLog: Ext_WeaponProperties.SetMaxLvs: Using replicated ECurrentPerkPrestige= 20
[0077.88] ScriptLog: Ext_WeaponProperties.SetMaxLvs: MaxDmgLv= 20  MaxAoELv= 20  MaxDotLv= 20  MaxFireRateLv= 20  MaxPenetrationLv= 20  MaxMagazineLv= 20  MaxSpareLv= 20
[0077.88] ScriptLog: Ext_WeaponProperties.SetMaxLvs: Using replicated ECurrentPerkPrestige= 20
[0077.88] ScriptLog: Ext_WeaponProperties.SetMaxLvs: MaxDmgLv= 20  MaxAoELv= 20  MaxDotLv= 20  MaxFireRateLv= 20  MaxPenetrationLv= 20  MaxMagazineLv= 20  MaxSpareLv= 20
[0077.88] ScriptWarning: Accessed null class context 'WeaponDef'
        UIP_WeaponPage Transient.UI_FinanceMenu_0:UIP_WeaponPage_0
        Function doshext.UIP_WeaponPage:Timer:033D
[0077.88] ScriptWarning: Accessed null class context 'WeaponDef'
        UIP_WeaponPage Transient.UI_FinanceMenu_0:UIP_WeaponPage_0
        Function doshext.UIP_WeaponPage:Timer:033D
[0077.88] ScriptLog: WeaponPage: Added  Minigun  to sale list with price  2000
[0077.88] ScriptLog: WeaponPage: Added  FAMAS Masterkey  to sale list with price  1000
[0077.88] ScriptWarning: Accessed array 'Default__KFWeap_AutoTurret.WeaponProjectiles' out of bounds (0/0)
        KFWeap_AutoTurret kfgamecontent.Default__KFWeap_AutoTurret
        Function KFGame.KFWeap_ThrownBase:CalculateTraderWeaponStatDamage:001E
[0077.88] ScriptWarning: Accessed null class context 'ProjClass'
        KFWeap_AutoTurret kfgamecontent.Default__KFWeap_AutoTurret
        Function KFGame.KFWeap_ThrownBase:CalculateTraderWeaponStatDamage:002C
[0077.88] ScriptWarning: Accessed null class context 'ProjClass'
        KFWeap_AutoTurret kfgamecontent.Default__KFWeap_AutoTurret
        Function KFGame.KFWeap_ThrownBase:CalculateTraderWeaponStatDamage:00DC
[0077.88] ScriptWarning: Accessed null class context 'ProjClass'
        KFWeap_AutoTurret kfgamecontent.Default__KFWeap_AutoTurret
        Function KFGame.KFWeap_ThrownBase:CalculateTraderWeaponStatDamage:010D
[0077.88] ScriptLog: WeaponPage: Added  Sentinel  to sale list with price  500
[0077.88] ScriptLog: WeaponPage: Added  AR-15 Varmint Rifle  to sale list with price  200
[0077.88] ScriptLog: WeaponPage: Added  SA80 L85A2 Bullpup  to sale list with price  650
[0077.88] ScriptLog: WeaponPage: Added  Kalashnikov AK-12  to sale list with price  1100
[0077.88] ScriptLog: WeaponPage: Added  MKb.42(H) Carbine Rifle  to sale list with price  1100
[0077.88] ScriptLog: WeaponPage: Added  SCAR-H Assault Rifle  to sale list with price  1500
[0077.88] ScriptLog: WeaponPage: Added  Stoner 63A LMG  to sale list with price  1500
[0077.88] ScriptLog: WeaponPage: Added  HMTech-401 Assault Rifle  to sale list with price  1500
[0077.88] ScriptLog: WeaponPage: Added  HMTech-501 Grenade Rifle  to sale list with price  2000
[0077.88] ScriptLog: WeaponPage: Added  M16 M203 Assault Rifle  to sale list with price  1200
[0077.88] ScriptLog: WeaponPage: Added  FN FAL ACOG  to sale list with price  1500
[0077.88] ScriptLog: WeaponPage: Added  Tommy Gun  to sale list with price  650
[0077.88] ScriptLog: WeaponPage: Player already owns  KFGameContent.KFWeap_Healer_Syringe
[0077.88] ScriptLog: WeaponPage: Player already owns  KFGameContent.KFWeap_Welder
[0077.88] ScriptLog: WeaponPage: Added  MG3 Shredder  to sale list with price  2000
[0077.88] ScriptLog: WeaponPage: Player already owns  WeaponPackExt.KFWeap_AssaultRifle_M14EBR
[0077.88] ScriptLog: UpdateStatsDisplay: Dosh= 993689  SelectedInventoryIdx= 4  WPP= Ext_WeaponProperties_134
[0077.88] ScriptLog: Ext_WeaponProperties.CanAddDamage: ExtPRI= ExtPlayerReplicationInfo_0  DamageLv= 7  MaxDmgLv= 20  Score= 993689  NextDmgCost= 1360  Result= True
[0077.88] ScriptLog: Ext_WeaponProperties.CanAddDamage: ExtPRI= ExtPlayerReplicationInfo_0  DamageLv= 7  MaxDmgLv= 20  Score= 993689  NextDmgCost= 1360  Result= True
[0077.88] ScriptLog: UpdateStatsDisplay: DmgUpgradeBtn disabled= False  bIsInventorySelected= True  WPP= Ext_WeaponProperties_134  CanAddDamage= True
[0077.88] ScriptLog: UpdateStatsDisplay: Dosh= 993689  SelectedInventoryIdx= 4  WPP= Ext_WeaponProperties_134
[0077.88] ScriptLog: Ext_WeaponProperties.CanAddDamage: ExtPRI= ExtPlayerReplicationInfo_0  DamageLv= 7  MaxDmgLv= 20  Score= 993689  NextDmgCost= 1360  Result= True
[0077.88] ScriptLog: Ext_WeaponProperties.CanAddDamage: ExtPRI= ExtPlayerReplicationInfo_0  DamageLv= 7  MaxDmgLv= 20  Score= 993689  NextDmgCost= 1360  Result= True
[0077.88] ScriptLog: UpdateStatsDisplay: DmgUpgradeBtn disabled= False  bIsInventorySelected= True  WPP= Ext_WeaponProperties_134  CanAddDamage= True
[0077.88] ScriptLog: ApplyModifiers: modded stats: Dmg= 25.0000  FireRate= 0.2000  Penetration= 0.0000  Magazine= 75  MaxAmmo= -3
[0077.88] ScriptLog: ApplyModifiers: modded stats: Dmg= 20.0000  FireRate= 0.2000  Penetration= 0.0000  Magazine= 100  MaxAmmo= 0
[0077.88] ScriptLog: ApplyModifiers: modded stats: Dmg= 0.0000  FireRate= 0.2000  Penetration= 0.0000  Magazine= 100  MaxAmmo= 0
[0077.88] ScriptLog: ApplyModifiers: modded stats: Dmg= 32.0000  FireRate= 1.0000  Penetration= 0.0000  Magazine= 0  MaxAmmo= 0
[0077.88] ScriptLog: ApplyModifiers: modded stats: Dmg= 153.0000  FireRate= 0.0800  Penetration= 2.0000  Magazine= 150  MaxAmmo= 1332
[0077.88] ScriptLog: Ext_WeaponProperties.SetMaxLvs: Using replicated ECurrentPerkPrestige= 20
[0077.88] ScriptLog: Ext_WeaponProperties.SetMaxLvs: MaxDmgLv= 20  MaxAoELv= 20  MaxDotLv= 20  MaxFireRateLv= 20  MaxPenetrationLv= 20  MaxMagazineLv= 20  MaxSpareLv= 20
[0077.88] ScriptLog: Ext_WeaponProperties.SetMaxLvs: Using replicated ECurrentPerkPrestige= 20
[0077.88] ScriptLog: Ext_WeaponProperties.SetMaxLvs: MaxDmgLv= 20  MaxAoELv= 20  MaxDotLv= 20  MaxFireRateLv= 20  MaxPenetrationLv= 20  MaxMagazineLv= 20  MaxSpareLv= 20
[0077.88] ScriptLog: Ext_WeaponProperties.SetMaxLvs: Using replicated ECurrentPerkPrestige= 20
[0077.88] ScriptLog: Ext_WeaponProperties.SetMaxLvs: MaxDmgLv= 20  MaxAoELv= 20  MaxDotLv= 20  MaxFireRateLv= 20  MaxPenetrationLv= 20  MaxMagazineLv= 20  MaxSpareLv= 20
[0077.88] ScriptLog: Ext_WeaponProperties.SetMaxLvs: Using replicated ECurrentPerkPrestige= 20
[0077.88] ScriptLog: Ext_WeaponProperties.SetMaxLvs: MaxDmgLv= 20  MaxAoELv= 20  MaxDotLv= 20  MaxFireRateLv= 20  MaxPenetrationLv= 20  MaxMagazineLv= 20  MaxSpareLv= 20
[0077.88] ScriptWarning: Accessed null class context 'WeaponDef'
        UIP_WeaponPage Transient.UI_FinanceMenu_0:UIP_WeaponPage_0
        Function doshext.UIP_WeaponPage:Timer:033D
[0077.88] ScriptWarning: Accessed null class context 'WeaponDef'
        UIP_WeaponPage Transient.UI_FinanceMenu_0:UIP_WeaponPage_0
        Function doshext.UIP_WeaponPage:Timer:033D
[0077.88] ScriptLog: WeaponPage: Added  Minigun  to sale list with price  2000
[0077.88] ScriptLog: WeaponPage: Added  FAMAS Masterkey  to sale list with price  1000
[0077.88] ScriptWarning: Accessed array 'Default__KFWeap_AutoTurret.WeaponProjectiles' out of bounds (0/0)
        KFWeap_AutoTurret kfgamecontent.Default__KFWeap_AutoTurret
        Function KFGame.KFWeap_ThrownBase:CalculateTraderWeaponStatDamage:001E
[0077.88] ScriptWarning: Accessed null class context 'ProjClass'
        KFWeap_AutoTurret kfgamecontent.Default__KFWeap_AutoTurret
        Function KFGame.KFWeap_ThrownBase:CalculateTraderWeaponStatDamage:002C
[0077.88] ScriptWarning: Accessed null class context 'ProjClass'
        KFWeap_AutoTurret kfgamecontent.Default__KFWeap_AutoTurret
        Function KFGame.KFWeap_ThrownBase:CalculateTraderWeaponStatDamage:00DC
[0077.88] ScriptWarning: Accessed null class context 'ProjClass'
        KFWeap_AutoTurret kfgamecontent.Default__KFWeap_AutoTurret
        Function KFGame.KFWeap_ThrownBase:CalculateTraderWeaponStatDamage:010D
[0077.88] ScriptLog: WeaponPage: Added  Sentinel  to sale list with price  500
[0077.88] ScriptLog: WeaponPage: Added  AR-15 Varmint Rifle  to sale list with price  200
[0077.88] ScriptLog: WeaponPage: Added  SA80 L85A2 Bullpup  to sale list with price  650
[0077.88] ScriptLog: WeaponPage: Added  Kalashnikov AK-12  to sale list with price  1100
[0077.88] ScriptLog: WeaponPage: Added  MKb.42(H) Carbine Rifle  to sale list with price  1100
[0077.88] ScriptLog: WeaponPage: Added  SCAR-H Assault Rifle  to sale list with price  1500
[0077.88] ScriptLog: WeaponPage: Added  Stoner 63A LMG  to sale list with price  1500
[0077.88] ScriptLog: WeaponPage: Added  HMTech-401 Assault Rifle  to sale list with price  1500
[0077.88] ScriptLog: WeaponPage: Added  HMTech-501 Grenade Rifle  to sale list with price  2000
[0077.88] ScriptLog: WeaponPage: Added  M16 M203 Assault Rifle  to sale list with price  1200
[0077.88] ScriptLog: WeaponPage: Added  FN FAL ACOG  to sale list with price  1500
[0077.88] ScriptLog: WeaponPage: Added  Tommy Gun  to sale list with price  650
[0077.88] ScriptLog: WeaponPage: Player already owns  KFGameContent.KFWeap_Healer_Syringe
[0077.88] ScriptLog: WeaponPage: Player already owns  KFGameContent.KFWeap_Welder
[0077.88] ScriptLog: WeaponPage: Added  MG3 Shredder  to sale list with price  2000
[0077.88] ScriptLog: WeaponPage: Player already owns  WeaponPackExt.KFWeap_AssaultRifle_M14EBR
[0077.88] ScriptLog: UpdateStatsDisplay: Dosh= 993689  SelectedInventoryIdx= 4  WPP= Ext_WeaponProperties_134
[0077.88] ScriptLog: Ext_WeaponProperties.CanAddDamage: ExtPRI= ExtPlayerReplicationInfo_0  DamageLv= 7  MaxDmgLv= 20  Score= 993689  NextDmgCost= 1360  Result= True
[0077.88] ScriptLog: Ext_WeaponProperties.CanAddDamage: ExtPRI= ExtPlayerReplicationInfo_0  DamageLv= 7  MaxDmgLv= 20  Score= 993689  NextDmgCost= 1360  Result= True
[0077.88] ScriptLog: UpdateStatsDisplay: DmgUpgradeBtn disabled= False  bIsInventorySelected= True  WPP= Ext_WeaponProperties_134  CanAddDamage= True
[0077.88] ScriptLog: UpdateStatsDisplay: Dosh= 993689  SelectedInventoryIdx= 4  WPP= Ext_WeaponProperties_134
[0077.88] ScriptLog: Ext_WeaponProperties.CanAddDamage: ExtPRI= ExtPlayerReplicationInfo_0  DamageLv= 7  MaxDmgLv= 20  Score= 993689  NextDmgCost= 1360  Result= True
[0077.88] ScriptLog: Ext_WeaponProperties.CanAddDamage: ExtPRI= ExtPlayerReplicationInfo_0  DamageLv= 7  MaxDmgLv= 20  Score= 993689  NextDmgCost= 1360  Result= True
[0077.88] ScriptLog: UpdateStatsDisplay: DmgUpgradeBtn disabled= False  bIsInventorySelected= True  WPP= Ext_WeaponProperties_134  CanAddDamage= True
[0077.88] ScriptLog: ExtPlayerController.ServerUpgradeWeaponDamage: Upgrade complete
[0078.09] ScriptLog: UIP_WeaponPage.OnUpgradeDamage: EXTPC= ExtPlayerController_0
[0078.09] ScriptLog: ExtPlayerController.ServerUpgradeWeaponDamage: PropIdx= 4  InvProperties.Length= 5
[0078.09] ScriptLog: ExtPlayerController.ServerUpgradeWeaponDamage: Calling AddDamage on InvProperties[ 4 ]
[0078.09] ScriptLog: Ext_WeaponProperties.CanAddDamage: ExtPRI= ExtPlayerReplicationInfo_0  DamageLv= 7  MaxDmgLv= 20  Score= 993689  NextDmgCost= 1360  Result= True
[0078.09] ScriptLog: ApplyModifiers: modded stats: Dmg= 162.0000  FireRate= 0.0800  Penetration= 2.0000  Magazine= 150  MaxAmmo= 1332
[0078.09] ScriptLog: ApplyModifiers: modded stats: Dmg= 162.0000  FireRate= 0.0800  Penetration= 2.0000  Magazine= 150  MaxAmmo= 1332
[0078.09] ScriptLog: Ext_WeaponProperties.SetMaxLvs: Using replicated ECurrentPerkPrestige= 20
[0078.09] ScriptLog: Ext_WeaponProperties.SetMaxLvs: MaxDmgLv= 20  MaxAoELv= 20  MaxDotLv= 20  MaxFireRateLv= 20  MaxPenetrationLv= 20  MaxMagazineLv= 20  MaxSpareLv= 20
[0078.09] ScriptLog: Ext_WeaponProperties.SetMaxLvs: Using replicated ECurrentPerkPrestige= 20
[0078.09] ScriptLog: Ext_WeaponProperties.SetMaxLvs: MaxDmgLv= 20  MaxAoELv= 20  MaxDotLv= 20  MaxFireRateLv= 20  MaxPenetrationLv= 20  MaxMagazineLv= 20  MaxSpareLv= 20
[0078.09] ScriptLog: Ext_WeaponProperties.SetMaxLvs: Using replicated ECurrentPerkPrestige= 20
[0078.09] ScriptLog: Ext_WeaponProperties.SetMaxLvs: MaxDmgLv= 20  MaxAoELv= 20  MaxDotLv= 20  MaxFireRateLv= 20  MaxPenetrationLv= 20  MaxMagazineLv= 20  MaxSpareLv= 20
[0078.09] ScriptLog: Ext_WeaponProperties.SetMaxLvs: Using replicated ECurrentPerkPrestige= 20
[0078.09] ScriptLog: Ext_WeaponProperties.SetMaxLvs: MaxDmgLv= 20  MaxAoELv= 20  MaxDotLv= 20  MaxFireRateLv= 20  MaxPenetrationLv= 20  MaxMagazineLv= 20  MaxSpareLv= 20
[0078.09] ScriptWarning: Accessed null class context 'WeaponDef'
        UIP_WeaponPage Transient.UI_FinanceMenu_0:UIP_WeaponPage_0
        Function doshext.UIP_WeaponPage:Timer:033D
[0078.09] ScriptWarning: Accessed null class context 'WeaponDef'
        UIP_WeaponPage Transient.UI_FinanceMenu_0:UIP_WeaponPage_0
        Function doshext.UIP_WeaponPage:Timer:033D
[0078.09] ScriptLog: WeaponPage: Added  Minigun  to sale list with price  2000
[0078.09] ScriptLog: WeaponPage: Added  FAMAS Masterkey  to sale list with price  1000
[0078.09] ScriptWarning: Accessed array 'Default__KFWeap_AutoTurret.WeaponProjectiles' out of bounds (0/0)
        KFWeap_AutoTurret kfgamecontent.Default__KFWeap_AutoTurret
        Function KFGame.KFWeap_ThrownBase:CalculateTraderWeaponStatDamage:001E
[0078.09] ScriptWarning: Accessed null class context 'ProjClass'
        KFWeap_AutoTurret kfgamecontent.Default__KFWeap_AutoTurret
        Function KFGame.KFWeap_ThrownBase:CalculateTraderWeaponStatDamage:002C
[0078.09] ScriptWarning: Accessed null class context 'ProjClass'
        KFWeap_AutoTurret kfgamecontent.Default__KFWeap_AutoTurret
        Function KFGame.KFWeap_ThrownBase:CalculateTraderWeaponStatDamage:00DC
[0078.09] ScriptWarning: Accessed null class context 'ProjClass'
        KFWeap_AutoTurret kfgamecontent.Default__KFWeap_AutoTurret
        Function KFGame.KFWeap_ThrownBase:CalculateTraderWeaponStatDamage:010D
[0078.09] ScriptLog: WeaponPage: Added  Sentinel  to sale list with price  500
[0078.09] ScriptLog: WeaponPage: Added  AR-15 Varmint Rifle  to sale list with price  200
[0078.09] ScriptLog: WeaponPage: Added  SA80 L85A2 Bullpup  to sale list with price  650
[0078.09] ScriptLog: WeaponPage: Added  Kalashnikov AK-12  to sale list with price  1100
[0078.09] ScriptLog: WeaponPage: Added  MKb.42(H) Carbine Rifle  to sale list with price  1100
[0078.09] ScriptLog: WeaponPage: Added  SCAR-H Assault Rifle  to sale list with price  1500
[0078.09] ScriptLog: WeaponPage: Added  Stoner 63A LMG  to sale list with price  1500
[0078.09] ScriptLog: WeaponPage: Added  HMTech-401 Assault Rifle  to sale list with price  1500
[0078.09] ScriptLog: WeaponPage: Added  HMTech-501 Grenade Rifle  to sale list with price  2000
[0078.09] ScriptLog: WeaponPage: Added  M16 M203 Assault Rifle  to sale list with price  1200
[0078.09] ScriptLog: WeaponPage: Added  FN FAL ACOG  to sale list with price  1500
[0078.09] ScriptLog: WeaponPage: Added  Tommy Gun  to sale list with price  650
[0078.09] ScriptLog: WeaponPage: Player already owns  KFGameContent.KFWeap_Healer_Syringe
[0078.09] ScriptLog: WeaponPage: Player already owns  KFGameContent.KFWeap_Welder
[0078.09] ScriptLog: WeaponPage: Added  MG3 Shredder  to sale list with price  2000
[0078.09] ScriptLog: WeaponPage: Player already owns  WeaponPackExt.KFWeap_AssaultRifle_M14EBR
[0078.09] ScriptLog: UpdateStatsDisplay: Dosh= 992329  SelectedInventoryIdx= 4  WPP= Ext_WeaponProperties_134
[0078.09] ScriptLog: Ext_WeaponProperties.CanAddDamage: ExtPRI= ExtPlayerReplicationInfo_0  DamageLv= 8  MaxDmgLv= 20  Score= 992329  NextDmgCost= 1530  Result= True
[0078.09] ScriptLog: Ext_WeaponProperties.CanAddDamage: ExtPRI= ExtPlayerReplicationInfo_0  DamageLv= 8  MaxDmgLv= 20  Score= 992329  NextDmgCost= 1530  Result= True
[0078.09] ScriptLog: UpdateStatsDisplay: DmgUpgradeBtn disabled= False  bIsInventorySelected= True  WPP= Ext_WeaponProperties_134  CanAddDamage= True
[0078.09] ScriptLog: UpdateStatsDisplay: Dosh= 992329  SelectedInventoryIdx= 4  WPP= Ext_WeaponProperties_134
[0078.09] ScriptLog: Ext_WeaponProperties.CanAddDamage: ExtPRI= ExtPlayerReplicationInfo_0  DamageLv= 8  MaxDmgLv= 20  Score= 992329  NextDmgCost= 1530  Result= True
[0078.09] ScriptLog: Ext_WeaponProperties.CanAddDamage: ExtPRI= ExtPlayerReplicationInfo_0  DamageLv= 8  MaxDmgLv= 20  Score= 992329  NextDmgCost= 1530  Result= True
[0078.09] ScriptLog: UpdateStatsDisplay: DmgUpgradeBtn disabled= False  bIsInventorySelected= True  WPP= Ext_WeaponProperties_134  CanAddDamage= True
[0078.09] ScriptLog: ApplyModifiers: modded stats: Dmg= 25.0000  FireRate= 0.2000  Penetration= 0.0000  Magazine= 75  MaxAmmo= -3
[0078.09] ScriptLog: ApplyModifiers: modded stats: Dmg= 20.0000  FireRate= 0.2000  Penetration= 0.0000  Magazine= 100  MaxAmmo= 0
[0078.09] ScriptLog: ApplyModifiers: modded stats: Dmg= 0.0000  FireRate= 0.2000  Penetration= 0.0000  Magazine= 100  MaxAmmo= 0
[0078.09] ScriptLog: ApplyModifiers: modded stats: Dmg= 32.0000  FireRate= 1.0000  Penetration= 0.0000  Magazine= 0  MaxAmmo= 0
[0078.09] ScriptLog: ApplyModifiers: modded stats: Dmg= 162.0000  FireRate= 0.0800  Penetration= 2.0000  Magazine= 150  MaxAmmo= 1332
[0078.09] ScriptLog: Ext_WeaponProperties.SetMaxLvs: Using replicated ECurrentPerkPrestige= 20
[0078.09] ScriptLog: Ext_WeaponProperties.SetMaxLvs: MaxDmgLv= 20  MaxAoELv= 20  MaxDotLv= 20  MaxFireRateLv= 20  MaxPenetrationLv= 20  MaxMagazineLv= 20  MaxSpareLv= 20
[0078.09] ScriptLog: Ext_WeaponProperties.SetMaxLvs: Using replicated ECurrentPerkPrestige= 20
[0078.09] ScriptLog: Ext_WeaponProperties.SetMaxLvs: MaxDmgLv= 20  MaxAoELv= 20  MaxDotLv= 20  MaxFireRateLv= 20  MaxPenetrationLv= 20  MaxMagazineLv= 20  MaxSpareLv= 20
[0078.09] ScriptLog: Ext_WeaponProperties.SetMaxLvs: Using replicated ECurrentPerkPrestige= 20
[0078.09] ScriptLog: Ext_WeaponProperties.SetMaxLvs: MaxDmgLv= 20  MaxAoELv= 20  MaxDotLv= 20  MaxFireRateLv= 20  MaxPenetrationLv= 20  MaxMagazineLv= 20  MaxSpareLv= 20
[0078.09] ScriptLog: Ext_WeaponProperties.SetMaxLvs: Using replicated ECurrentPerkPrestige= 20
[0078.09] ScriptLog: Ext_WeaponProperties.SetMaxLvs: MaxDmgLv= 20  MaxAoELv= 20  MaxDotLv= 20  MaxFireRateLv= 20  MaxPenetrationLv= 20  MaxMagazineLv= 20  MaxSpareLv= 20
[0078.09] ScriptWarning: Accessed null class context 'WeaponDef'
        UIP_WeaponPage Transient.UI_FinanceMenu_0:UIP_WeaponPage_0
        Function doshext.UIP_WeaponPage:Timer:033D
[0078.09] ScriptWarning: Accessed null class context 'WeaponDef'
        UIP_WeaponPage Transient.UI_FinanceMenu_0:UIP_WeaponPage_0
        Function doshext.UIP_WeaponPage:Timer:033D
[0078.09] ScriptLog: WeaponPage: Added  Minigun  to sale list with price  2000
[0078.09] ScriptLog: WeaponPage: Added  FAMAS Masterkey  to sale list with price  1000
[0078.09] ScriptWarning: Accessed array 'Default__KFWeap_AutoTurret.WeaponProjectiles' out of bounds (0/0)
        KFWeap_AutoTurret kfgamecontent.Default__KFWeap_AutoTurret
        Function KFGame.KFWeap_ThrownBase:CalculateTraderWeaponStatDamage:001E
[0078.09] ScriptWarning: Accessed null class context 'ProjClass'
        KFWeap_AutoTurret kfgamecontent.Default__KFWeap_AutoTurret
        Function KFGame.KFWeap_ThrownBase:CalculateTraderWeaponStatDamage:002C
[0078.09] ScriptWarning: Accessed null class context 'ProjClass'
        KFWeap_AutoTurret kfgamecontent.Default__KFWeap_AutoTurret
        Function KFGame.KFWeap_ThrownBase:CalculateTraderWeaponStatDamage:00DC
[0078.09] ScriptWarning: Accessed null class context 'ProjClass'
        KFWeap_AutoTurret kfgamecontent.Default__KFWeap_AutoTurret
        Function KFGame.KFWeap_ThrownBase:CalculateTraderWeaponStatDamage:010D
[0078.09] ScriptLog: WeaponPage: Added  Sentinel  to sale list with price  500
[0078.09] ScriptLog: WeaponPage: Added  AR-15 Varmint Rifle  to sale list with price  200
[0078.09] ScriptLog: WeaponPage: Added  SA80 L85A2 Bullpup  to sale list with price  650
[0078.09] ScriptLog: WeaponPage: Added  Kalashnikov AK-12  to sale list with price  1100
[0078.09] ScriptLog: WeaponPage: Added  MKb.42(H) Carbine Rifle  to sale list with price  1100
[0078.09] ScriptLog: WeaponPage: Added  SCAR-H Assault Rifle  to sale list with price  1500
[0078.09] ScriptLog: WeaponPage: Added  Stoner 63A LMG  to sale list with price  1500
[0078.09] ScriptLog: WeaponPage: Added  HMTech-401 Assault Rifle  to sale list with price  1500
[0078.09] ScriptLog: WeaponPage: Added  HMTech-501 Grenade Rifle  to sale list with price  2000
[0078.09] ScriptLog: WeaponPage: Added  M16 M203 Assault Rifle  to sale list with price  1200
[0078.09] ScriptLog: WeaponPage: Added  FN FAL ACOG  to sale list with price  1500
[0078.09] ScriptLog: WeaponPage: Added  Tommy Gun  to sale list with price  650
[0078.09] ScriptLog: WeaponPage: Player already owns  KFGameContent.KFWeap_Healer_Syringe
[0078.09] ScriptLog: WeaponPage: Player already owns  KFGameContent.KFWeap_Welder
[0078.09] ScriptLog: WeaponPage: Added  MG3 Shredder  to sale list with price  2000
[0078.09] ScriptLog: WeaponPage: Player already owns  WeaponPackExt.KFWeap_AssaultRifle_M14EBR
[0078.09] ScriptLog: UpdateStatsDisplay: Dosh= 992329  SelectedInventoryIdx= 4  WPP= Ext_WeaponProperties_134
[0078.09] ScriptLog: Ext_WeaponProperties.CanAddDamage: ExtPRI= ExtPlayerReplicationInfo_0  DamageLv= 8  MaxDmgLv= 20  Score= 992329  NextDmgCost= 1530  Result= True
[0078.09] ScriptLog: Ext_WeaponProperties.CanAddDamage: ExtPRI= ExtPlayerReplicationInfo_0  DamageLv= 8  MaxDmgLv= 20  Score= 992329  NextDmgCost= 1530  Result= True
[0078.09] ScriptLog: UpdateStatsDisplay: DmgUpgradeBtn disabled= False  bIsInventorySelected= True  WPP= Ext_WeaponProperties_134  CanAddDamage= True
[0078.09] ScriptLog: UpdateStatsDisplay: Dosh= 992329  SelectedInventoryIdx= 4  WPP= Ext_WeaponProperties_134
[0078.09] ScriptLog: Ext_WeaponProperties.CanAddDamage: ExtPRI= ExtPlayerReplicationInfo_0  DamageLv= 8  MaxDmgLv= 20  Score= 992329  NextDmgCost= 1530  Result= True
[0078.09] ScriptLog: Ext_WeaponProperties.CanAddDamage: ExtPRI= ExtPlayerReplicationInfo_0  DamageLv= 8  MaxDmgLv= 20  Score= 992329  NextDmgCost= 1530  Result= True
[0078.09] ScriptLog: UpdateStatsDisplay: DmgUpgradeBtn disabled= False  bIsInventorySelected= True  WPP= Ext_WeaponProperties_134  CanAddDamage= True
[0078.09] ScriptLog: ExtPlayerController.ServerUpgradeWeaponDamage: Upgrade complete
[0078.27] ScriptLog: UIP_WeaponPage.OnUpgradeDamage: EXTPC= ExtPlayerController_0
[0078.27] ScriptLog: ExtPlayerController.ServerUpgradeWeaponDamage: PropIdx= 4  InvProperties.Length= 5
[0078.27] ScriptLog: ExtPlayerController.ServerUpgradeWeaponDamage: Calling AddDamage on InvProperties[ 4 ]
[0078.27] ScriptLog: Ext_WeaponProperties.CanAddDamage: ExtPRI= ExtPlayerReplicationInfo_0  DamageLv= 8  MaxDmgLv= 20  Score= 992329  NextDmgCost= 1530  Result= True
[0078.27] ScriptLog: ApplyModifiers: modded stats: Dmg= 171.0000  FireRate= 0.0800  Penetration= 2.0000  Magazine= 150  MaxAmmo= 1332
[0078.27] ScriptLog: ApplyModifiers: modded stats: Dmg= 171.0000  FireRate= 0.0800  Penetration= 2.0000  Magazine= 150  MaxAmmo= 1332
[0078.27] ScriptLog: Ext_WeaponProperties.SetMaxLvs: Using replicated ECurrentPerkPrestige= 20
[0078.27] ScriptLog: Ext_WeaponProperties.SetMaxLvs: MaxDmgLv= 20  MaxAoELv= 20  MaxDotLv= 20  MaxFireRateLv= 20  MaxPenetrationLv= 20  MaxMagazineLv= 20  MaxSpareLv= 20
[0078.27] ScriptLog: Ext_WeaponProperties.SetMaxLvs: Using replicated ECurrentPerkPrestige= 20
[0078.27] ScriptLog: Ext_WeaponProperties.SetMaxLvs: MaxDmgLv= 20  MaxAoELv= 20  MaxDotLv= 20  MaxFireRateLv= 20  MaxPenetrationLv= 20  MaxMagazineLv= 20  MaxSpareLv= 20
[0078.27] ScriptLog: Ext_WeaponProperties.SetMaxLvs: Using replicated ECurrentPerkPrestige= 20
[0078.27] ScriptLog: Ext_WeaponProperties.SetMaxLvs: MaxDmgLv= 20  MaxAoELv= 20  MaxDotLv= 20  MaxFireRateLv= 20  MaxPenetrationLv= 20  MaxMagazineLv= 20  MaxSpareLv= 20
[0078.27] ScriptLog: Ext_WeaponProperties.SetMaxLvs: Using replicated ECurrentPerkPrestige= 20
[0078.27] ScriptLog: Ext_WeaponProperties.SetMaxLvs: MaxDmgLv= 20  MaxAoELv= 20  MaxDotLv= 20  MaxFireRateLv= 20  MaxPenetrationLv= 20  MaxMagazineLv= 20  MaxSpareLv= 20
[0078.27] ScriptWarning: Accessed null class context 'WeaponDef'
        UIP_WeaponPage Transient.UI_FinanceMenu_0:UIP_WeaponPage_0
        Function doshext.UIP_WeaponPage:Timer:033D
[0078.27] ScriptWarning: Accessed null class context 'WeaponDef'
        UIP_WeaponPage Transient.UI_FinanceMenu_0:UIP_WeaponPage_0
        Function doshext.UIP_WeaponPage:Timer:033D
[0078.27] ScriptLog: WeaponPage: Added  Minigun  to sale list with price  2000
[0078.27] ScriptLog: WeaponPage: Added  FAMAS Masterkey  to sale list with price  1000
[0078.27] ScriptWarning: Accessed array 'Default__KFWeap_AutoTurret.WeaponProjectiles' out of bounds (0/0)
        KFWeap_AutoTurret kfgamecontent.Default__KFWeap_AutoTurret
        Function KFGame.KFWeap_ThrownBase:CalculateTraderWeaponStatDamage:001E
[0078.27] ScriptWarning: Accessed null class context 'ProjClass'
        KFWeap_AutoTurret kfgamecontent.Default__KFWeap_AutoTurret
        Function KFGame.KFWeap_ThrownBase:CalculateTraderWeaponStatDamage:002C
[0078.27] ScriptWarning: Accessed null class context 'ProjClass'
        KFWeap_AutoTurret kfgamecontent.Default__KFWeap_AutoTurret
        Function KFGame.KFWeap_ThrownBase:CalculateTraderWeaponStatDamage:00DC
[0078.27] ScriptWarning: Accessed null class context 'ProjClass'
        KFWeap_AutoTurret kfgamecontent.Default__KFWeap_AutoTurret
        Function KFGame.KFWeap_ThrownBase:CalculateTraderWeaponStatDamage:010D
[0078.27] ScriptLog: WeaponPage: Added  Sentinel  to sale list with price  500
[0078.27] ScriptLog: WeaponPage: Added  AR-15 Varmint Rifle  to sale list with price  200
[0078.27] ScriptLog: WeaponPage: Added  SA80 L85A2 Bullpup  to sale list with price  650
[0078.27] ScriptLog: WeaponPage: Added  Kalashnikov AK-12  to sale list with price  1100
[0078.27] ScriptLog: WeaponPage: Added  MKb.42(H) Carbine Rifle  to sale list with price  1100
[0078.27] ScriptLog: WeaponPage: Added  SCAR-H Assault Rifle  to sale list with price  1500
[0078.27] ScriptLog: WeaponPage: Added  Stoner 63A LMG  to sale list with price  1500
[0078.27] ScriptLog: WeaponPage: Added  HMTech-401 Assault Rifle  to sale list with price  1500
[0078.27] ScriptLog: WeaponPage: Added  HMTech-501 Grenade Rifle  to sale list with price  2000
[0078.27] ScriptLog: WeaponPage: Added  M16 M203 Assault Rifle  to sale list with price  1200
[0078.27] ScriptLog: WeaponPage: Added  FN FAL ACOG  to sale list with price  1500
[0078.27] ScriptLog: WeaponPage: Added  Tommy Gun  to sale list with price  650
[0078.27] ScriptLog: WeaponPage: Player already owns  KFGameContent.KFWeap_Healer_Syringe
[0078.27] ScriptLog: WeaponPage: Player already owns  KFGameContent.KFWeap_Welder
[0078.27] ScriptLog: WeaponPage: Added  MG3 Shredder  to sale list with price  2000
[0078.27] ScriptLog: WeaponPage: Player already owns  WeaponPackExt.KFWeap_AssaultRifle_M14EBR
[0078.27] ScriptLog: UpdateStatsDisplay: Dosh= 990799  SelectedInventoryIdx= 4  WPP= Ext_WeaponProperties_134
[0078.27] ScriptLog: Ext_WeaponProperties.CanAddDamage: ExtPRI= ExtPlayerReplicationInfo_0  DamageLv= 9  MaxDmgLv= 20  Score= 990799  NextDmgCost= 1700  Result= True
[0078.27] ScriptLog: Ext_WeaponProperties.CanAddDamage: ExtPRI= ExtPlayerReplicationInfo_0  DamageLv= 9  MaxDmgLv= 20  Score= 990799  NextDmgCost= 1700  Result= True
[0078.27] ScriptLog: UpdateStatsDisplay: DmgUpgradeBtn disabled= False  bIsInventorySelected= True  WPP= Ext_WeaponProperties_134  CanAddDamage= True
[0078.27] ScriptLog: UpdateStatsDisplay: Dosh= 990799  SelectedInventoryIdx= 4  WPP= Ext_WeaponProperties_134
[0078.27] ScriptLog: Ext_WeaponProperties.CanAddDamage: ExtPRI= ExtPlayerReplicationInfo_0  DamageLv= 9  MaxDmgLv= 20  Score= 990799  NextDmgCost= 1700  Result= True
[0078.27] ScriptLog: Ext_WeaponProperties.CanAddDamage: ExtPRI= ExtPlayerReplicationInfo_0  DamageLv= 9  MaxDmgLv= 20  Score= 990799  NextDmgCost= 1700  Result= True
[0078.27] ScriptLog: UpdateStatsDisplay: DmgUpgradeBtn disabled= False  bIsInventorySelected= True  WPP= Ext_WeaponProperties_134  CanAddDamage= True
[0078.27] ScriptLog: ApplyModifiers: modded stats: Dmg= 25.0000  FireRate= 0.2000  Penetration= 0.0000  Magazine= 75  MaxAmmo= -3
[0078.27] ScriptLog: ApplyModifiers: modded stats: Dmg= 20.0000  FireRate= 0.2000  Penetration= 0.0000  Magazine= 100  MaxAmmo= 0
[0078.27] ScriptLog: ApplyModifiers: modded stats: Dmg= 0.0000  FireRate= 0.2000  Penetration= 0.0000  Magazine= 100  MaxAmmo= 0
[0078.27] ScriptLog: ApplyModifiers: modded stats: Dmg= 32.0000  FireRate= 1.0000  Penetration= 0.0000  Magazine= 0  MaxAmmo= 0
[0078.27] ScriptLog: ApplyModifiers: modded stats: Dmg= 171.0000  FireRate= 0.0800  Penetration= 2.0000  Magazine= 150  MaxAmmo= 1332
[0078.27] ScriptLog: Ext_WeaponProperties.SetMaxLvs: Using replicated ECurrentPerkPrestige= 20
[0078.27] ScriptLog: Ext_WeaponProperties.SetMaxLvs: MaxDmgLv= 20  MaxAoELv= 20  MaxDotLv= 20  MaxFireRateLv= 20  MaxPenetrationLv= 20  MaxMagazineLv= 20  MaxSpareLv= 20
[0078.27] ScriptLog: Ext_WeaponProperties.SetMaxLvs: Using replicated ECurrentPerkPrestige= 20
[0078.27] ScriptLog: Ext_WeaponProperties.SetMaxLvs: MaxDmgLv= 20  MaxAoELv= 20  MaxDotLv= 20  MaxFireRateLv= 20  MaxPenetrationLv= 20  MaxMagazineLv= 20  MaxSpareLv= 20
[0078.27] ScriptLog: Ext_WeaponProperties.SetMaxLvs: Using replicated ECurrentPerkPrestige= 20
[0078.27] ScriptLog: Ext_WeaponProperties.SetMaxLvs: MaxDmgLv= 20  MaxAoELv= 20  MaxDotLv= 20  MaxFireRateLv= 20  MaxPenetrationLv= 20  MaxMagazineLv= 20  MaxSpareLv= 20
[0078.27] ScriptLog: Ext_WeaponProperties.SetMaxLvs: Using replicated ECurrentPerkPrestige= 20
[0078.27] ScriptLog: Ext_WeaponProperties.SetMaxLvs: MaxDmgLv= 20  MaxAoELv= 20  MaxDotLv= 20  MaxFireRateLv= 20  MaxPenetrationLv= 20  MaxMagazineLv= 20  MaxSpareLv= 20
[0078.27] ScriptWarning: Accessed null class context 'WeaponDef'
        UIP_WeaponPage Transient.UI_FinanceMenu_0:UIP_WeaponPage_0
        Function doshext.UIP_WeaponPage:Timer:033D
[0078.27] ScriptWarning: Accessed null class context 'WeaponDef'
        UIP_WeaponPage Transient.UI_FinanceMenu_0:UIP_WeaponPage_0
        Function doshext.UIP_WeaponPage:Timer:033D
[0078.27] ScriptLog: WeaponPage: Added  Minigun  to sale list with price  2000
[0078.27] ScriptLog: WeaponPage: Added  FAMAS Masterkey  to sale list with price  1000
[0078.27] ScriptWarning: Accessed array 'Default__KFWeap_AutoTurret.WeaponProjectiles' out of bounds (0/0)
        KFWeap_AutoTurret kfgamecontent.Default__KFWeap_AutoTurret
        Function KFGame.KFWeap_ThrownBase:CalculateTraderWeaponStatDamage:001E
[0078.27] ScriptWarning: Accessed null class context 'ProjClass'
        KFWeap_AutoTurret kfgamecontent.Default__KFWeap_AutoTurret
        Function KFGame.KFWeap_ThrownBase:CalculateTraderWeaponStatDamage:002C
[0078.27] ScriptWarning: Accessed null class context 'ProjClass'
        KFWeap_AutoTurret kfgamecontent.Default__KFWeap_AutoTurret
        Function KFGame.KFWeap_ThrownBase:CalculateTraderWeaponStatDamage:00DC
[0078.27] ScriptWarning: Accessed null class context 'ProjClass'
        KFWeap_AutoTurret kfgamecontent.Default__KFWeap_AutoTurret
        Function KFGame.KFWeap_ThrownBase:CalculateTraderWeaponStatDamage:010D
[0078.27] ScriptLog: WeaponPage: Added  Sentinel  to sale list with price  500
[0078.27] ScriptLog: WeaponPage: Added  AR-15 Varmint Rifle  to sale list with price  200
[0078.27] ScriptLog: WeaponPage: Added  SA80 L85A2 Bullpup  to sale list with price  650
[0078.27] ScriptLog: WeaponPage: Added  Kalashnikov AK-12  to sale list with price  1100
[0078.27] ScriptLog: WeaponPage: Added  MKb.42(H) Carbine Rifle  to sale list with price  1100
[0078.27] ScriptLog: WeaponPage: Added  SCAR-H Assault Rifle  to sale list with price  1500
[0078.27] ScriptLog: WeaponPage: Added  Stoner 63A LMG  to sale list with price  1500
[0078.27] ScriptLog: WeaponPage: Added  HMTech-401 Assault Rifle  to sale list with price  1500
[0078.27] ScriptLog: WeaponPage: Added  HMTech-501 Grenade Rifle  to sale list with price  2000
[0078.27] ScriptLog: WeaponPage: Added  M16 M203 Assault Rifle  to sale list with price  1200
[0078.27] ScriptLog: WeaponPage: Added  FN FAL ACOG  to sale list with price  1500
[0078.27] ScriptLog: WeaponPage: Added  Tommy Gun  to sale list with price  650
[0078.27] ScriptLog: WeaponPage: Player already owns  KFGameContent.KFWeap_Healer_Syringe
[0078.27] ScriptLog: WeaponPage: Player already owns  KFGameContent.KFWeap_Welder
[0078.27] ScriptLog: WeaponPage: Added  MG3 Shredder  to sale list with price  2000
[0078.27] ScriptLog: WeaponPage: Player already owns  WeaponPackExt.KFWeap_AssaultRifle_M14EBR
[0078.27] ScriptLog: UpdateStatsDisplay: Dosh= 990799  SelectedInventoryIdx= 4  WPP= Ext_WeaponProperties_134
[0078.27] ScriptLog: Ext_WeaponProperties.CanAddDamage: ExtPRI= ExtPlayerReplicationInfo_0  DamageLv= 9  MaxDmgLv= 20  Score= 990799  NextDmgCost= 1700  Result= True
[0078.27] ScriptLog: Ext_WeaponProperties.CanAddDamage: ExtPRI= ExtPlayerReplicationInfo_0  DamageLv= 9  MaxDmgLv= 20  Score= 990799  NextDmgCost= 1700  Result= True
[0078.27] ScriptLog: UpdateStatsDisplay: DmgUpgradeBtn disabled= False  bIsInventorySelected= True  WPP= Ext_WeaponProperties_134  CanAddDamage= True
[0078.27] ScriptLog: UpdateStatsDisplay: Dosh= 990799  SelectedInventoryIdx= 4  WPP= Ext_WeaponProperties_134
[0078.27] ScriptLog: Ext_WeaponProperties.CanAddDamage: ExtPRI= ExtPlayerReplicationInfo_0  DamageLv= 9  MaxDmgLv= 20  Score= 990799  NextDmgCost= 1700  Result= True
[0078.27] ScriptLog: Ext_WeaponProperties.CanAddDamage: ExtPRI= ExtPlayerReplicationInfo_0  DamageLv= 9  MaxDmgLv= 20  Score= 990799  NextDmgCost= 1700  Result= True
[0078.27] ScriptLog: UpdateStatsDisplay: DmgUpgradeBtn disabled= False  bIsInventorySelected= True  WPP= Ext_WeaponProperties_134  CanAddDamage= True
[0078.27] ScriptLog: ExtPlayerController.ServerUpgradeWeaponDamage: Upgrade complete
[0078.48] ScriptLog: UIP_WeaponPage.OnUpgradeDamage: EXTPC= ExtPlayerController_0
[0078.48] ScriptLog: ExtPlayerController.ServerUpgradeWeaponDamage: PropIdx= 4  InvProperties.Length= 5
[0078.48] ScriptLog: ExtPlayerController.ServerUpgradeWeaponDamage: Calling AddDamage on InvProperties[ 4 ]
[0078.48] ScriptLog: Ext_WeaponProperties.CanAddDamage: ExtPRI= ExtPlayerReplicationInfo_0  DamageLv= 9  MaxDmgLv= 20  Score= 990799  NextDmgCost= 1700  Result= True
[0078.48] ScriptLog: ApplyModifiers: modded stats: Dmg= 180.0000  FireRate= 0.0800  Penetration= 2.0000  Magazine= 150  MaxAmmo= 1332
[0078.48] ScriptLog: ApplyModifiers: modded stats: Dmg= 180.0000  FireRate= 0.0800  Penetration= 2.0000  Magazine= 150  MaxAmmo= 1332
[0078.48] ScriptLog: Ext_WeaponProperties.SetMaxLvs: Using replicated ECurrentPerkPrestige= 20
[0078.48] ScriptLog: Ext_WeaponProperties.SetMaxLvs: MaxDmgLv= 20  MaxAoELv= 20  MaxDotLv= 20  MaxFireRateLv= 20  MaxPenetrationLv= 20  MaxMagazineLv= 20  MaxSpareLv= 20
[0078.48] ScriptLog: Ext_WeaponProperties.SetMaxLvs: Using replicated ECurrentPerkPrestige= 20
[0078.48] ScriptLog: Ext_WeaponProperties.SetMaxLvs: MaxDmgLv= 20  MaxAoELv= 20  MaxDotLv= 20  MaxFireRateLv= 20  MaxPenetrationLv= 20  MaxMagazineLv= 20  MaxSpareLv= 20
[0078.48] ScriptLog: Ext_WeaponProperties.SetMaxLvs: Using replicated ECurrentPerkPrestige= 20
[0078.48] ScriptLog: Ext_WeaponProperties.SetMaxLvs: MaxDmgLv= 20  MaxAoELv= 20  MaxDotLv= 20  MaxFireRateLv= 20  MaxPenetrationLv= 20  MaxMagazineLv= 20  MaxSpareLv= 20
[0078.48] ScriptLog: Ext_WeaponProperties.SetMaxLvs: Using replicated ECurrentPerkPrestige= 20
[0078.48] ScriptLog: Ext_WeaponProperties.SetMaxLvs: MaxDmgLv= 20  MaxAoELv= 20  MaxDotLv= 20  MaxFireRateLv= 20  MaxPenetrationLv= 20  MaxMagazineLv= 20  MaxSpareLv= 20
[0078.48] ScriptWarning: Accessed null class context 'WeaponDef'
        UIP_WeaponPage Transient.UI_FinanceMenu_0:UIP_WeaponPage_0
        Function doshext.UIP_WeaponPage:Timer:033D
[0078.48] ScriptWarning: Accessed null class context 'WeaponDef'
        UIP_WeaponPage Transient.UI_FinanceMenu_0:UIP_WeaponPage_0
        Function doshext.UIP_WeaponPage:Timer:033D
[0078.48] ScriptLog: WeaponPage: Added  Minigun  to sale list with price  2000
[0078.48] ScriptLog: WeaponPage: Added  FAMAS Masterkey  to sale list with price  1000
[0078.48] ScriptWarning: Accessed array 'Default__KFWeap_AutoTurret.WeaponProjectiles' out of bounds (0/0)
        KFWeap_AutoTurret kfgamecontent.Default__KFWeap_AutoTurret
        Function KFGame.KFWeap_ThrownBase:CalculateTraderWeaponStatDamage:001E
[0078.48] ScriptWarning: Accessed null class context 'ProjClass'
        KFWeap_AutoTurret kfgamecontent.Default__KFWeap_AutoTurret
        Function KFGame.KFWeap_ThrownBase:CalculateTraderWeaponStatDamage:002C
[0078.48] ScriptWarning: Accessed null class context 'ProjClass'
        KFWeap_AutoTurret kfgamecontent.Default__KFWeap_AutoTurret
        Function KFGame.KFWeap_ThrownBase:CalculateTraderWeaponStatDamage:00DC
[0078.48] ScriptWarning: Accessed null class context 'ProjClass'
        KFWeap_AutoTurret kfgamecontent.Default__KFWeap_AutoTurret
        Function KFGame.KFWeap_ThrownBase:CalculateTraderWeaponStatDamage:010D
[0078.48] ScriptLog: WeaponPage: Added  Sentinel  to sale list with price  500
[0078.48] ScriptLog: WeaponPage: Added  AR-15 Varmint Rifle  to sale list with price  200
[0078.48] ScriptLog: WeaponPage: Added  SA80 L85A2 Bullpup  to sale list with price  650
[0078.48] ScriptLog: WeaponPage: Added  Kalashnikov AK-12  to sale list with price  1100
[0078.48] ScriptLog: WeaponPage: Added  MKb.42(H) Carbine Rifle  to sale list with price  1100
[0078.48] ScriptLog: WeaponPage: Added  SCAR-H Assault Rifle  to sale list with price  1500
[0078.48] ScriptLog: WeaponPage: Added  Stoner 63A LMG  to sale list with price  1500
[0078.48] ScriptLog: WeaponPage: Added  HMTech-401 Assault Rifle  to sale list with price  1500
[0078.48] ScriptLog: WeaponPage: Added  HMTech-501 Grenade Rifle  to sale list with price  2000
[0078.48] ScriptLog: WeaponPage: Added  M16 M203 Assault Rifle  to sale list with price  1200
[0078.48] ScriptLog: WeaponPage: Added  FN FAL ACOG  to sale list with price  1500
[0078.48] ScriptLog: WeaponPage: Added  Tommy Gun  to sale list with price  650
[0078.48] ScriptLog: WeaponPage: Player already owns  KFGameContent.KFWeap_Healer_Syringe
[0078.48] ScriptLog: WeaponPage: Player already owns  KFGameContent.KFWeap_Welder
[0078.48] ScriptLog: WeaponPage: Added  MG3 Shredder  to sale list with price  2000
[0078.48] ScriptLog: WeaponPage: Player already owns  WeaponPackExt.KFWeap_AssaultRifle_M14EBR
[0078.48] ScriptLog: UpdateStatsDisplay: Dosh= 989099  SelectedInventoryIdx= 4  WPP= Ext_WeaponProperties_134
[0078.48] ScriptLog: Ext_WeaponProperties.CanAddDamage: ExtPRI= ExtPlayerReplicationInfo_0  DamageLv= 10  MaxDmgLv= 20  Score= 989099  NextDmgCost= 1870  Result= True
[0078.48] ScriptLog: Ext_WeaponProperties.CanAddDamage: ExtPRI= ExtPlayerReplicationInfo_0  DamageLv= 10  MaxDmgLv= 20  Score= 989099  NextDmgCost= 1870  Result= True
[0078.48] ScriptLog: UpdateStatsDisplay: DmgUpgradeBtn disabled= False  bIsInventorySelected= True  WPP= Ext_WeaponProperties_134  CanAddDamage= True
[0078.48] ScriptLog: UpdateStatsDisplay: Dosh= 989099  SelectedInventoryIdx= 4  WPP= Ext_WeaponProperties_134
[0078.48] ScriptLog: Ext_WeaponProperties.CanAddDamage: ExtPRI= ExtPlayerReplicationInfo_0  DamageLv= 10  MaxDmgLv= 20  Score= 989099  NextDmgCost= 1870  Result= True
[0078.48] ScriptLog: Ext_WeaponProperties.CanAddDamage: ExtPRI= ExtPlayerReplicationInfo_0  DamageLv= 10  MaxDmgLv= 20  Score= 989099  NextDmgCost= 1870  Result= True
[0078.48] ScriptLog: UpdateStatsDisplay: DmgUpgradeBtn disabled= False  bIsInventorySelected= True  WPP= Ext_WeaponProperties_134  CanAddDamage= True
[0078.48] ScriptLog: ApplyModifiers: modded stats: Dmg= 25.0000  FireRate= 0.2000  Penetration= 0.0000  Magazine= 75  MaxAmmo= -3
[0078.48] ScriptLog: ApplyModifiers: modded stats: Dmg= 20.0000  FireRate= 0.2000  Penetration= 0.0000  Magazine= 100  MaxAmmo= 0
[0078.48] ScriptLog: ApplyModifiers: modded stats: Dmg= 0.0000  FireRate= 0.2000  Penetration= 0.0000  Magazine= 100  MaxAmmo= 0
[0078.48] ScriptLog: ApplyModifiers: modded stats: Dmg= 32.0000  FireRate= 1.0000  Penetration= 0.0000  Magazine= 0  MaxAmmo= 0
[0078.48] ScriptLog: ApplyModifiers: modded stats: Dmg= 180.0000  FireRate= 0.0800  Penetration= 2.0000  Magazine= 150  MaxAmmo= 1332
[0078.48] ScriptLog: Ext_WeaponProperties.SetMaxLvs: Using replicated ECurrentPerkPrestige= 20
[0078.48] ScriptLog: Ext_WeaponProperties.SetMaxLvs: MaxDmgLv= 20  MaxAoELv= 20  MaxDotLv= 20  MaxFireRateLv= 20  MaxPenetrationLv= 20  MaxMagazineLv= 20  MaxSpareLv= 20
[0078.48] ScriptLog: Ext_WeaponProperties.SetMaxLvs: Using replicated ECurrentPerkPrestige= 20
[0078.48] ScriptLog: Ext_WeaponProperties.SetMaxLvs: MaxDmgLv= 20  MaxAoELv= 20  MaxDotLv= 20  MaxFireRateLv= 20  MaxPenetrationLv= 20  MaxMagazineLv= 20  MaxSpareLv= 20
[0078.48] ScriptLog: Ext_WeaponProperties.SetMaxLvs: Using replicated ECurrentPerkPrestige= 20
[0078.48] ScriptLog: Ext_WeaponProperties.SetMaxLvs: MaxDmgLv= 20  MaxAoELv= 20  MaxDotLv= 20  MaxFireRateLv= 20  MaxPenetrationLv= 20  MaxMagazineLv= 20  MaxSpareLv= 20
[0078.48] ScriptLog: Ext_WeaponProperties.SetMaxLvs: Using replicated ECurrentPerkPrestige= 20
[0078.48] ScriptLog: Ext_WeaponProperties.SetMaxLvs: MaxDmgLv= 20  MaxAoELv= 20  MaxDotLv= 20  MaxFireRateLv= 20  MaxPenetrationLv= 20  MaxMagazineLv= 20  MaxSpareLv= 20
[0078.48] ScriptWarning: Accessed null class context 'WeaponDef'
        UIP_WeaponPage Transient.UI_FinanceMenu_0:UIP_WeaponPage_0
        Function doshext.UIP_WeaponPage:Timer:033D
[0078.48] ScriptWarning: Accessed null class context 'WeaponDef'
        UIP_WeaponPage Transient.UI_FinanceMenu_0:UIP_WeaponPage_0
        Function doshext.UIP_WeaponPage:Timer:033D
[0078.48] ScriptLog: WeaponPage: Added  Minigun  to sale list with price  2000
[0078.48] ScriptLog: WeaponPage: Added  FAMAS Masterkey  to sale list with price  1000
[0078.48] ScriptWarning: Accessed array 'Default__KFWeap_AutoTurret.WeaponProjectiles' out of bounds (0/0)
        KFWeap_AutoTurret kfgamecontent.Default__KFWeap_AutoTurret
        Function KFGame.KFWeap_ThrownBase:CalculateTraderWeaponStatDamage:001E
[0078.48] ScriptWarning: Accessed null class context 'ProjClass'
        KFWeap_AutoTurret kfgamecontent.Default__KFWeap_AutoTurret
        Function KFGame.KFWeap_ThrownBase:CalculateTraderWeaponStatDamage:002C
[0078.48] ScriptWarning: Accessed null class context 'ProjClass'
        KFWeap_AutoTurret kfgamecontent.Default__KFWeap_AutoTurret
        Function KFGame.KFWeap_ThrownBase:CalculateTraderWeaponStatDamage:00DC
[0078.48] ScriptWarning: Accessed null class context 'ProjClass'
        KFWeap_AutoTurret kfgamecontent.Default__KFWeap_AutoTurret
        Function KFGame.KFWeap_ThrownBase:CalculateTraderWeaponStatDamage:010D
[0078.48] ScriptLog: WeaponPage: Added  Sentinel  to sale list with price  500
[0078.48] ScriptLog: WeaponPage: Added  AR-15 Varmint Rifle  to sale list with price  200
[0078.48] ScriptLog: WeaponPage: Added  SA80 L85A2 Bullpup  to sale list with price  650
[0078.48] ScriptLog: WeaponPage: Added  Kalashnikov AK-12  to sale list with price  1100
[0078.48] ScriptLog: WeaponPage: Added  MKb.42(H) Carbine Rifle  to sale list with price  1100
[0078.48] ScriptLog: WeaponPage: Added  SCAR-H Assault Rifle  to sale list with price  1500
[0078.48] ScriptLog: WeaponPage: Added  Stoner 63A LMG  to sale list with price  1500
[0078.48] ScriptLog: WeaponPage: Added  HMTech-401 Assault Rifle  to sale list with price  1500
[0078.48] ScriptLog: WeaponPage: Added  HMTech-501 Grenade Rifle  to sale list with price  2000
[0078.48] ScriptLog: WeaponPage: Added  M16 M203 Assault Rifle  to sale list with price  1200
[0078.48] ScriptLog: WeaponPage: Added  FN FAL ACOG  to sale list with price  1500
[0078.48] ScriptLog: WeaponPage: Added  Tommy Gun  to sale list with price  650
[0078.48] ScriptLog: WeaponPage: Player already owns  KFGameContent.KFWeap_Healer_Syringe
[0078.48] ScriptLog: WeaponPage: Player already owns  KFGameContent.KFWeap_Welder
[0078.48] ScriptLog: WeaponPage: Added  MG3 Shredder  to sale list with price  2000
[0078.48] ScriptLog: WeaponPage: Player already owns  WeaponPackExt.KFWeap_AssaultRifle_M14EBR
[0078.48] ScriptLog: UpdateStatsDisplay: Dosh= 989099  SelectedInventoryIdx= 4  WPP= Ext_WeaponProperties_134
[0078.48] ScriptLog: Ext_WeaponProperties.CanAddDamage: ExtPRI= ExtPlayerReplicationInfo_0  DamageLv= 10  MaxDmgLv= 20  Score= 989099  NextDmgCost= 1870  Result= True
[0078.48] ScriptLog: Ext_WeaponProperties.CanAddDamage: ExtPRI= ExtPlayerReplicationInfo_0  DamageLv= 10  MaxDmgLv= 20  Score= 989099  NextDmgCost= 1870  Result= True
[0078.48] ScriptLog: UpdateStatsDisplay: DmgUpgradeBtn disabled= False  bIsInventorySelected= True  WPP= Ext_WeaponProperties_134  CanAddDamage= True
[0078.48] ScriptLog: UpdateStatsDisplay: Dosh= 989099  SelectedInventoryIdx= 4  WPP= Ext_WeaponProperties_134
[0078.48] ScriptLog: Ext_WeaponProperties.CanAddDamage: ExtPRI= ExtPlayerReplicationInfo_0  DamageLv= 10  MaxDmgLv= 20  Score= 989099  NextDmgCost= 1870  Result= True
[0078.48] ScriptLog: Ext_WeaponProperties.CanAddDamage: ExtPRI= ExtPlayerReplicationInfo_0  DamageLv= 10  MaxDmgLv= 20  Score= 989099  NextDmgCost= 1870  Result= True
[0078.48] ScriptLog: UpdateStatsDisplay: DmgUpgradeBtn disabled= False  bIsInventorySelected= True  WPP= Ext_WeaponProperties_134  CanAddDamage= True
[0078.48] ScriptLog: ExtPlayerController.ServerUpgradeWeaponDamage: Upgrade complete
[0078.65] ScriptLog: UIP_WeaponPage.OnUpgradeDamage: EXTPC= ExtPlayerController_0
[0078.65] ScriptLog: ExtPlayerController.ServerUpgradeWeaponDamage: PropIdx= 4  InvProperties.Length= 5
[0078.65] ScriptLog: ExtPlayerController.ServerUpgradeWeaponDamage: Calling AddDamage on InvProperties[ 4 ]
[0078.65] ScriptLog: Ext_WeaponProperties.CanAddDamage: ExtPRI= ExtPlayerReplicationInfo_0  DamageLv= 10  MaxDmgLv= 20  Score= 989099  NextDmgCost= 1870  Result= True
[0078.65] ScriptLog: ApplyModifiers: modded stats: Dmg= 189.0000  FireRate= 0.0800  Penetration= 2.0000  Magazine= 150  MaxAmmo= 1332
[0078.65] ScriptLog: ApplyModifiers: modded stats: Dmg= 189.0000  FireRate= 0.0800  Penetration= 2.0000  Magazine= 150  MaxAmmo= 1332
[0078.65] ScriptLog: Ext_WeaponProperties.SetMaxLvs: Using replicated ECurrentPerkPrestige= 20
[0078.65] ScriptLog: Ext_WeaponProperties.SetMaxLvs: MaxDmgLv= 20  MaxAoELv= 20  MaxDotLv= 20  MaxFireRateLv= 20  MaxPenetrationLv= 20  MaxMagazineLv= 20  MaxSpareLv= 20
[0078.65] ScriptLog: Ext_WeaponProperties.SetMaxLvs: Using replicated ECurrentPerkPrestige= 20
[0078.65] ScriptLog: Ext_WeaponProperties.SetMaxLvs: MaxDmgLv= 20  MaxAoELv= 20  MaxDotLv= 20  MaxFireRateLv= 20  MaxPenetrationLv= 20  MaxMagazineLv= 20  MaxSpareLv= 20
[0078.65] ScriptLog: Ext_WeaponProperties.SetMaxLvs: Using replicated ECurrentPerkPrestige= 20
[0078.65] ScriptLog: Ext_WeaponProperties.SetMaxLvs: MaxDmgLv= 20  MaxAoELv= 20  MaxDotLv= 20  MaxFireRateLv= 20  MaxPenetrationLv= 20  MaxMagazineLv= 20  MaxSpareLv= 20
[0078.65] ScriptLog: Ext_WeaponProperties.SetMaxLvs: Using replicated ECurrentPerkPrestige= 20
[0078.65] ScriptLog: Ext_WeaponProperties.SetMaxLvs: MaxDmgLv= 20  MaxAoELv= 20  MaxDotLv= 20  MaxFireRateLv= 20  MaxPenetrationLv= 20  MaxMagazineLv= 20  MaxSpareLv= 20
[0078.65] ScriptWarning: Accessed null class context 'WeaponDef'
        UIP_WeaponPage Transient.UI_FinanceMenu_0:UIP_WeaponPage_0
        Function doshext.UIP_WeaponPage:Timer:033D
[0078.65] ScriptWarning: Accessed null class context 'WeaponDef'
        UIP_WeaponPage Transient.UI_FinanceMenu_0:UIP_WeaponPage_0
        Function doshext.UIP_WeaponPage:Timer:033D
[0078.65] ScriptLog: WeaponPage: Added  Minigun  to sale list with price  2000
[0078.65] ScriptLog: WeaponPage: Added  FAMAS Masterkey  to sale list with price  1000
[0078.65] ScriptWarning: Accessed array 'Default__KFWeap_AutoTurret.WeaponProjectiles' out of bounds (0/0)
        KFWeap_AutoTurret kfgamecontent.Default__KFWeap_AutoTurret
        Function KFGame.KFWeap_ThrownBase:CalculateTraderWeaponStatDamage:001E
[0078.65] ScriptWarning: Accessed null class context 'ProjClass'
        KFWeap_AutoTurret kfgamecontent.Default__KFWeap_AutoTurret
        Function KFGame.KFWeap_ThrownBase:CalculateTraderWeaponStatDamage:002C
[0078.65] ScriptWarning: Accessed null class context 'ProjClass'
        KFWeap_AutoTurret kfgamecontent.Default__KFWeap_AutoTurret
        Function KFGame.KFWeap_ThrownBase:CalculateTraderWeaponStatDamage:00DC
[0078.65] ScriptWarning: Accessed null class context 'ProjClass'
        KFWeap_AutoTurret kfgamecontent.Default__KFWeap_AutoTurret
        Function KFGame.KFWeap_ThrownBase:CalculateTraderWeaponStatDamage:010D
[0078.65] ScriptLog: WeaponPage: Added  Sentinel  to sale list with price  500
[0078.65] ScriptLog: WeaponPage: Added  AR-15 Varmint Rifle  to sale list with price  200
[0078.65] ScriptLog: WeaponPage: Added  SA80 L85A2 Bullpup  to sale list with price  650
[0078.65] ScriptLog: WeaponPage: Added  Kalashnikov AK-12  to sale list with price  1100
[0078.65] ScriptLog: WeaponPage: Added  MKb.42(H) Carbine Rifle  to sale list with price  1100
[0078.66] ScriptLog: WeaponPage: Added  SCAR-H Assault Rifle  to sale list with price  1500
[0078.66] ScriptLog: WeaponPage: Added  Stoner 63A LMG  to sale list with price  1500
[0078.66] ScriptLog: WeaponPage: Added  HMTech-401 Assault Rifle  to sale list with price  1500
[0078.66] ScriptLog: WeaponPage: Added  HMTech-501 Grenade Rifle  to sale list with price  2000
[0078.66] ScriptLog: WeaponPage: Added  M16 M203 Assault Rifle  to sale list with price  1200
[0078.66] ScriptLog: WeaponPage: Added  FN FAL ACOG  to sale list with price  1500
[0078.66] ScriptLog: WeaponPage: Added  Tommy Gun  to sale list with price  650
[0078.66] ScriptLog: WeaponPage: Player already owns  KFGameContent.KFWeap_Healer_Syringe
[0078.66] ScriptLog: WeaponPage: Player already owns  KFGameContent.KFWeap_Welder
[0078.66] ScriptLog: WeaponPage: Added  MG3 Shredder  to sale list with price  2000
[0078.66] ScriptLog: WeaponPage: Player already owns  WeaponPackExt.KFWeap_AssaultRifle_M14EBR
[0078.66] ScriptLog: UpdateStatsDisplay: Dosh= 987229  SelectedInventoryIdx= 4  WPP= Ext_WeaponProperties_134
[0078.66] ScriptLog: Ext_WeaponProperties.CanAddDamage: ExtPRI= ExtPlayerReplicationInfo_0  DamageLv= 11  MaxDmgLv= 20  Score= 987229  NextDmgCost= 2040  Result= True
[0078.66] ScriptLog: Ext_WeaponProperties.CanAddDamage: ExtPRI= ExtPlayerReplicationInfo_0  DamageLv= 11  MaxDmgLv= 20  Score= 987229  NextDmgCost= 2040  Result= True
[0078.66] ScriptLog: UpdateStatsDisplay: DmgUpgradeBtn disabled= False  bIsInventorySelected= True  WPP= Ext_WeaponProperties_134  CanAddDamage= True
[0078.66] ScriptLog: UpdateStatsDisplay: Dosh= 987229  SelectedInventoryIdx= 4  WPP= Ext_WeaponProperties_134
[0078.66] ScriptLog: Ext_WeaponProperties.CanAddDamage: ExtPRI= ExtPlayerReplicationInfo_0  DamageLv= 11  MaxDmgLv= 20  Score= 987229  NextDmgCost= 2040  Result= True
[0078.66] ScriptLog: Ext_WeaponProperties.CanAddDamage: ExtPRI= ExtPlayerReplicationInfo_0  DamageLv= 11  MaxDmgLv= 20  Score= 987229  NextDmgCost= 2040  Result= True
[0078.66] ScriptLog: UpdateStatsDisplay: DmgUpgradeBtn disabled= False  bIsInventorySelected= True  WPP= Ext_WeaponProperties_134  CanAddDamage= True
[0078.66] ScriptLog: ApplyModifiers: modded stats: Dmg= 25.0000  FireRate= 0.2000  Penetration= 0.0000  Magazine= 75  MaxAmmo= -3
[0078.66] ScriptLog: ApplyModifiers: modded stats: Dmg= 20.0000  FireRate= 0.2000  Penetration= 0.0000  Magazine= 100  MaxAmmo= 0
[0078.66] ScriptLog: ApplyModifiers: modded stats: Dmg= 0.0000  FireRate= 0.2000  Penetration= 0.0000  Magazine= 100  MaxAmmo= 0
[0078.66] ScriptLog: ApplyModifiers: modded stats: Dmg= 32.0000  FireRate= 1.0000  Penetration= 0.0000  Magazine= 0  MaxAmmo= 0
[0078.66] ScriptLog: ApplyModifiers: modded stats: Dmg= 189.0000  FireRate= 0.0800  Penetration= 2.0000  Magazine= 150  MaxAmmo= 1332
[0078.66] ScriptLog: Ext_WeaponProperties.SetMaxLvs: Using replicated ECurrentPerkPrestige= 20
[0078.66] ScriptLog: Ext_WeaponProperties.SetMaxLvs: MaxDmgLv= 20  MaxAoELv= 20  MaxDotLv= 20  MaxFireRateLv= 20  MaxPenetrationLv= 20  MaxMagazineLv= 20  MaxSpareLv= 20
[0078.66] ScriptLog: Ext_WeaponProperties.SetMaxLvs: Using replicated ECurrentPerkPrestige= 20
[0078.66] ScriptLog: Ext_WeaponProperties.SetMaxLvs: MaxDmgLv= 20  MaxAoELv= 20  MaxDotLv= 20  MaxFireRateLv= 20  MaxPenetrationLv= 20  MaxMagazineLv= 20  MaxSpareLv= 20
[0078.66] ScriptLog: Ext_WeaponProperties.SetMaxLvs: Using replicated ECurrentPerkPrestige= 20
[0078.66] ScriptLog: Ext_WeaponProperties.SetMaxLvs: MaxDmgLv= 20  MaxAoELv= 20  MaxDotLv= 20  MaxFireRateLv= 20  MaxPenetrationLv= 20  MaxMagazineLv= 20  MaxSpareLv= 20
[0078.66] ScriptLog: Ext_WeaponProperties.SetMaxLvs: Using replicated ECurrentPerkPrestige= 20
[0078.66] ScriptLog: Ext_WeaponProperties.SetMaxLvs: MaxDmgLv= 20  MaxAoELv= 20  MaxDotLv= 20  MaxFireRateLv= 20  MaxPenetrationLv= 20  MaxMagazineLv= 20  MaxSpareLv= 20
[0078.66] ScriptWarning: Accessed null class context 'WeaponDef'
        UIP_WeaponPage Transient.UI_FinanceMenu_0:UIP_WeaponPage_0
        Function doshext.UIP_WeaponPage:Timer:033D
[0078.66] ScriptWarning: Accessed null class context 'WeaponDef'
        UIP_WeaponPage Transient.UI_FinanceMenu_0:UIP_WeaponPage_0
        Function doshext.UIP_WeaponPage:Timer:033D
[0078.66] ScriptLog: WeaponPage: Added  Minigun  to sale list with price  2000
[0078.66] ScriptLog: WeaponPage: Added  FAMAS Masterkey  to sale list with price  1000
[0078.66] ScriptWarning: Accessed array 'Default__KFWeap_AutoTurret.WeaponProjectiles' out of bounds (0/0)
        KFWeap_AutoTurret kfgamecontent.Default__KFWeap_AutoTurret
        Function KFGame.KFWeap_ThrownBase:CalculateTraderWeaponStatDamage:001E
[0078.66] ScriptWarning: Accessed null class context 'ProjClass'
        KFWeap_AutoTurret kfgamecontent.Default__KFWeap_AutoTurret
        Function KFGame.KFWeap_ThrownBase:CalculateTraderWeaponStatDamage:002C
[0078.66] ScriptWarning: Accessed null class context 'ProjClass'
        KFWeap_AutoTurret kfgamecontent.Default__KFWeap_AutoTurret
        Function KFGame.KFWeap_ThrownBase:CalculateTraderWeaponStatDamage:00DC
[0078.66] ScriptWarning: Accessed null class context 'ProjClass'
        KFWeap_AutoTurret kfgamecontent.Default__KFWeap_AutoTurret
        Function KFGame.KFWeap_ThrownBase:CalculateTraderWeaponStatDamage:010D
[0078.66] ScriptLog: WeaponPage: Added  Sentinel  to sale list with price  500
[0078.66] ScriptLog: WeaponPage: Added  AR-15 Varmint Rifle  to sale list with price  200
[0078.66] ScriptLog: WeaponPage: Added  SA80 L85A2 Bullpup  to sale list with price  650
[0078.66] ScriptLog: WeaponPage: Added  Kalashnikov AK-12  to sale list with price  1100
[0078.66] ScriptLog: WeaponPage: Added  MKb.42(H) Carbine Rifle  to sale list with price  1100
[0078.66] ScriptLog: WeaponPage: Added  SCAR-H Assault Rifle  to sale list with price  1500
[0078.66] ScriptLog: WeaponPage: Added  Stoner 63A LMG  to sale list with price  1500
[0078.66] ScriptLog: WeaponPage: Added  HMTech-401 Assault Rifle  to sale list with price  1500
[0078.66] ScriptLog: WeaponPage: Added  HMTech-501 Grenade Rifle  to sale list with price  2000
[0078.66] ScriptLog: WeaponPage: Added  M16 M203 Assault Rifle  to sale list with price  1200
[0078.66] ScriptLog: WeaponPage: Added  FN FAL ACOG  to sale list with price  1500
[0078.66] ScriptLog: WeaponPage: Added  Tommy Gun  to sale list with price  650
[0078.66] ScriptLog: WeaponPage: Player already owns  KFGameContent.KFWeap_Healer_Syringe
[0078.66] ScriptLog: WeaponPage: Player already owns  KFGameContent.KFWeap_Welder
[0078.66] ScriptLog: WeaponPage: Added  MG3 Shredder  to sale list with price  2000
[0078.66] ScriptLog: WeaponPage: Player already owns  WeaponPackExt.KFWeap_AssaultRifle_M14EBR
[0078.66] ScriptLog: UpdateStatsDisplay: Dosh= 987229  SelectedInventoryIdx= 4  WPP= Ext_WeaponProperties_134
[0078.66] ScriptLog: Ext_WeaponProperties.CanAddDamage: ExtPRI= ExtPlayerReplicationInfo_0  DamageLv= 11  MaxDmgLv= 20  Score= 987229  NextDmgCost= 2040  Result= True
[0078.66] ScriptLog: Ext_WeaponProperties.CanAddDamage: ExtPRI= ExtPlayerReplicationInfo_0  DamageLv= 11  MaxDmgLv= 20  Score= 987229  NextDmgCost= 2040  Result= True
[0078.66] ScriptLog: UpdateStatsDisplay: DmgUpgradeBtn disabled= False  bIsInventorySelected= True  WPP= Ext_WeaponProperties_134  CanAddDamage= True
[0078.66] ScriptLog: UpdateStatsDisplay: Dosh= 987229  SelectedInventoryIdx= 4  WPP= Ext_WeaponProperties_134
[0078.66] ScriptLog: Ext_WeaponProperties.CanAddDamage: ExtPRI= ExtPlayerReplicationInfo_0  DamageLv= 11  MaxDmgLv= 20  Score= 987229  NextDmgCost= 2040  Result= True
[0078.66] ScriptLog: Ext_WeaponProperties.CanAddDamage: ExtPRI= ExtPlayerReplicationInfo_0  DamageLv= 11  MaxDmgLv= 20  Score= 987229  NextDmgCost= 2040  Result= True
[0078.66] ScriptLog: UpdateStatsDisplay: DmgUpgradeBtn disabled= False  bIsInventorySelected= True  WPP= Ext_WeaponProperties_134  CanAddDamage= True
[0078.66] ScriptLog: ExtPlayerController.ServerUpgradeWeaponDamage: Upgrade complete
[0078.85] ScriptLog: UIP_WeaponPage.OnUpgradeDamage: EXTPC= ExtPlayerController_0
[0078.85] ScriptLog: ExtPlayerController.ServerUpgradeWeaponDamage: PropIdx= 4  InvProperties.Length= 5
[0078.85] ScriptLog: ExtPlayerController.ServerUpgradeWeaponDamage: Calling AddDamage on InvProperties[ 4 ]
[0078.85] ScriptLog: Ext_WeaponProperties.CanAddDamage: ExtPRI= ExtPlayerReplicationInfo_0  DamageLv= 11  MaxDmgLv= 20  Score= 987229  NextDmgCost= 2040  Result= True
[0078.85] ScriptLog: ApplyModifiers: modded stats: Dmg= 198.0000  FireRate= 0.0800  Penetration= 2.0000  Magazine= 150  MaxAmmo= 1332
[0078.85] ScriptLog: ApplyModifiers: modded stats: Dmg= 198.0000  FireRate= 0.0800  Penetration= 2.0000  Magazine= 150  MaxAmmo= 1332
[0078.85] ScriptLog: Ext_WeaponProperties.SetMaxLvs: Using replicated ECurrentPerkPrestige= 20
[0078.85] ScriptLog: Ext_WeaponProperties.SetMaxLvs: MaxDmgLv= 20  MaxAoELv= 20  MaxDotLv= 20  MaxFireRateLv= 20  MaxPenetrationLv= 20  MaxMagazineLv= 20  MaxSpareLv= 20
[0078.85] ScriptLog: Ext_WeaponProperties.SetMaxLvs: Using replicated ECurrentPerkPrestige= 20
[0078.85] ScriptLog: Ext_WeaponProperties.SetMaxLvs: MaxDmgLv= 20  MaxAoELv= 20  MaxDotLv= 20  MaxFireRateLv= 20  MaxPenetrationLv= 20  MaxMagazineLv= 20  MaxSpareLv= 20
[0078.85] ScriptLog: Ext_WeaponProperties.SetMaxLvs: Using replicated ECurrentPerkPrestige= 20
[0078.85] ScriptLog: Ext_WeaponProperties.SetMaxLvs: MaxDmgLv= 20  MaxAoELv= 20  MaxDotLv= 20  MaxFireRateLv= 20  MaxPenetrationLv= 20  MaxMagazineLv= 20  MaxSpareLv= 20
[0078.85] ScriptLog: Ext_WeaponProperties.SetMaxLvs: Using replicated ECurrentPerkPrestige= 20
[0078.85] ScriptLog: Ext_WeaponProperties.SetMaxLvs: MaxDmgLv= 20  MaxAoELv= 20  MaxDotLv= 20  MaxFireRateLv= 20  MaxPenetrationLv= 20  MaxMagazineLv= 20  MaxSpareLv= 20
[0078.85] ScriptWarning: Accessed null class context 'WeaponDef'
        UIP_WeaponPage Transient.UI_FinanceMenu_0:UIP_WeaponPage_0
        Function doshext.UIP_WeaponPage:Timer:033D
[0078.85] ScriptWarning: Accessed null class context 'WeaponDef'
        UIP_WeaponPage Transient.UI_FinanceMenu_0:UIP_WeaponPage_0
        Function doshext.UIP_WeaponPage:Timer:033D
[0078.85] ScriptLog: WeaponPage: Added  Minigun  to sale list with price  2000
[0078.85] ScriptLog: WeaponPage: Added  FAMAS Masterkey  to sale list with price  1000
[0078.85] ScriptWarning: Accessed array 'Default__KFWeap_AutoTurret.WeaponProjectiles' out of bounds (0/0)
        KFWeap_AutoTurret kfgamecontent.Default__KFWeap_AutoTurret
        Function KFGame.KFWeap_ThrownBase:CalculateTraderWeaponStatDamage:001E
[0078.85] ScriptWarning: Accessed null class context 'ProjClass'
        KFWeap_AutoTurret kfgamecontent.Default__KFWeap_AutoTurret
        Function KFGame.KFWeap_ThrownBase:CalculateTraderWeaponStatDamage:002C
[0078.85] ScriptWarning: Accessed null class context 'ProjClass'
        KFWeap_AutoTurret kfgamecontent.Default__KFWeap_AutoTurret
        Function KFGame.KFWeap_ThrownBase:CalculateTraderWeaponStatDamage:00DC
[0078.85] ScriptWarning: Accessed null class context 'ProjClass'
        KFWeap_AutoTurret kfgamecontent.Default__KFWeap_AutoTurret
        Function KFGame.KFWeap_ThrownBase:CalculateTraderWeaponStatDamage:010D
[0078.85] ScriptLog: WeaponPage: Added  Sentinel  to sale list with price  500
[0078.85] ScriptLog: WeaponPage: Added  AR-15 Varmint Rifle  to sale list with price  200
[0078.85] ScriptLog: WeaponPage: Added  SA80 L85A2 Bullpup  to sale list with price  650
[0078.85] ScriptLog: WeaponPage: Added  Kalashnikov AK-12  to sale list with price  1100
[0078.85] ScriptLog: WeaponPage: Added  MKb.42(H) Carbine Rifle  to sale list with price  1100
[0078.85] ScriptLog: WeaponPage: Added  SCAR-H Assault Rifle  to sale list with price  1500
[0078.85] ScriptLog: WeaponPage: Added  Stoner 63A LMG  to sale list with price  1500
[0078.85] ScriptLog: WeaponPage: Added  HMTech-401 Assault Rifle  to sale list with price  1500
[0078.85] ScriptLog: WeaponPage: Added  HMTech-501 Grenade Rifle  to sale list with price  2000
[0078.85] ScriptLog: WeaponPage: Added  M16 M203 Assault Rifle  to sale list with price  1200
[0078.85] ScriptLog: WeaponPage: Added  FN FAL ACOG  to sale list with price  1500
[0078.85] ScriptLog: WeaponPage: Added  Tommy Gun  to sale list with price  650
[0078.85] ScriptLog: WeaponPage: Player already owns  KFGameContent.KFWeap_Healer_Syringe
[0078.85] ScriptLog: WeaponPage: Player already owns  KFGameContent.KFWeap_Welder
[0078.85] ScriptLog: WeaponPage: Added  MG3 Shredder  to sale list with price  2000
[0078.85] ScriptLog: WeaponPage: Player already owns  WeaponPackExt.KFWeap_AssaultRifle_M14EBR
[0078.85] ScriptLog: UpdateStatsDisplay: Dosh= 985189  SelectedInventoryIdx= 4  WPP= Ext_WeaponProperties_134
[0078.85] ScriptLog: Ext_WeaponProperties.CanAddDamage: ExtPRI= ExtPlayerReplicationInfo_0  DamageLv= 12  MaxDmgLv= 20  Score= 985189  NextDmgCost= 2210  Result= True
[0078.85] ScriptLog: Ext_WeaponProperties.CanAddDamage: ExtPRI= ExtPlayerReplicationInfo_0  DamageLv= 12  MaxDmgLv= 20  Score= 985189  NextDmgCost= 2210  Result= True
[0078.85] ScriptLog: UpdateStatsDisplay: DmgUpgradeBtn disabled= False  bIsInventorySelected= True  WPP= Ext_WeaponProperties_134  CanAddDamage= True
[0078.85] ScriptLog: UpdateStatsDisplay: Dosh= 985189  SelectedInventoryIdx= 4  WPP= Ext_WeaponProperties_134
[0078.85] ScriptLog: Ext_WeaponProperties.CanAddDamage: ExtPRI= ExtPlayerReplicationInfo_0  DamageLv= 12  MaxDmgLv= 20  Score= 985189  NextDmgCost= 2210  Result= True
[0078.85] ScriptLog: Ext_WeaponProperties.CanAddDamage: ExtPRI= ExtPlayerReplicationInfo_0  DamageLv= 12  MaxDmgLv= 20  Score= 985189  NextDmgCost= 2210  Result= True
[0078.85] ScriptLog: UpdateStatsDisplay: DmgUpgradeBtn disabled= False  bIsInventorySelected= True  WPP= Ext_WeaponProperties_134  CanAddDamage= True
[0078.85] ScriptLog: ApplyModifiers: modded stats: Dmg= 25.0000  FireRate= 0.2000  Penetration= 0.0000  Magazine= 75  MaxAmmo= -3
[0078.85] ScriptLog: ApplyModifiers: modded stats: Dmg= 20.0000  FireRate= 0.2000  Penetration= 0.0000  Magazine= 100  MaxAmmo= 0
[0078.85] ScriptLog: ApplyModifiers: modded stats: Dmg= 0.0000  FireRate= 0.2000  Penetration= 0.0000  Magazine= 100  MaxAmmo= 0
[0078.85] ScriptLog: ApplyModifiers: modded stats: Dmg= 32.0000  FireRate= 1.0000  Penetration= 0.0000  Magazine= 0  MaxAmmo= 0
[0078.85] ScriptLog: ApplyModifiers: modded stats: Dmg= 198.0000  FireRate= 0.0800  Penetration= 2.0000  Magazine= 150  MaxAmmo= 1332
[0078.85] ScriptLog: Ext_WeaponProperties.SetMaxLvs: Using replicated ECurrentPerkPrestige= 20
[0078.85] ScriptLog: Ext_WeaponProperties.SetMaxLvs: MaxDmgLv= 20  MaxAoELv= 20  MaxDotLv= 20  MaxFireRateLv= 20  MaxPenetrationLv= 20  MaxMagazineLv= 20  MaxSpareLv= 20
[0078.85] ScriptLog: Ext_WeaponProperties.SetMaxLvs: Using replicated ECurrentPerkPrestige= 20
[0078.85] ScriptLog: Ext_WeaponProperties.SetMaxLvs: MaxDmgLv= 20  MaxAoELv= 20  MaxDotLv= 20  MaxFireRateLv= 20  MaxPenetrationLv= 20  MaxMagazineLv= 20  MaxSpareLv= 20
[0078.85] ScriptLog: Ext_WeaponProperties.SetMaxLvs: Using replicated ECurrentPerkPrestige= 20
[0078.85] ScriptLog: Ext_WeaponProperties.SetMaxLvs: MaxDmgLv= 20  MaxAoELv= 20  MaxDotLv= 20  MaxFireRateLv= 20  MaxPenetrationLv= 20  MaxMagazineLv= 20  MaxSpareLv= 20
[0078.85] ScriptLog: Ext_WeaponProperties.SetMaxLvs: Using replicated ECurrentPerkPrestige= 20
[0078.85] ScriptLog: Ext_WeaponProperties.SetMaxLvs: MaxDmgLv= 20  MaxAoELv= 20  MaxDotLv= 20  MaxFireRateLv= 20  MaxPenetrationLv= 20  MaxMagazineLv= 20  MaxSpareLv= 20
[0078.85] ScriptWarning: Accessed null class context 'WeaponDef'
        UIP_WeaponPage Transient.UI_FinanceMenu_0:UIP_WeaponPage_0
        Function doshext.UIP_WeaponPage:Timer:033D
[0078.85] ScriptWarning: Accessed null class context 'WeaponDef'
        UIP_WeaponPage Transient.UI_FinanceMenu_0:UIP_WeaponPage_0
        Function doshext.UIP_WeaponPage:Timer:033D
[0078.85] ScriptLog: WeaponPage: Added  Minigun  to sale list with price  2000
[0078.85] ScriptLog: WeaponPage: Added  FAMAS Masterkey  to sale list with price  1000
[0078.85] ScriptWarning: Accessed array 'Default__KFWeap_AutoTurret.WeaponProjectiles' out of bounds (0/0)
        KFWeap_AutoTurret kfgamecontent.Default__KFWeap_AutoTurret
        Function KFGame.KFWeap_ThrownBase:CalculateTraderWeaponStatDamage:001E
[0078.85] ScriptWarning: Accessed null class context 'ProjClass'
        KFWeap_AutoTurret kfgamecontent.Default__KFWeap_AutoTurret
        Function KFGame.KFWeap_ThrownBase:CalculateTraderWeaponStatDamage:002C
[0078.85] ScriptWarning: Accessed null class context 'ProjClass'
        KFWeap_AutoTurret kfgamecontent.Default__KFWeap_AutoTurret
        Function KFGame.KFWeap_ThrownBase:CalculateTraderWeaponStatDamage:00DC
[0078.85] ScriptWarning: Accessed null class context 'ProjClass'
        KFWeap_AutoTurret kfgamecontent.Default__KFWeap_AutoTurret
        Function KFGame.KFWeap_ThrownBase:CalculateTraderWeaponStatDamage:010D
[0078.85] ScriptLog: WeaponPage: Added  Sentinel  to sale list with price  500
[0078.85] ScriptLog: WeaponPage: Added  AR-15 Varmint Rifle  to sale list with price  200
[0078.85] ScriptLog: WeaponPage: Added  SA80 L85A2 Bullpup  to sale list with price  650
[0078.85] ScriptLog: WeaponPage: Added  Kalashnikov AK-12  to sale list with price  1100
[0078.85] ScriptLog: WeaponPage: Added  MKb.42(H) Carbine Rifle  to sale list with price  1100
[0078.85] ScriptLog: WeaponPage: Added  SCAR-H Assault Rifle  to sale list with price  1500
[0078.85] ScriptLog: WeaponPage: Added  Stoner 63A LMG  to sale list with price  1500
[0078.85] ScriptLog: WeaponPage: Added  HMTech-401 Assault Rifle  to sale list with price  1500
[0078.85] ScriptLog: WeaponPage: Added  HMTech-501 Grenade Rifle  to sale list with price  2000
[0078.85] ScriptLog: WeaponPage: Added  M16 M203 Assault Rifle  to sale list with price  1200
[0078.85] ScriptLog: WeaponPage: Added  FN FAL ACOG  to sale list with price  1500
[0078.85] ScriptLog: WeaponPage: Added  Tommy Gun  to sale list with price  650
[0078.85] ScriptLog: WeaponPage: Player already owns  KFGameContent.KFWeap_Healer_Syringe
[0078.85] ScriptLog: WeaponPage: Player already owns  KFGameContent.KFWeap_Welder
[0078.85] ScriptLog: WeaponPage: Added  MG3 Shredder  to sale list with price  2000
[0078.85] ScriptLog: WeaponPage: Player already owns  WeaponPackExt.KFWeap_AssaultRifle_M14EBR
[0078.85] ScriptLog: UpdateStatsDisplay: Dosh= 985189  SelectedInventoryIdx= 4  WPP= Ext_WeaponProperties_134
[0078.85] ScriptLog: Ext_WeaponProperties.CanAddDamage: ExtPRI= ExtPlayerReplicationInfo_0  DamageLv= 12  MaxDmgLv= 20  Score= 985189  NextDmgCost= 2210  Result= True
[0078.85] ScriptLog: Ext_WeaponProperties.CanAddDamage: ExtPRI= ExtPlayerReplicationInfo_0  DamageLv= 12  MaxDmgLv= 20  Score= 985189  NextDmgCost= 2210  Result= True
[0078.85] ScriptLog: UpdateStatsDisplay: DmgUpgradeBtn disabled= False  bIsInventorySelected= True  WPP= Ext_WeaponProperties_134  CanAddDamage= True
[0078.85] ScriptLog: UpdateStatsDisplay: Dosh= 985189  SelectedInventoryIdx= 4  WPP= Ext_WeaponProperties_134
[0078.85] ScriptLog: Ext_WeaponProperties.CanAddDamage: ExtPRI= ExtPlayerReplicationInfo_0  DamageLv= 12  MaxDmgLv= 20  Score= 985189  NextDmgCost= 2210  Result= True
[0078.85] ScriptLog: Ext_WeaponProperties.CanAddDamage: ExtPRI= ExtPlayerReplicationInfo_0  DamageLv= 12  MaxDmgLv= 20  Score= 985189  NextDmgCost= 2210  Result= True
[0078.85] ScriptLog: UpdateStatsDisplay: DmgUpgradeBtn disabled= False  bIsInventorySelected= True  WPP= Ext_WeaponProperties_134  CanAddDamage= True
[0078.85] ScriptLog: ExtPlayerController.ServerUpgradeWeaponDamage: Upgrade complete
[0079.02] ScriptLog: UIP_WeaponPage.OnUpgradeDamage: EXTPC= ExtPlayerController_0
[0079.02] ScriptLog: ExtPlayerController.ServerUpgradeWeaponDamage: PropIdx= 4  InvProperties.Length= 5
[0079.03] ScriptLog: ExtPlayerController.ServerUpgradeWeaponDamage: Calling AddDamage on InvProperties[ 4 ]
[0079.03] ScriptLog: Ext_WeaponProperties.CanAddDamage: ExtPRI= ExtPlayerReplicationInfo_0  DamageLv= 12  MaxDmgLv= 20  Score= 985189  NextDmgCost= 2210  Result= True
[0079.03] ScriptLog: ApplyModifiers: modded stats: Dmg= 207.0000  FireRate= 0.0800  Penetration= 2.0000  Magazine= 150  MaxAmmo= 1332
[0079.03] ScriptLog: ApplyModifiers: modded stats: Dmg= 207.0000  FireRate= 0.0800  Penetration= 2.0000  Magazine= 150  MaxAmmo= 1332
[0079.03] ScriptLog: Ext_WeaponProperties.SetMaxLvs: Using replicated ECurrentPerkPrestige= 20
[0079.03] ScriptLog: Ext_WeaponProperties.SetMaxLvs: MaxDmgLv= 20  MaxAoELv= 20  MaxDotLv= 20  MaxFireRateLv= 20  MaxPenetrationLv= 20  MaxMagazineLv= 20  MaxSpareLv= 20
[0079.03] ScriptLog: Ext_WeaponProperties.SetMaxLvs: Using replicated ECurrentPerkPrestige= 20
[0079.03] ScriptLog: Ext_WeaponProperties.SetMaxLvs: MaxDmgLv= 20  MaxAoELv= 20  MaxDotLv= 20  MaxFireRateLv= 20  MaxPenetrationLv= 20  MaxMagazineLv= 20  MaxSpareLv= 20
[0079.03] ScriptLog: Ext_WeaponProperties.SetMaxLvs: Using replicated ECurrentPerkPrestige= 20
[0079.03] ScriptLog: Ext_WeaponProperties.SetMaxLvs: MaxDmgLv= 20  MaxAoELv= 20  MaxDotLv= 20  MaxFireRateLv= 20  MaxPenetrationLv= 20  MaxMagazineLv= 20  MaxSpareLv= 20
[0079.03] ScriptLog: Ext_WeaponProperties.SetMaxLvs: Using replicated ECurrentPerkPrestige= 20
[0079.03] ScriptLog: Ext_WeaponProperties.SetMaxLvs: MaxDmgLv= 20  MaxAoELv= 20  MaxDotLv= 20  MaxFireRateLv= 20  MaxPenetrationLv= 20  MaxMagazineLv= 20  MaxSpareLv= 20
[0079.03] ScriptWarning: Accessed null class context 'WeaponDef'
        UIP_WeaponPage Transient.UI_FinanceMenu_0:UIP_WeaponPage_0
        Function doshext.UIP_WeaponPage:Timer:033D
[0079.03] ScriptWarning: Accessed null class context 'WeaponDef'
        UIP_WeaponPage Transient.UI_FinanceMenu_0:UIP_WeaponPage_0
        Function doshext.UIP_WeaponPage:Timer:033D
[0079.03] ScriptLog: WeaponPage: Added  Minigun  to sale list with price  2000
[0079.03] ScriptLog: WeaponPage: Added  FAMAS Masterkey  to sale list with price  1000
[0079.03] ScriptWarning: Accessed array 'Default__KFWeap_AutoTurret.WeaponProjectiles' out of bounds (0/0)
        KFWeap_AutoTurret kfgamecontent.Default__KFWeap_AutoTurret
        Function KFGame.KFWeap_ThrownBase:CalculateTraderWeaponStatDamage:001E
[0079.03] ScriptWarning: Accessed null class context 'ProjClass'
        KFWeap_AutoTurret kfgamecontent.Default__KFWeap_AutoTurret
        Function KFGame.KFWeap_ThrownBase:CalculateTraderWeaponStatDamage:002C
[0079.03] ScriptWarning: Accessed null class context 'ProjClass'
        KFWeap_AutoTurret kfgamecontent.Default__KFWeap_AutoTurret
        Function KFGame.KFWeap_ThrownBase:CalculateTraderWeaponStatDamage:00DC
[0079.03] ScriptWarning: Accessed null class context 'ProjClass'
        KFWeap_AutoTurret kfgamecontent.Default__KFWeap_AutoTurret
        Function KFGame.KFWeap_ThrownBase:CalculateTraderWeaponStatDamage:010D
[0079.03] ScriptLog: WeaponPage: Added  Sentinel  to sale list with price  500
[0079.03] ScriptLog: WeaponPage: Added  AR-15 Varmint Rifle  to sale list with price  200
[0079.03] ScriptLog: WeaponPage: Added  SA80 L85A2 Bullpup  to sale list with price  650
[0079.03] ScriptLog: WeaponPage: Added  Kalashnikov AK-12  to sale list with price  1100
[0079.03] ScriptLog: WeaponPage: Added  MKb.42(H) Carbine Rifle  to sale list with price  1100
[0079.03] ScriptLog: WeaponPage: Added  SCAR-H Assault Rifle  to sale list with price  1500
[0079.03] ScriptLog: WeaponPage: Added  Stoner 63A LMG  to sale list with price  1500
[0079.03] ScriptLog: WeaponPage: Added  HMTech-401 Assault Rifle  to sale list with price  1500
[0079.03] ScriptLog: WeaponPage: Added  HMTech-501 Grenade Rifle  to sale list with price  2000
[0079.03] ScriptLog: WeaponPage: Added  M16 M203 Assault Rifle  to sale list with price  1200
[0079.03] ScriptLog: WeaponPage: Added  FN FAL ACOG  to sale list with price  1500
[0079.03] ScriptLog: WeaponPage: Added  Tommy Gun  to sale list with price  650
[0079.03] ScriptLog: WeaponPage: Player already owns  KFGameContent.KFWeap_Healer_Syringe
[0079.03] ScriptLog: WeaponPage: Player already owns  KFGameContent.KFWeap_Welder
[0079.03] ScriptLog: WeaponPage: Added  MG3 Shredder  to sale list with price  2000
[0079.03] ScriptLog: WeaponPage: Player already owns  WeaponPackExt.KFWeap_AssaultRifle_M14EBR
[0079.03] ScriptLog: UpdateStatsDisplay: Dosh= 982979  SelectedInventoryIdx= 4  WPP= Ext_WeaponProperties_134
[0079.03] ScriptLog: Ext_WeaponProperties.CanAddDamage: ExtPRI= ExtPlayerReplicationInfo_0  DamageLv= 13  MaxDmgLv= 20  Score= 982979  NextDmgCost= 2380  Result= True
[0079.03] ScriptLog: Ext_WeaponProperties.CanAddDamage: ExtPRI= ExtPlayerReplicationInfo_0  DamageLv= 13  MaxDmgLv= 20  Score= 982979  NextDmgCost= 2380  Result= True
[0079.03] ScriptLog: UpdateStatsDisplay: DmgUpgradeBtn disabled= False  bIsInventorySelected= True  WPP= Ext_WeaponProperties_134  CanAddDamage= True
[0079.03] ScriptLog: UpdateStatsDisplay: Dosh= 982979  SelectedInventoryIdx= 4  WPP= Ext_WeaponProperties_134
[0079.03] ScriptLog: Ext_WeaponProperties.CanAddDamage: ExtPRI= ExtPlayerReplicationInfo_0  DamageLv= 13  MaxDmgLv= 20  Score= 982979  NextDmgCost= 2380  Result= True
[0079.03] ScriptLog: Ext_WeaponProperties.CanAddDamage: ExtPRI= ExtPlayerReplicationInfo_0  DamageLv= 13  MaxDmgLv= 20  Score= 982979  NextDmgCost= 2380  Result= True
[0079.03] ScriptLog: UpdateStatsDisplay: DmgUpgradeBtn disabled= False  bIsInventorySelected= True  WPP= Ext_WeaponProperties_134  CanAddDamage= True
[0079.03] ScriptLog: ApplyModifiers: modded stats: Dmg= 25.0000  FireRate= 0.2000  Penetration= 0.0000  Magazine= 75  MaxAmmo= -3
[0079.03] ScriptLog: ApplyModifiers: modded stats: Dmg= 20.0000  FireRate= 0.2000  Penetration= 0.0000  Magazine= 100  MaxAmmo= 0
[0079.03] ScriptLog: ApplyModifiers: modded stats: Dmg= 0.0000  FireRate= 0.2000  Penetration= 0.0000  Magazine= 100  MaxAmmo= 0
[0079.03] ScriptLog: ApplyModifiers: modded stats: Dmg= 32.0000  FireRate= 1.0000  Penetration= 0.0000  Magazine= 0  MaxAmmo= 0
[0079.03] ScriptLog: ApplyModifiers: modded stats: Dmg= 207.0000  FireRate= 0.0800  Penetration= 2.0000  Magazine= 150  MaxAmmo= 1332
[0079.03] ScriptLog: Ext_WeaponProperties.SetMaxLvs: Using replicated ECurrentPerkPrestige= 20
[0079.03] ScriptLog: Ext_WeaponProperties.SetMaxLvs: MaxDmgLv= 20  MaxAoELv= 20  MaxDotLv= 20  MaxFireRateLv= 20  MaxPenetrationLv= 20  MaxMagazineLv= 20  MaxSpareLv= 20
[0079.03] ScriptLog: Ext_WeaponProperties.SetMaxLvs: Using replicated ECurrentPerkPrestige= 20
[0079.03] ScriptLog: Ext_WeaponProperties.SetMaxLvs: MaxDmgLv= 20  MaxAoELv= 20  MaxDotLv= 20  MaxFireRateLv= 20  MaxPenetrationLv= 20  MaxMagazineLv= 20  MaxSpareLv= 20
[0079.03] ScriptLog: Ext_WeaponProperties.SetMaxLvs: Using replicated ECurrentPerkPrestige= 20
[0079.03] ScriptLog: Ext_WeaponProperties.SetMaxLvs: MaxDmgLv= 20  MaxAoELv= 20  MaxDotLv= 20  MaxFireRateLv= 20  MaxPenetrationLv= 20  MaxMagazineLv= 20  MaxSpareLv= 20
[0079.03] ScriptLog: Ext_WeaponProperties.SetMaxLvs: Using replicated ECurrentPerkPrestige= 20
[0079.03] ScriptLog: Ext_WeaponProperties.SetMaxLvs: MaxDmgLv= 20  MaxAoELv= 20  MaxDotLv= 20  MaxFireRateLv= 20  MaxPenetrationLv= 20  MaxMagazineLv= 20  MaxSpareLv= 20
[0079.03] ScriptWarning: Accessed null class context 'WeaponDef'
        UIP_WeaponPage Transient.UI_FinanceMenu_0:UIP_WeaponPage_0
        Function doshext.UIP_WeaponPage:Timer:033D
[0079.03] ScriptWarning: Accessed null class context 'WeaponDef'
        UIP_WeaponPage Transient.UI_FinanceMenu_0:UIP_WeaponPage_0
        Function doshext.UIP_WeaponPage:Timer:033D
[0079.03] ScriptLog: WeaponPage: Added  Minigun  to sale list with price  2000
[0079.03] ScriptLog: WeaponPage: Added  FAMAS Masterkey  to sale list with price  1000
[0079.03] ScriptWarning: Accessed array 'Default__KFWeap_AutoTurret.WeaponProjectiles' out of bounds (0/0)
        KFWeap_AutoTurret kfgamecontent.Default__KFWeap_AutoTurret
        Function KFGame.KFWeap_ThrownBase:CalculateTraderWeaponStatDamage:001E
[0079.03] ScriptWarning: Accessed null class context 'ProjClass'
        KFWeap_AutoTurret kfgamecontent.Default__KFWeap_AutoTurret
        Function KFGame.KFWeap_ThrownBase:CalculateTraderWeaponStatDamage:002C
[0079.03] ScriptWarning: Accessed null class context 'ProjClass'
        KFWeap_AutoTurret kfgamecontent.Default__KFWeap_AutoTurret
        Function KFGame.KFWeap_ThrownBase:CalculateTraderWeaponStatDamage:00DC
[0079.03] ScriptWarning: Accessed null class context 'ProjClass'
        KFWeap_AutoTurret kfgamecontent.Default__KFWeap_AutoTurret
        Function KFGame.KFWeap_ThrownBase:CalculateTraderWeaponStatDamage:010D
[0079.03] ScriptLog: WeaponPage: Added  Sentinel  to sale list with price  500
[0079.03] ScriptLog: WeaponPage: Added  AR-15 Varmint Rifle  to sale list with price  200
[0079.03] ScriptLog: WeaponPage: Added  SA80 L85A2 Bullpup  to sale list with price  650
[0079.03] ScriptLog: WeaponPage: Added  Kalashnikov AK-12  to sale list with price  1100
[0079.03] ScriptLog: WeaponPage: Added  MKb.42(H) Carbine Rifle  to sale list with price  1100
[0079.03] ScriptLog: WeaponPage: Added  SCAR-H Assault Rifle  to sale list with price  1500
[0079.03] ScriptLog: WeaponPage: Added  Stoner 63A LMG  to sale list with price  1500
[0079.03] ScriptLog: WeaponPage: Added  HMTech-401 Assault Rifle  to sale list with price  1500
[0079.03] ScriptLog: WeaponPage: Added  HMTech-501 Grenade Rifle  to sale list with price  2000
[0079.03] ScriptLog: WeaponPage: Added  M16 M203 Assault Rifle  to sale list with price  1200
[0079.03] ScriptLog: WeaponPage: Added  FN FAL ACOG  to sale list with price  1500
[0079.03] ScriptLog: WeaponPage: Added  Tommy Gun  to sale list with price  650
[0079.03] ScriptLog: WeaponPage: Player already owns  KFGameContent.KFWeap_Healer_Syringe
[0079.03] ScriptLog: WeaponPage: Player already owns  KFGameContent.KFWeap_Welder
[0079.03] ScriptLog: WeaponPage: Added  MG3 Shredder  to sale list with price  2000
[0079.03] ScriptLog: WeaponPage: Player already owns  WeaponPackExt.KFWeap_AssaultRifle_M14EBR
[0079.03] ScriptLog: UpdateStatsDisplay: Dosh= 982979  SelectedInventoryIdx= 4  WPP= Ext_WeaponProperties_134
[0079.03] ScriptLog: Ext_WeaponProperties.CanAddDamage: ExtPRI= ExtPlayerReplicationInfo_0  DamageLv= 13  MaxDmgLv= 20  Score= 982979  NextDmgCost= 2380  Result= True
[0079.03] ScriptLog: Ext_WeaponProperties.CanAddDamage: ExtPRI= ExtPlayerReplicationInfo_0  DamageLv= 13  MaxDmgLv= 20  Score= 982979  NextDmgCost= 2380  Result= True
[0079.03] ScriptLog: UpdateStatsDisplay: DmgUpgradeBtn disabled= False  bIsInventorySelected= True  WPP= Ext_WeaponProperties_134  CanAddDamage= True
[0079.03] ScriptLog: UpdateStatsDisplay: Dosh= 982979  SelectedInventoryIdx= 4  WPP= Ext_WeaponProperties_134
[0079.03] ScriptLog: Ext_WeaponProperties.CanAddDamage: ExtPRI= ExtPlayerReplicationInfo_0  DamageLv= 13  MaxDmgLv= 20  Score= 982979  NextDmgCost= 2380  Result= True
[0079.03] ScriptLog: Ext_WeaponProperties.CanAddDamage: ExtPRI= ExtPlayerReplicationInfo_0  DamageLv= 13  MaxDmgLv= 20  Score= 982979  NextDmgCost= 2380  Result= True
[0079.03] ScriptLog: UpdateStatsDisplay: DmgUpgradeBtn disabled= False  bIsInventorySelected= True  WPP= Ext_WeaponProperties_134  CanAddDamage= True
[0079.03] ScriptLog: ExtPlayerController.ServerUpgradeWeaponDamage: Upgrade complete
[0079.23] ScriptLog: UIP_WeaponPage.OnUpgradeDamage: EXTPC= ExtPlayerController_0
[0079.23] ScriptLog: ExtPlayerController.ServerUpgradeWeaponDamage: PropIdx= 4  InvProperties.Length= 5
[0079.23] ScriptLog: ExtPlayerController.ServerUpgradeWeaponDamage: Calling AddDamage on InvProperties[ 4 ]
[0079.23] ScriptLog: Ext_WeaponProperties.CanAddDamage: ExtPRI= ExtPlayerReplicationInfo_0  DamageLv= 13  MaxDmgLv= 20  Score= 982979  NextDmgCost= 2380  Result= True
[0079.23] ScriptLog: ApplyModifiers: modded stats: Dmg= 216.0000  FireRate= 0.0800  Penetration= 2.0000  Magazine= 150  MaxAmmo= 1332
[0079.23] ScriptLog: ApplyModifiers: modded stats: Dmg= 216.0000  FireRate= 0.0800  Penetration= 2.0000  Magazine= 150  MaxAmmo= 1332
[0079.23] ScriptLog: Ext_WeaponProperties.SetMaxLvs: Using replicated ECurrentPerkPrestige= 20
[0079.23] ScriptLog: Ext_WeaponProperties.SetMaxLvs: MaxDmgLv= 20  MaxAoELv= 20  MaxDotLv= 20  MaxFireRateLv= 20  MaxPenetrationLv= 20  MaxMagazineLv= 20  MaxSpareLv= 20
[0079.24] ScriptLog: Ext_WeaponProperties.SetMaxLvs: Using replicated ECurrentPerkPrestige= 20
[0079.24] ScriptLog: Ext_WeaponProperties.SetMaxLvs: MaxDmgLv= 20  MaxAoELv= 20  MaxDotLv= 20  MaxFireRateLv= 20  MaxPenetrationLv= 20  MaxMagazineLv= 20  MaxSpareLv= 20
[0079.24] ScriptLog: Ext_WeaponProperties.SetMaxLvs: Using replicated ECurrentPerkPrestige= 20
[0079.24] ScriptLog: Ext_WeaponProperties.SetMaxLvs: MaxDmgLv= 20  MaxAoELv= 20  MaxDotLv= 20  MaxFireRateLv= 20  MaxPenetrationLv= 20  MaxMagazineLv= 20  MaxSpareLv= 20
[0079.24] ScriptLog: Ext_WeaponProperties.SetMaxLvs: Using replicated ECurrentPerkPrestige= 20
[0079.24] ScriptLog: Ext_WeaponProperties.SetMaxLvs: MaxDmgLv= 20  MaxAoELv= 20  MaxDotLv= 20  MaxFireRateLv= 20  MaxPenetrationLv= 20  MaxMagazineLv= 20  MaxSpareLv= 20
[0079.24] ScriptWarning: Accessed null class context 'WeaponDef'
        UIP_WeaponPage Transient.UI_FinanceMenu_0:UIP_WeaponPage_0
        Function doshext.UIP_WeaponPage:Timer:033D
[0079.24] ScriptWarning: Accessed null class context 'WeaponDef'
        UIP_WeaponPage Transient.UI_FinanceMenu_0:UIP_WeaponPage_0
        Function doshext.UIP_WeaponPage:Timer:033D
[0079.24] ScriptLog: WeaponPage: Added  Minigun  to sale list with price  2000
[0079.24] ScriptLog: WeaponPage: Added  FAMAS Masterkey  to sale list with price  1000
[0079.24] ScriptWarning: Accessed array 'Default__KFWeap_AutoTurret.WeaponProjectiles' out of bounds (0/0)
        KFWeap_AutoTurret kfgamecontent.Default__KFWeap_AutoTurret
        Function KFGame.KFWeap_ThrownBase:CalculateTraderWeaponStatDamage:001E
[0079.24] ScriptWarning: Accessed null class context 'ProjClass'
        KFWeap_AutoTurret kfgamecontent.Default__KFWeap_AutoTurret
        Function KFGame.KFWeap_ThrownBase:CalculateTraderWeaponStatDamage:002C
[0079.24] ScriptWarning: Accessed null class context 'ProjClass'
        KFWeap_AutoTurret kfgamecontent.Default__KFWeap_AutoTurret
        Function KFGame.KFWeap_ThrownBase:CalculateTraderWeaponStatDamage:00DC
[0079.24] ScriptWarning: Accessed null class context 'ProjClass'
        KFWeap_AutoTurret kfgamecontent.Default__KFWeap_AutoTurret
        Function KFGame.KFWeap_ThrownBase:CalculateTraderWeaponStatDamage:010D
[0079.24] ScriptLog: WeaponPage: Added  Sentinel  to sale list with price  500
[0079.24] ScriptLog: WeaponPage: Added  AR-15 Varmint Rifle  to sale list with price  200
[0079.24] ScriptLog: WeaponPage: Added  SA80 L85A2 Bullpup  to sale list with price  650
[0079.24] ScriptLog: WeaponPage: Added  Kalashnikov AK-12  to sale list with price  1100
[0079.24] ScriptLog: WeaponPage: Added  MKb.42(H) Carbine Rifle  to sale list with price  1100
[0079.24] ScriptLog: WeaponPage: Added  SCAR-H Assault Rifle  to sale list with price  1500
[0079.24] ScriptLog: WeaponPage: Added  Stoner 63A LMG  to sale list with price  1500
[0079.24] ScriptLog: WeaponPage: Added  HMTech-401 Assault Rifle  to sale list with price  1500
[0079.24] ScriptLog: WeaponPage: Added  HMTech-501 Grenade Rifle  to sale list with price  2000
[0079.24] ScriptLog: WeaponPage: Added  M16 M203 Assault Rifle  to sale list with price  1200
[0079.24] ScriptLog: WeaponPage: Added  FN FAL ACOG  to sale list with price  1500
[0079.24] ScriptLog: WeaponPage: Added  Tommy Gun  to sale list with price  650
[0079.24] ScriptLog: WeaponPage: Player already owns  KFGameContent.KFWeap_Healer_Syringe
[0079.24] ScriptLog: WeaponPage: Player already owns  KFGameContent.KFWeap_Welder
[0079.24] ScriptLog: WeaponPage: Added  MG3 Shredder  to sale list with price  2000
[0079.24] ScriptLog: WeaponPage: Player already owns  WeaponPackExt.KFWeap_AssaultRifle_M14EBR
[0079.24] ScriptLog: UpdateStatsDisplay: Dosh= 980599  SelectedInventoryIdx= 4  WPP= Ext_WeaponProperties_134
[0079.24] ScriptLog: Ext_WeaponProperties.CanAddDamage: ExtPRI= ExtPlayerReplicationInfo_0  DamageLv= 14  MaxDmgLv= 20  Score= 980599  NextDmgCost= 2550  Result= True
[0079.24] ScriptLog: Ext_WeaponProperties.CanAddDamage: ExtPRI= ExtPlayerReplicationInfo_0  DamageLv= 14  MaxDmgLv= 20  Score= 980599  NextDmgCost= 2550  Result= True
[0079.24] ScriptLog: UpdateStatsDisplay: DmgUpgradeBtn disabled= False  bIsInventorySelected= True  WPP= Ext_WeaponProperties_134  CanAddDamage= True
[0079.24] ScriptLog: UpdateStatsDisplay: Dosh= 980599  SelectedInventoryIdx= 4  WPP= Ext_WeaponProperties_134
[0079.24] ScriptLog: Ext_WeaponProperties.CanAddDamage: ExtPRI= ExtPlayerReplicationInfo_0  DamageLv= 14  MaxDmgLv= 20  Score= 980599  NextDmgCost= 2550  Result= True
[0079.24] ScriptLog: Ext_WeaponProperties.CanAddDamage: ExtPRI= ExtPlayerReplicationInfo_0  DamageLv= 14  MaxDmgLv= 20  Score= 980599  NextDmgCost= 2550  Result= True
[0079.24] ScriptLog: UpdateStatsDisplay: DmgUpgradeBtn disabled= False  bIsInventorySelected= True  WPP= Ext_WeaponProperties_134  CanAddDamage= True
[0079.24] ScriptLog: ApplyModifiers: modded stats: Dmg= 25.0000  FireRate= 0.2000  Penetration= 0.0000  Magazine= 75  MaxAmmo= -3
[0079.24] ScriptLog: ApplyModifiers: modded stats: Dmg= 20.0000  FireRate= 0.2000  Penetration= 0.0000  Magazine= 100  MaxAmmo= 0
[0079.24] ScriptLog: ApplyModifiers: modded stats: Dmg= 0.0000  FireRate= 0.2000  Penetration= 0.0000  Magazine= 100  MaxAmmo= 0
[0079.24] ScriptLog: ApplyModifiers: modded stats: Dmg= 32.0000  FireRate= 1.0000  Penetration= 0.0000  Magazine= 0  MaxAmmo= 0
[0079.24] ScriptLog: ApplyModifiers: modded stats: Dmg= 216.0000  FireRate= 0.0800  Penetration= 2.0000  Magazine= 150  MaxAmmo= 1332
[0079.24] ScriptLog: Ext_WeaponProperties.SetMaxLvs: Using replicated ECurrentPerkPrestige= 20
[0079.24] ScriptLog: Ext_WeaponProperties.SetMaxLvs: MaxDmgLv= 20  MaxAoELv= 20  MaxDotLv= 20  MaxFireRateLv= 20  MaxPenetrationLv= 20  MaxMagazineLv= 20  MaxSpareLv= 20
[0079.24] ScriptLog: Ext_WeaponProperties.SetMaxLvs: Using replicated ECurrentPerkPrestige= 20
[0079.24] ScriptLog: Ext_WeaponProperties.SetMaxLvs: MaxDmgLv= 20  MaxAoELv= 20  MaxDotLv= 20  MaxFireRateLv= 20  MaxPenetrationLv= 20  MaxMagazineLv= 20  MaxSpareLv= 20
[0079.24] ScriptLog: Ext_WeaponProperties.SetMaxLvs: Using replicated ECurrentPerkPrestige= 20
[0079.24] ScriptLog: Ext_WeaponProperties.SetMaxLvs: MaxDmgLv= 20  MaxAoELv= 20  MaxDotLv= 20  MaxFireRateLv= 20  MaxPenetrationLv= 20  MaxMagazineLv= 20  MaxSpareLv= 20
[0079.24] ScriptLog: Ext_WeaponProperties.SetMaxLvs: Using replicated ECurrentPerkPrestige= 20
[0079.24] ScriptLog: Ext_WeaponProperties.SetMaxLvs: MaxDmgLv= 20  MaxAoELv= 20  MaxDotLv= 20  MaxFireRateLv= 20  MaxPenetrationLv= 20  MaxMagazineLv= 20  MaxSpareLv= 20
[0079.24] ScriptWarning: Accessed null class context 'WeaponDef'
        UIP_WeaponPage Transient.UI_FinanceMenu_0:UIP_WeaponPage_0
        Function doshext.UIP_WeaponPage:Timer:033D
[0079.24] ScriptWarning: Accessed null class context 'WeaponDef'
        UIP_WeaponPage Transient.UI_FinanceMenu_0:UIP_WeaponPage_0
        Function doshext.UIP_WeaponPage:Timer:033D
[0079.24] ScriptLog: WeaponPage: Added  Minigun  to sale list with price  2000
[0079.24] ScriptLog: WeaponPage: Added  FAMAS Masterkey  to sale list with price  1000
[0079.24] ScriptWarning: Accessed array 'Default__KFWeap_AutoTurret.WeaponProjectiles' out of bounds (0/0)
        KFWeap_AutoTurret kfgamecontent.Default__KFWeap_AutoTurret
        Function KFGame.KFWeap_ThrownBase:CalculateTraderWeaponStatDamage:001E
[0079.24] ScriptWarning: Accessed null class context 'ProjClass'
        KFWeap_AutoTurret kfgamecontent.Default__KFWeap_AutoTurret
        Function KFGame.KFWeap_ThrownBase:CalculateTraderWeaponStatDamage:002C
[0079.24] ScriptWarning: Accessed null class context 'ProjClass'
        KFWeap_AutoTurret kfgamecontent.Default__KFWeap_AutoTurret
        Function KFGame.KFWeap_ThrownBase:CalculateTraderWeaponStatDamage:00DC
[0079.24] ScriptWarning: Accessed null class context 'ProjClass'
        KFWeap_AutoTurret kfgamecontent.Default__KFWeap_AutoTurret
        Function KFGame.KFWeap_ThrownBase:CalculateTraderWeaponStatDamage:010D
[0079.24] ScriptLog: WeaponPage: Added  Sentinel  to sale list with price  500
[0079.24] ScriptLog: WeaponPage: Added  AR-15 Varmint Rifle  to sale list with price  200
[0079.24] ScriptLog: WeaponPage: Added  SA80 L85A2 Bullpup  to sale list with price  650
[0079.24] ScriptLog: WeaponPage: Added  Kalashnikov AK-12  to sale list with price  1100
[0079.24] ScriptLog: WeaponPage: Added  MKb.42(H) Carbine Rifle  to sale list with price  1100
[0079.24] ScriptLog: WeaponPage: Added  SCAR-H Assault Rifle  to sale list with price  1500
[0079.24] ScriptLog: WeaponPage: Added  Stoner 63A LMG  to sale list with price  1500
[0079.24] ScriptLog: WeaponPage: Added  HMTech-401 Assault Rifle  to sale list with price  1500
[0079.24] ScriptLog: WeaponPage: Added  HMTech-501 Grenade Rifle  to sale list with price  2000
[0079.24] ScriptLog: WeaponPage: Added  M16 M203 Assault Rifle  to sale list with price  1200
[0079.24] ScriptLog: WeaponPage: Added  FN FAL ACOG  to sale list with price  1500
[0079.24] ScriptLog: WeaponPage: Added  Tommy Gun  to sale list with price  650
[0079.24] ScriptLog: WeaponPage: Player already owns  KFGameContent.KFWeap_Healer_Syringe
[0079.24] ScriptLog: WeaponPage: Player already owns  KFGameContent.KFWeap_Welder
[0079.24] ScriptLog: WeaponPage: Added  MG3 Shredder  to sale list with price  2000
[0079.24] ScriptLog: WeaponPage: Player already owns  WeaponPackExt.KFWeap_AssaultRifle_M14EBR
[0079.24] ScriptLog: UpdateStatsDisplay: Dosh= 980599  SelectedInventoryIdx= 4  WPP= Ext_WeaponProperties_134
[0079.24] ScriptLog: Ext_WeaponProperties.CanAddDamage: ExtPRI= ExtPlayerReplicationInfo_0  DamageLv= 14  MaxDmgLv= 20  Score= 980599  NextDmgCost= 2550  Result= True
[0079.24] ScriptLog: Ext_WeaponProperties.CanAddDamage: ExtPRI= ExtPlayerReplicationInfo_0  DamageLv= 14  MaxDmgLv= 20  Score= 980599  NextDmgCost= 2550  Result= True
[0079.24] ScriptLog: UpdateStatsDisplay: DmgUpgradeBtn disabled= False  bIsInventorySelected= True  WPP= Ext_WeaponProperties_134  CanAddDamage= True
[0079.24] ScriptLog: UpdateStatsDisplay: Dosh= 980599  SelectedInventoryIdx= 4  WPP= Ext_WeaponProperties_134
[0079.24] ScriptLog: Ext_WeaponProperties.CanAddDamage: ExtPRI= ExtPlayerReplicationInfo_0  DamageLv= 14  MaxDmgLv= 20  Score= 980599  NextDmgCost= 2550  Result= True
[0079.24] ScriptLog: Ext_WeaponProperties.CanAddDamage: ExtPRI= ExtPlayerReplicationInfo_0  DamageLv= 14  MaxDmgLv= 20  Score= 980599  NextDmgCost= 2550  Result= True
[0079.24] ScriptLog: UpdateStatsDisplay: DmgUpgradeBtn disabled= False  bIsInventorySelected= True  WPP= Ext_WeaponProperties_134  CanAddDamage= True
[0079.24] ScriptLog: ExtPlayerController.ServerUpgradeWeaponDamage: Upgrade complete
[0079.41] ScriptLog: UIP_WeaponPage.OnUpgradeDamage: EXTPC= ExtPlayerController_0
[0079.41] ScriptLog: ExtPlayerController.ServerUpgradeWeaponDamage: PropIdx= 4  InvProperties.Length= 5
[0079.41] ScriptLog: ExtPlayerController.ServerUpgradeWeaponDamage: Calling AddDamage on InvProperties[ 4 ]
[0079.41] ScriptLog: Ext_WeaponProperties.CanAddDamage: ExtPRI= ExtPlayerReplicationInfo_0  DamageLv= 14  MaxDmgLv= 20  Score= 980599  NextDmgCost= 2550  Result= True
[0079.41] ScriptLog: ApplyModifiers: modded stats: Dmg= 225.0000  FireRate= 0.0800  Penetration= 2.0000  Magazine= 150  MaxAmmo= 1332
[0079.41] ScriptLog: ApplyModifiers: modded stats: Dmg= 225.0000  FireRate= 0.0800  Penetration= 2.0000  Magazine= 150  MaxAmmo= 1332
[0079.41] ScriptLog: Ext_WeaponProperties.SetMaxLvs: Using replicated ECurrentPerkPrestige= 20
[0079.41] ScriptLog: Ext_WeaponProperties.SetMaxLvs: MaxDmgLv= 20  MaxAoELv= 20  MaxDotLv= 20  MaxFireRateLv= 20  MaxPenetrationLv= 20  MaxMagazineLv= 20  MaxSpareLv= 20
[0079.41] ScriptLog: Ext_WeaponProperties.SetMaxLvs: Using replicated ECurrentPerkPrestige= 20
[0079.41] ScriptLog: Ext_WeaponProperties.SetMaxLvs: MaxDmgLv= 20  MaxAoELv= 20  MaxDotLv= 20  MaxFireRateLv= 20  MaxPenetrationLv= 20  MaxMagazineLv= 20  MaxSpareLv= 20
[0079.41] ScriptLog: Ext_WeaponProperties.SetMaxLvs: Using replicated ECurrentPerkPrestige= 20
[0079.41] ScriptLog: Ext_WeaponProperties.SetMaxLvs: MaxDmgLv= 20  MaxAoELv= 20  MaxDotLv= 20  MaxFireRateLv= 20  MaxPenetrationLv= 20  MaxMagazineLv= 20  MaxSpareLv= 20
[0079.41] ScriptLog: Ext_WeaponProperties.SetMaxLvs: Using replicated ECurrentPerkPrestige= 20
[0079.41] ScriptLog: Ext_WeaponProperties.SetMaxLvs: MaxDmgLv= 20  MaxAoELv= 20  MaxDotLv= 20  MaxFireRateLv= 20  MaxPenetrationLv= 20  MaxMagazineLv= 20  MaxSpareLv= 20
[0079.41] ScriptWarning: Accessed null class context 'WeaponDef'
        UIP_WeaponPage Transient.UI_FinanceMenu_0:UIP_WeaponPage_0
        Function doshext.UIP_WeaponPage:Timer:033D
[0079.41] ScriptWarning: Accessed null class context 'WeaponDef'
        UIP_WeaponPage Transient.UI_FinanceMenu_0:UIP_WeaponPage_0
        Function doshext.UIP_WeaponPage:Timer:033D
[0079.41] ScriptLog: WeaponPage: Added  Minigun  to sale list with price  2000
[0079.41] ScriptLog: WeaponPage: Added  FAMAS Masterkey  to sale list with price  1000
[0079.41] ScriptWarning: Accessed array 'Default__KFWeap_AutoTurret.WeaponProjectiles' out of bounds (0/0)
        KFWeap_AutoTurret kfgamecontent.Default__KFWeap_AutoTurret
        Function KFGame.KFWeap_ThrownBase:CalculateTraderWeaponStatDamage:001E
[0079.41] ScriptWarning: Accessed null class context 'ProjClass'
        KFWeap_AutoTurret kfgamecontent.Default__KFWeap_AutoTurret
        Function KFGame.KFWeap_ThrownBase:CalculateTraderWeaponStatDamage:002C
[0079.41] ScriptWarning: Accessed null class context 'ProjClass'
        KFWeap_AutoTurret kfgamecontent.Default__KFWeap_AutoTurret
        Function KFGame.KFWeap_ThrownBase:CalculateTraderWeaponStatDamage:00DC
[0079.41] ScriptWarning: Accessed null class context 'ProjClass'
        KFWeap_AutoTurret kfgamecontent.Default__KFWeap_AutoTurret
        Function KFGame.KFWeap_ThrownBase:CalculateTraderWeaponStatDamage:010D
[0079.41] ScriptLog: WeaponPage: Added  Sentinel  to sale list with price  500
[0079.41] ScriptLog: WeaponPage: Added  AR-15 Varmint Rifle  to sale list with price  200
[0079.41] ScriptLog: WeaponPage: Added  SA80 L85A2 Bullpup  to sale list with price  650
[0079.41] ScriptLog: WeaponPage: Added  Kalashnikov AK-12  to sale list with price  1100
[0079.41] ScriptLog: WeaponPage: Added  MKb.42(H) Carbine Rifle  to sale list with price  1100
[0079.41] ScriptLog: WeaponPage: Added  SCAR-H Assault Rifle  to sale list with price  1500
[0079.41] ScriptLog: WeaponPage: Added  Stoner 63A LMG  to sale list with price  1500
[0079.41] ScriptLog: WeaponPage: Added  HMTech-401 Assault Rifle  to sale list with price  1500
[0079.41] ScriptLog: WeaponPage: Added  HMTech-501 Grenade Rifle  to sale list with price  2000
[0079.41] ScriptLog: WeaponPage: Added  M16 M203 Assault Rifle  to sale list with price  1200
[0079.41] ScriptLog: WeaponPage: Added  FN FAL ACOG  to sale list with price  1500
[0079.41] ScriptLog: WeaponPage: Added  Tommy Gun  to sale list with price  650
[0079.41] ScriptLog: WeaponPage: Player already owns  KFGameContent.KFWeap_Healer_Syringe
[0079.41] ScriptLog: WeaponPage: Player already owns  KFGameContent.KFWeap_Welder
[0079.41] ScriptLog: WeaponPage: Added  MG3 Shredder  to sale list with price  2000
[0079.41] ScriptLog: WeaponPage: Player already owns  WeaponPackExt.KFWeap_AssaultRifle_M14EBR
[0079.41] ScriptLog: UpdateStatsDisplay: Dosh= 978049  SelectedInventoryIdx= 4  WPP= Ext_WeaponProperties_134
[0079.41] ScriptLog: Ext_WeaponProperties.CanAddDamage: ExtPRI= ExtPlayerReplicationInfo_0  DamageLv= 15  MaxDmgLv= 20  Score= 978049  NextDmgCost= 2720  Result= True
[0079.41] ScriptLog: Ext_WeaponProperties.CanAddDamage: ExtPRI= ExtPlayerReplicationInfo_0  DamageLv= 15  MaxDmgLv= 20  Score= 978049  NextDmgCost= 2720  Result= True
[0079.41] ScriptLog: UpdateStatsDisplay: DmgUpgradeBtn disabled= False  bIsInventorySelected= True  WPP= Ext_WeaponProperties_134  CanAddDamage= True
[0079.41] ScriptLog: UpdateStatsDisplay: Dosh= 978049  SelectedInventoryIdx= 4  WPP= Ext_WeaponProperties_134
[0079.41] ScriptLog: Ext_WeaponProperties.CanAddDamage: ExtPRI= ExtPlayerReplicationInfo_0  DamageLv= 15  MaxDmgLv= 20  Score= 978049  NextDmgCost= 2720  Result= True
[0079.41] ScriptLog: Ext_WeaponProperties.CanAddDamage: ExtPRI= ExtPlayerReplicationInfo_0  DamageLv= 15  MaxDmgLv= 20  Score= 978049  NextDmgCost= 2720  Result= True
[0079.41] ScriptLog: UpdateStatsDisplay: DmgUpgradeBtn disabled= False  bIsInventorySelected= True  WPP= Ext_WeaponProperties_134  CanAddDamage= True
[0079.41] ScriptLog: ApplyModifiers: modded stats: Dmg= 25.0000  FireRate= 0.2000  Penetration= 0.0000  Magazine= 75  MaxAmmo= -3
[0079.41] ScriptLog: ApplyModifiers: modded stats: Dmg= 20.0000  FireRate= 0.2000  Penetration= 0.0000  Magazine= 100  MaxAmmo= 0
[0079.41] ScriptLog: ApplyModifiers: modded stats: Dmg= 0.0000  FireRate= 0.2000  Penetration= 0.0000  Magazine= 100  MaxAmmo= 0
[0079.41] ScriptLog: ApplyModifiers: modded stats: Dmg= 32.0000  FireRate= 1.0000  Penetration= 0.0000  Magazine= 0  MaxAmmo= 0
[0079.41] ScriptLog: ApplyModifiers: modded stats: Dmg= 225.0000  FireRate= 0.0800  Penetration= 2.0000  Magazine= 150  MaxAmmo= 1332
[0079.41] ScriptLog: Ext_WeaponProperties.SetMaxLvs: Using replicated ECurrentPerkPrestige= 20
[0079.41] ScriptLog: Ext_WeaponProperties.SetMaxLvs: MaxDmgLv= 20  MaxAoELv= 20  MaxDotLv= 20  MaxFireRateLv= 20  MaxPenetrationLv= 20  MaxMagazineLv= 20  MaxSpareLv= 20
[0079.41] ScriptLog: Ext_WeaponProperties.SetMaxLvs: Using replicated ECurrentPerkPrestige= 20
[0079.41] ScriptLog: Ext_WeaponProperties.SetMaxLvs: MaxDmgLv= 20  MaxAoELv= 20  MaxDotLv= 20  MaxFireRateLv= 20  MaxPenetrationLv= 20  MaxMagazineLv= 20  MaxSpareLv= 20
[0079.41] ScriptLog: Ext_WeaponProperties.SetMaxLvs: Using replicated ECurrentPerkPrestige= 20
[0079.41] ScriptLog: Ext_WeaponProperties.SetMaxLvs: MaxDmgLv= 20  MaxAoELv= 20  MaxDotLv= 20  MaxFireRateLv= 20  MaxPenetrationLv= 20  MaxMagazineLv= 20  MaxSpareLv= 20
[0079.41] ScriptLog: Ext_WeaponProperties.SetMaxLvs: Using replicated ECurrentPerkPrestige= 20
[0079.41] ScriptLog: Ext_WeaponProperties.SetMaxLvs: MaxDmgLv= 20  MaxAoELv= 20  MaxDotLv= 20  MaxFireRateLv= 20  MaxPenetrationLv= 20  MaxMagazineLv= 20  MaxSpareLv= 20
[0079.41] ScriptWarning: Accessed null class context 'WeaponDef'
        UIP_WeaponPage Transient.UI_FinanceMenu_0:UIP_WeaponPage_0
        Function doshext.UIP_WeaponPage:Timer:033D
[0079.41] ScriptWarning: Accessed null class context 'WeaponDef'
        UIP_WeaponPage Transient.UI_FinanceMenu_0:UIP_WeaponPage_0
        Function doshext.UIP_WeaponPage:Timer:033D
[0079.41] ScriptLog: WeaponPage: Added  Minigun  to sale list with price  2000
[0079.41] ScriptLog: WeaponPage: Added  FAMAS Masterkey  to sale list with price  1000
[0079.41] ScriptWarning: Accessed array 'Default__KFWeap_AutoTurret.WeaponProjectiles' out of bounds (0/0)
        KFWeap_AutoTurret kfgamecontent.Default__KFWeap_AutoTurret
        Function KFGame.KFWeap_ThrownBase:CalculateTraderWeaponStatDamage:001E
[0079.41] ScriptWarning: Accessed null class context 'ProjClass'
        KFWeap_AutoTurret kfgamecontent.Default__KFWeap_AutoTurret
        Function KFGame.KFWeap_ThrownBase:CalculateTraderWeaponStatDamage:002C
[0079.41] ScriptWarning: Accessed null class context 'ProjClass'
        KFWeap_AutoTurret kfgamecontent.Default__KFWeap_AutoTurret
        Function KFGame.KFWeap_ThrownBase:CalculateTraderWeaponStatDamage:00DC
[0079.41] ScriptWarning: Accessed null class context 'ProjClass'
        KFWeap_AutoTurret kfgamecontent.Default__KFWeap_AutoTurret
        Function KFGame.KFWeap_ThrownBase:CalculateTraderWeaponStatDamage:010D
[0079.41] ScriptLog: WeaponPage: Added  Sentinel  to sale list with price  500
[0079.41] ScriptLog: WeaponPage: Added  AR-15 Varmint Rifle  to sale list with price  200
[0079.41] ScriptLog: WeaponPage: Added  SA80 L85A2 Bullpup  to sale list with price  650
[0079.41] ScriptLog: WeaponPage: Added  Kalashnikov AK-12  to sale list with price  1100
[0079.41] ScriptLog: WeaponPage: Added  MKb.42(H) Carbine Rifle  to sale list with price  1100
[0079.41] ScriptLog: WeaponPage: Added  SCAR-H Assault Rifle  to sale list with price  1500
[0079.41] ScriptLog: WeaponPage: Added  Stoner 63A LMG  to sale list with price  1500
[0079.41] ScriptLog: WeaponPage: Added  HMTech-401 Assault Rifle  to sale list with price  1500
[0079.41] ScriptLog: WeaponPage: Added  HMTech-501 Grenade Rifle  to sale list with price  2000
[0079.41] ScriptLog: WeaponPage: Added  M16 M203 Assault Rifle  to sale list with price  1200
[0079.41] ScriptLog: WeaponPage: Added  FN FAL ACOG  to sale list with price  1500
[0079.42] ScriptLog: WeaponPage: Added  Tommy Gun  to sale list with price  650
[0079.42] ScriptLog: WeaponPage: Player already owns  KFGameContent.KFWeap_Healer_Syringe
[0079.42] ScriptLog: WeaponPage: Player already owns  KFGameContent.KFWeap_Welder
[0079.42] ScriptLog: WeaponPage: Added  MG3 Shredder  to sale list with price  2000
[0079.42] ScriptLog: WeaponPage: Player already owns  WeaponPackExt.KFWeap_AssaultRifle_M14EBR
[0079.42] ScriptLog: UpdateStatsDisplay: Dosh= 978049  SelectedInventoryIdx= 4  WPP= Ext_WeaponProperties_134
[0079.42] ScriptLog: Ext_WeaponProperties.CanAddDamage: ExtPRI= ExtPlayerReplicationInfo_0  DamageLv= 15  MaxDmgLv= 20  Score= 978049  NextDmgCost= 2720  Result= True
[0079.42] ScriptLog: Ext_WeaponProperties.CanAddDamage: ExtPRI= ExtPlayerReplicationInfo_0  DamageLv= 15  MaxDmgLv= 20  Score= 978049  NextDmgCost= 2720  Result= True
[0079.42] ScriptLog: UpdateStatsDisplay: DmgUpgradeBtn disabled= False  bIsInventorySelected= True  WPP= Ext_WeaponProperties_134  CanAddDamage= True
[0079.42] ScriptLog: UpdateStatsDisplay: Dosh= 978049  SelectedInventoryIdx= 4  WPP= Ext_WeaponProperties_134
[0079.42] ScriptLog: Ext_WeaponProperties.CanAddDamage: ExtPRI= ExtPlayerReplicationInfo_0  DamageLv= 15  MaxDmgLv= 20  Score= 978049  NextDmgCost= 2720  Result= True
[0079.42] ScriptLog: Ext_WeaponProperties.CanAddDamage: ExtPRI= ExtPlayerReplicationInfo_0  DamageLv= 15  MaxDmgLv= 20  Score= 978049  NextDmgCost= 2720  Result= True
[0079.42] ScriptLog: UpdateStatsDisplay: DmgUpgradeBtn disabled= False  bIsInventorySelected= True  WPP= Ext_WeaponProperties_134  CanAddDamage= True
[0079.42] ScriptLog: ExtPlayerController.ServerUpgradeWeaponDamage: Upgrade complete
[0079.56] ScriptLog: Ext_WeaponProperties.SetMaxLvs: Using replicated ECurrentPerkPrestige= 20
[0079.56] ScriptLog: Ext_WeaponProperties.SetMaxLvs: MaxDmgLv= 20  MaxAoELv= 20  MaxDotLv= 20  MaxFireRateLv= 20  MaxPenetrationLv= 20  MaxMagazineLv= 20  MaxSpareLv= 20
[0079.56] ScriptLog: Ext_WeaponProperties.SetMaxLvs: Using replicated ECurrentPerkPrestige= 20
[0079.56] ScriptLog: Ext_WeaponProperties.SetMaxLvs: MaxDmgLv= 20  MaxAoELv= 20  MaxDotLv= 20  MaxFireRateLv= 20  MaxPenetrationLv= 20  MaxMagazineLv= 20  MaxSpareLv= 20
[0079.56] ScriptLog: Ext_WeaponProperties.SetMaxLvs: Using replicated ECurrentPerkPrestige= 20
[0079.56] ScriptLog: Ext_WeaponProperties.SetMaxLvs: MaxDmgLv= 20  MaxAoELv= 20  MaxDotLv= 20  MaxFireRateLv= 20  MaxPenetrationLv= 20  MaxMagazineLv= 20  MaxSpareLv= 20
[0079.56] ScriptLog: Ext_WeaponProperties.SetMaxLvs: Using replicated ECurrentPerkPrestige= 20
[0079.56] ScriptLog: Ext_WeaponProperties.SetMaxLvs: MaxDmgLv= 20  MaxAoELv= 20  MaxDotLv= 20  MaxFireRateLv= 20  MaxPenetrationLv= 20  MaxMagazineLv= 20  MaxSpareLv= 20
[0079.56] ScriptWarning: Accessed null class context 'WeaponDef'
        UIP_WeaponPage Transient.UI_FinanceMenu_0:UIP_WeaponPage_0
        Function doshext.UIP_WeaponPage:Timer:033D
[0079.56] ScriptWarning: Accessed null class context 'WeaponDef'
        UIP_WeaponPage Transient.UI_FinanceMenu_0:UIP_WeaponPage_0
        Function doshext.UIP_WeaponPage:Timer:033D
[0079.56] ScriptLog: WeaponPage: Added  Minigun  to sale list with price  2000
[0079.56] ScriptLog: WeaponPage: Added  FAMAS Masterkey  to sale list with price  1000
[0079.56] ScriptWarning: Accessed array 'Default__KFWeap_AutoTurret.WeaponProjectiles' out of bounds (0/0)
        KFWeap_AutoTurret kfgamecontent.Default__KFWeap_AutoTurret
        Function KFGame.KFWeap_ThrownBase:CalculateTraderWeaponStatDamage:001E
[0079.56] ScriptWarning: Accessed null class context 'ProjClass'
        KFWeap_AutoTurret kfgamecontent.Default__KFWeap_AutoTurret
        Function KFGame.KFWeap_ThrownBase:CalculateTraderWeaponStatDamage:002C
[0079.56] ScriptWarning: Accessed null class context 'ProjClass'
        KFWeap_AutoTurret kfgamecontent.Default__KFWeap_AutoTurret
        Function KFGame.KFWeap_ThrownBase:CalculateTraderWeaponStatDamage:00DC
[0079.56] ScriptWarning: Accessed null class context 'ProjClass'
        KFWeap_AutoTurret kfgamecontent.Default__KFWeap_AutoTurret
        Function KFGame.KFWeap_ThrownBase:CalculateTraderWeaponStatDamage:010D
[0079.56] ScriptLog: WeaponPage: Added  Sentinel  to sale list with price  500
[0079.56] ScriptLog: WeaponPage: Added  AR-15 Varmint Rifle  to sale list with price  200
[0079.56] ScriptLog: WeaponPage: Added  SA80 L85A2 Bullpup  to sale list with price  650
[0079.56] ScriptLog: WeaponPage: Added  Kalashnikov AK-12  to sale list with price  1100
[0079.56] ScriptLog: WeaponPage: Added  MKb.42(H) Carbine Rifle  to sale list with price  1100
[0079.56] ScriptLog: WeaponPage: Added  SCAR-H Assault Rifle  to sale list with price  1500
[0079.56] ScriptLog: WeaponPage: Added  Stoner 63A LMG  to sale list with price  1500
[0079.56] ScriptLog: WeaponPage: Added  HMTech-401 Assault Rifle  to sale list with price  1500
[0079.56] ScriptLog: WeaponPage: Added  HMTech-501 Grenade Rifle  to sale list with price  2000
[0079.56] ScriptLog: WeaponPage: Added  M16 M203 Assault Rifle  to sale list with price  1200
[0079.56] ScriptLog: WeaponPage: Added  FN FAL ACOG  to sale list with price  1500
[0079.56] ScriptLog: WeaponPage: Added  Tommy Gun  to sale list with price  650
[0079.56] ScriptLog: WeaponPage: Player already owns  KFGameContent.KFWeap_Healer_Syringe
[0079.56] ScriptLog: WeaponPage: Player already owns  KFGameContent.KFWeap_Welder
[0079.56] ScriptLog: WeaponPage: Added  MG3 Shredder  to sale list with price  2000
[0079.56] ScriptLog: WeaponPage: Player already owns  WeaponPackExt.KFWeap_AssaultRifle_M14EBR
[0079.56] ScriptLog: UpdateStatsDisplay: Dosh= 978049  SelectedInventoryIdx= 4  WPP= Ext_WeaponProperties_134
[0079.56] ScriptLog: Ext_WeaponProperties.CanAddDamage: ExtPRI= ExtPlayerReplicationInfo_0  DamageLv= 15  MaxDmgLv= 20  Score= 978049  NextDmgCost= 2720  Result= True
[0079.56] ScriptLog: Ext_WeaponProperties.CanAddDamage: ExtPRI= ExtPlayerReplicationInfo_0  DamageLv= 15  MaxDmgLv= 20  Score= 978049  NextDmgCost= 2720  Result= True
[0079.56] ScriptLog: UpdateStatsDisplay: DmgUpgradeBtn disabled= False  bIsInventorySelected= True  WPP= Ext_WeaponProperties_134  CanAddDamage= True
[0079.78] ScriptLog: UIP_WeaponPage.OnUpgradeDamage: EXTPC= ExtPlayerController_0
[0079.78] ScriptLog: ExtPlayerController.ServerUpgradeWeaponDamage: PropIdx= 4  InvProperties.Length= 5
[0079.78] ScriptLog: ExtPlayerController.ServerUpgradeWeaponDamage: Calling AddDamage on InvProperties[ 4 ]
[0079.78] ScriptLog: Ext_WeaponProperties.CanAddDamage: ExtPRI= ExtPlayerReplicationInfo_0  DamageLv= 15  MaxDmgLv= 20  Score= 978049  NextDmgCost= 2720  Result= True
[0079.78] ScriptLog: ApplyModifiers: modded stats: Dmg= 234.0000  FireRate= 0.0800  Penetration= 2.0000  Magazine= 150  MaxAmmo= 1332
[0079.78] ScriptLog: ApplyModifiers: modded stats: Dmg= 234.0000  FireRate= 0.0800  Penetration= 2.0000  Magazine= 150  MaxAmmo= 1332
[0079.78] ScriptLog: Ext_WeaponProperties.SetMaxLvs: Using replicated ECurrentPerkPrestige= 20
[0079.78] ScriptLog: Ext_WeaponProperties.SetMaxLvs: MaxDmgLv= 20  MaxAoELv= 20  MaxDotLv= 20  MaxFireRateLv= 20  MaxPenetrationLv= 20  MaxMagazineLv= 20  MaxSpareLv= 20
[0079.78] ScriptLog: Ext_WeaponProperties.SetMaxLvs: Using replicated ECurrentPerkPrestige= 20
[0079.78] ScriptLog: Ext_WeaponProperties.SetMaxLvs: MaxDmgLv= 20  MaxAoELv= 20  MaxDotLv= 20  MaxFireRateLv= 20  MaxPenetrationLv= 20  MaxMagazineLv= 20  MaxSpareLv= 20
[0079.78] ScriptLog: Ext_WeaponProperties.SetMaxLvs: Using replicated ECurrentPerkPrestige= 20
[0079.78] ScriptLog: Ext_WeaponProperties.SetMaxLvs: MaxDmgLv= 20  MaxAoELv= 20  MaxDotLv= 20  MaxFireRateLv= 20  MaxPenetrationLv= 20  MaxMagazineLv= 20  MaxSpareLv= 20
[0079.78] ScriptLog: Ext_WeaponProperties.SetMaxLvs: Using replicated ECurrentPerkPrestige= 20
[0079.78] ScriptLog: Ext_WeaponProperties.SetMaxLvs: MaxDmgLv= 20  MaxAoELv= 20  MaxDotLv= 20  MaxFireRateLv= 20  MaxPenetrationLv= 20  MaxMagazineLv= 20  MaxSpareLv= 20
[0079.78] ScriptWarning: Accessed null class context 'WeaponDef'
        UIP_WeaponPage Transient.UI_FinanceMenu_0:UIP_WeaponPage_0
        Function doshext.UIP_WeaponPage:Timer:033D
[0079.78] ScriptWarning: Accessed null class context 'WeaponDef'
        UIP_WeaponPage Transient.UI_FinanceMenu_0:UIP_WeaponPage_0
        Function doshext.UIP_WeaponPage:Timer:033D
[0079.78] ScriptLog: WeaponPage: Added  Minigun  to sale list with price  2000
[0079.78] ScriptLog: WeaponPage: Added  FAMAS Masterkey  to sale list with price  1000
[0079.78] ScriptWarning: Accessed array 'Default__KFWeap_AutoTurret.WeaponProjectiles' out of bounds (0/0)
        KFWeap_AutoTurret kfgamecontent.Default__KFWeap_AutoTurret
        Function KFGame.KFWeap_ThrownBase:CalculateTraderWeaponStatDamage:001E
[0079.78] ScriptWarning: Accessed null class context 'ProjClass'
        KFWeap_AutoTurret kfgamecontent.Default__KFWeap_AutoTurret
        Function KFGame.KFWeap_ThrownBase:CalculateTraderWeaponStatDamage:002C
[0079.78] ScriptWarning: Accessed null class context 'ProjClass'
        KFWeap_AutoTurret kfgamecontent.Default__KFWeap_AutoTurret
        Function KFGame.KFWeap_ThrownBase:CalculateTraderWeaponStatDamage:00DC
[0079.78] ScriptWarning: Accessed null class context 'ProjClass'
        KFWeap_AutoTurret kfgamecontent.Default__KFWeap_AutoTurret
        Function KFGame.KFWeap_ThrownBase:CalculateTraderWeaponStatDamage:010D
[0079.78] ScriptLog: WeaponPage: Added  Sentinel  to sale list with price  500
[0079.78] ScriptLog: WeaponPage: Added  AR-15 Varmint Rifle  to sale list with price  200
[0079.78] ScriptLog: WeaponPage: Added  SA80 L85A2 Bullpup  to sale list with price  650
[0079.78] ScriptLog: WeaponPage: Added  Kalashnikov AK-12  to sale list with price  1100
[0079.78] ScriptLog: WeaponPage: Added  MKb.42(H) Carbine Rifle  to sale list with price  1100
[0079.78] ScriptLog: WeaponPage: Added  SCAR-H Assault Rifle  to sale list with price  1500
[0079.78] ScriptLog: WeaponPage: Added  Stoner 63A LMG  to sale list with price  1500
[0079.78] ScriptLog: WeaponPage: Added  HMTech-401 Assault Rifle  to sale list with price  1500
[0079.78] ScriptLog: WeaponPage: Added  HMTech-501 Grenade Rifle  to sale list with price  2000
[0079.78] ScriptLog: WeaponPage: Added  M16 M203 Assault Rifle  to sale list with price  1200
[0079.78] ScriptLog: WeaponPage: Added  FN FAL ACOG  to sale list with price  1500
[0079.78] ScriptLog: WeaponPage: Added  Tommy Gun  to sale list with price  650
[0079.78] ScriptLog: WeaponPage: Player already owns  KFGameContent.KFWeap_Healer_Syringe
[0079.78] ScriptLog: WeaponPage: Player already owns  KFGameContent.KFWeap_Welder
[0079.78] ScriptLog: WeaponPage: Added  MG3 Shredder  to sale list with price  2000
[0079.78] ScriptLog: WeaponPage: Player already owns  WeaponPackExt.KFWeap_AssaultRifle_M14EBR
[0079.78] ScriptLog: UpdateStatsDisplay: Dosh= 975329  SelectedInventoryIdx= 4  WPP= Ext_WeaponProperties_134
[0079.78] ScriptLog: Ext_WeaponProperties.CanAddDamage: ExtPRI= ExtPlayerReplicationInfo_0  DamageLv= 16  MaxDmgLv= 20  Score= 975329  NextDmgCost= 2890  Result= True
[0079.78] ScriptLog: Ext_WeaponProperties.CanAddDamage: ExtPRI= ExtPlayerReplicationInfo_0  DamageLv= 16  MaxDmgLv= 20  Score= 975329  NextDmgCost= 2890  Result= True
[0079.78] ScriptLog: UpdateStatsDisplay: DmgUpgradeBtn disabled= False  bIsInventorySelected= True  WPP= Ext_WeaponProperties_134  CanAddDamage= True
[0079.78] ScriptLog: UpdateStatsDisplay: Dosh= 975329  SelectedInventoryIdx= 4  WPP= Ext_WeaponProperties_134
[0079.78] ScriptLog: Ext_WeaponProperties.CanAddDamage: ExtPRI= ExtPlayerReplicationInfo_0  DamageLv= 16  MaxDmgLv= 20  Score= 975329  NextDmgCost= 2890  Result= True
[0079.78] ScriptLog: Ext_WeaponProperties.CanAddDamage: ExtPRI= ExtPlayerReplicationInfo_0  DamageLv= 16  MaxDmgLv= 20  Score= 975329  NextDmgCost= 2890  Result= True
[0079.78] ScriptLog: UpdateStatsDisplay: DmgUpgradeBtn disabled= False  bIsInventorySelected= True  WPP= Ext_WeaponProperties_134  CanAddDamage= True
[0079.78] ScriptLog: ApplyModifiers: modded stats: Dmg= 25.0000  FireRate= 0.2000  Penetration= 0.0000  Magazine= 75  MaxAmmo= -3
[0079.78] ScriptLog: ApplyModifiers: modded stats: Dmg= 20.0000  FireRate= 0.2000  Penetration= 0.0000  Magazine= 100  MaxAmmo= 0
[0079.78] ScriptLog: ApplyModifiers: modded stats: Dmg= 0.0000  FireRate= 0.2000  Penetration= 0.0000  Magazine= 100  MaxAmmo= 0
[0079.78] ScriptLog: ApplyModifiers: modded stats: Dmg= 32.0000  FireRate= 1.0000  Penetration= 0.0000  Magazine= 0  MaxAmmo= 0
[0079.78] ScriptLog: ApplyModifiers: modded stats: Dmg= 234.0000  FireRate= 0.0800  Penetration= 2.0000  Magazine= 150  MaxAmmo= 1332
[0079.78] ScriptLog: Ext_WeaponProperties.SetMaxLvs: Using replicated ECurrentPerkPrestige= 20
[0079.78] ScriptLog: Ext_WeaponProperties.SetMaxLvs: MaxDmgLv= 20  MaxAoELv= 20  MaxDotLv= 20  MaxFireRateLv= 20  MaxPenetrationLv= 20  MaxMagazineLv= 20  MaxSpareLv= 20
[0079.78] ScriptLog: Ext_WeaponProperties.SetMaxLvs: Using replicated ECurrentPerkPrestige= 20
[0079.78] ScriptLog: Ext_WeaponProperties.SetMaxLvs: MaxDmgLv= 20  MaxAoELv= 20  MaxDotLv= 20  MaxFireRateLv= 20  MaxPenetrationLv= 20  MaxMagazineLv= 20  MaxSpareLv= 20
[0079.78] ScriptLog: Ext_WeaponProperties.SetMaxLvs: Using replicated ECurrentPerkPrestige= 20
[0079.79] ScriptLog: Ext_WeaponProperties.SetMaxLvs: MaxDmgLv= 20  MaxAoELv= 20  MaxDotLv= 20  MaxFireRateLv= 20  MaxPenetrationLv= 20  MaxMagazineLv= 20  MaxSpareLv= 20
[0079.79] ScriptLog: Ext_WeaponProperties.SetMaxLvs: Using replicated ECurrentPerkPrestige= 20
[0079.79] ScriptLog: Ext_WeaponProperties.SetMaxLvs: MaxDmgLv= 20  MaxAoELv= 20  MaxDotLv= 20  MaxFireRateLv= 20  MaxPenetrationLv= 20  MaxMagazineLv= 20  MaxSpareLv= 20
[0079.79] ScriptWarning: Accessed null class context 'WeaponDef'
        UIP_WeaponPage Transient.UI_FinanceMenu_0:UIP_WeaponPage_0
        Function doshext.UIP_WeaponPage:Timer:033D
[0079.79] ScriptWarning: Accessed null class context 'WeaponDef'
        UIP_WeaponPage Transient.UI_FinanceMenu_0:UIP_WeaponPage_0
        Function doshext.UIP_WeaponPage:Timer:033D
[0079.79] ScriptLog: WeaponPage: Added  Minigun  to sale list with price  2000
[0079.79] ScriptLog: WeaponPage: Added  FAMAS Masterkey  to sale list with price  1000
[0079.79] ScriptWarning: Accessed array 'Default__KFWeap_AutoTurret.WeaponProjectiles' out of bounds (0/0)
        KFWeap_AutoTurret kfgamecontent.Default__KFWeap_AutoTurret
        Function KFGame.KFWeap_ThrownBase:CalculateTraderWeaponStatDamage:001E
[0079.79] ScriptWarning: Accessed null class context 'ProjClass'
        KFWeap_AutoTurret kfgamecontent.Default__KFWeap_AutoTurret
        Function KFGame.KFWeap_ThrownBase:CalculateTraderWeaponStatDamage:002C
[0079.79] ScriptWarning: Accessed null class context 'ProjClass'
        KFWeap_AutoTurret kfgamecontent.Default__KFWeap_AutoTurret
        Function KFGame.KFWeap_ThrownBase:CalculateTraderWeaponStatDamage:00DC
[0079.79] ScriptWarning: Accessed null class context 'ProjClass'
        KFWeap_AutoTurret kfgamecontent.Default__KFWeap_AutoTurret
        Function KFGame.KFWeap_ThrownBase:CalculateTraderWeaponStatDamage:010D
[0079.79] ScriptLog: WeaponPage: Added  Sentinel  to sale list with price  500
[0079.79] ScriptLog: WeaponPage: Added  AR-15 Varmint Rifle  to sale list with price  200
[0079.79] ScriptLog: WeaponPage: Added  SA80 L85A2 Bullpup  to sale list with price  650
[0079.79] ScriptLog: WeaponPage: Added  Kalashnikov AK-12  to sale list with price  1100
[0079.79] ScriptLog: WeaponPage: Added  MKb.42(H) Carbine Rifle  to sale list with price  1100
[0079.79] ScriptLog: WeaponPage: Added  SCAR-H Assault Rifle  to sale list with price  1500
[0079.79] ScriptLog: WeaponPage: Added  Stoner 63A LMG  to sale list with price  1500
[0079.79] ScriptLog: WeaponPage: Added  HMTech-401 Assault Rifle  to sale list with price  1500
[0079.79] ScriptLog: WeaponPage: Added  HMTech-501 Grenade Rifle  to sale list with price  2000
[0079.79] ScriptLog: WeaponPage: Added  M16 M203 Assault Rifle  to sale list with price  1200
[0079.79] ScriptLog: WeaponPage: Added  FN FAL ACOG  to sale list with price  1500
[0079.79] ScriptLog: WeaponPage: Added  Tommy Gun  to sale list with price  650
[0079.79] ScriptLog: WeaponPage: Player already owns  KFGameContent.KFWeap_Healer_Syringe
[0079.79] ScriptLog: WeaponPage: Player already owns  KFGameContent.KFWeap_Welder
[0079.79] ScriptLog: WeaponPage: Added  MG3 Shredder  to sale list with price  2000
[0079.79] ScriptLog: WeaponPage: Player already owns  WeaponPackExt.KFWeap_AssaultRifle_M14EBR
[0079.79] ScriptLog: UpdateStatsDisplay: Dosh= 975329  SelectedInventoryIdx= 4  WPP= Ext_WeaponProperties_134
[0079.79] ScriptLog: Ext_WeaponProperties.CanAddDamage: ExtPRI= ExtPlayerReplicationInfo_0  DamageLv= 16  MaxDmgLv= 20  Score= 975329  NextDmgCost= 2890  Result= True
[0079.79] ScriptLog: Ext_WeaponProperties.CanAddDamage: ExtPRI= ExtPlayerReplicationInfo_0  DamageLv= 16  MaxDmgLv= 20  Score= 975329  NextDmgCost= 2890  Result= True
[0079.79] ScriptLog: UpdateStatsDisplay: DmgUpgradeBtn disabled= False  bIsInventorySelected= True  WPP= Ext_WeaponProperties_134  CanAddDamage= True
[0079.79] ScriptLog: UpdateStatsDisplay: Dosh= 975329  SelectedInventoryIdx= 4  WPP= Ext_WeaponProperties_134
[0079.79] ScriptLog: Ext_WeaponProperties.CanAddDamage: ExtPRI= ExtPlayerReplicationInfo_0  DamageLv= 16  MaxDmgLv= 20  Score= 975329  NextDmgCost= 2890  Result= True
[0079.79] ScriptLog: Ext_WeaponProperties.CanAddDamage: ExtPRI= ExtPlayerReplicationInfo_0  DamageLv= 16  MaxDmgLv= 20  Score= 975329  NextDmgCost= 2890  Result= True
[0079.79] ScriptLog: UpdateStatsDisplay: DmgUpgradeBtn disabled= False  bIsInventorySelected= True  WPP= Ext_WeaponProperties_134  CanAddDamage= True
[0079.79] ScriptLog: ExtPlayerController.ServerUpgradeWeaponDamage: Upgrade complete
[0079.98] ScriptLog: UIP_WeaponPage.OnUpgradeDamage: EXTPC= ExtPlayerController_0
[0079.98] ScriptLog: ExtPlayerController.ServerUpgradeWeaponDamage: PropIdx= 4  InvProperties.Length= 5
[0079.98] ScriptLog: ExtPlayerController.ServerUpgradeWeaponDamage: Calling AddDamage on InvProperties[ 4 ]
[0079.98] ScriptLog: Ext_WeaponProperties.CanAddDamage: ExtPRI= ExtPlayerReplicationInfo_0  DamageLv= 16  MaxDmgLv= 20  Score= 975329  NextDmgCost= 2890  Result= True
[0079.98] ScriptLog: ApplyModifiers: modded stats: Dmg= 243.0000  FireRate= 0.0800  Penetration= 2.0000  Magazine= 150  MaxAmmo= 1332
[0079.98] ScriptLog: ApplyModifiers: modded stats: Dmg= 243.0000  FireRate= 0.0800  Penetration= 2.0000  Magazine= 150  MaxAmmo= 1332
[0079.98] ScriptLog: Ext_WeaponProperties.SetMaxLvs: Using replicated ECurrentPerkPrestige= 20
[0079.98] ScriptLog: Ext_WeaponProperties.SetMaxLvs: MaxDmgLv= 20  MaxAoELv= 20  MaxDotLv= 20  MaxFireRateLv= 20  MaxPenetrationLv= 20  MaxMagazineLv= 20  MaxSpareLv= 20
[0079.98] ScriptLog: Ext_WeaponProperties.SetMaxLvs: Using replicated ECurrentPerkPrestige= 20
[0079.98] ScriptLog: Ext_WeaponProperties.SetMaxLvs: MaxDmgLv= 20  MaxAoELv= 20  MaxDotLv= 20  MaxFireRateLv= 20  MaxPenetrationLv= 20  MaxMagazineLv= 20  MaxSpareLv= 20
[0079.98] ScriptLog: Ext_WeaponProperties.SetMaxLvs: Using replicated ECurrentPerkPrestige= 20
[0079.98] ScriptLog: Ext_WeaponProperties.SetMaxLvs: MaxDmgLv= 20  MaxAoELv= 20  MaxDotLv= 20  MaxFireRateLv= 20  MaxPenetrationLv= 20  MaxMagazineLv= 20  MaxSpareLv= 20
[0079.98] ScriptLog: Ext_WeaponProperties.SetMaxLvs: Using replicated ECurrentPerkPrestige= 20
[0079.98] ScriptLog: Ext_WeaponProperties.SetMaxLvs: MaxDmgLv= 20  MaxAoELv= 20  MaxDotLv= 20  MaxFireRateLv= 20  MaxPenetrationLv= 20  MaxMagazineLv= 20  MaxSpareLv= 20
[0079.98] ScriptWarning: Accessed null class context 'WeaponDef'
        UIP_WeaponPage Transient.UI_FinanceMenu_0:UIP_WeaponPage_0
        Function doshext.UIP_WeaponPage:Timer:033D
[0079.98] ScriptWarning: Accessed null class context 'WeaponDef'
        UIP_WeaponPage Transient.UI_FinanceMenu_0:UIP_WeaponPage_0
        Function doshext.UIP_WeaponPage:Timer:033D
[0079.98] ScriptLog: WeaponPage: Added  Minigun  to sale list with price  2000
[0079.98] ScriptLog: WeaponPage: Added  FAMAS Masterkey  to sale list with price  1000
[0079.98] ScriptWarning: Accessed array 'Default__KFWeap_AutoTurret.WeaponProjectiles' out of bounds (0/0)
        KFWeap_AutoTurret kfgamecontent.Default__KFWeap_AutoTurret
        Function KFGame.KFWeap_ThrownBase:CalculateTraderWeaponStatDamage:001E
[0079.98] ScriptWarning: Accessed null class context 'ProjClass'
        KFWeap_AutoTurret kfgamecontent.Default__KFWeap_AutoTurret
        Function KFGame.KFWeap_ThrownBase:CalculateTraderWeaponStatDamage:002C
[0079.98] ScriptWarning: Accessed null class context 'ProjClass'
        KFWeap_AutoTurret kfgamecontent.Default__KFWeap_AutoTurret
        Function KFGame.KFWeap_ThrownBase:CalculateTraderWeaponStatDamage:00DC
[0079.98] ScriptWarning: Accessed null class context 'ProjClass'
        KFWeap_AutoTurret kfgamecontent.Default__KFWeap_AutoTurret
        Function KFGame.KFWeap_ThrownBase:CalculateTraderWeaponStatDamage:010D
[0079.98] ScriptLog: WeaponPage: Added  Sentinel  to sale list with price  500
[0079.98] ScriptLog: WeaponPage: Added  AR-15 Varmint Rifle  to sale list with price  200
[0079.98] ScriptLog: WeaponPage: Added  SA80 L85A2 Bullpup  to sale list with price  650
[0079.98] ScriptLog: WeaponPage: Added  Kalashnikov AK-12  to sale list with price  1100
[0079.98] ScriptLog: WeaponPage: Added  MKb.42(H) Carbine Rifle  to sale list with price  1100
[0079.98] ScriptLog: WeaponPage: Added  SCAR-H Assault Rifle  to sale list with price  1500
[0079.98] ScriptLog: WeaponPage: Added  Stoner 63A LMG  to sale list with price  1500
[0079.98] ScriptLog: WeaponPage: Added  HMTech-401 Assault Rifle  to sale list with price  1500
[0079.98] ScriptLog: WeaponPage: Added  HMTech-501 Grenade Rifle  to sale list with price  2000
[0079.98] ScriptLog: WeaponPage: Added  M16 M203 Assault Rifle  to sale list with price  1200
[0079.98] ScriptLog: WeaponPage: Added  FN FAL ACOG  to sale list with price  1500
[0079.98] ScriptLog: WeaponPage: Added  Tommy Gun  to sale list with price  650
[0079.98] ScriptLog: WeaponPage: Player already owns  KFGameContent.KFWeap_Healer_Syringe
[0079.98] ScriptLog: WeaponPage: Player already owns  KFGameContent.KFWeap_Welder
[0079.98] ScriptLog: WeaponPage: Added  MG3 Shredder  to sale list with price  2000
[0079.98] ScriptLog: WeaponPage: Player already owns  WeaponPackExt.KFWeap_AssaultRifle_M14EBR
[0079.98] ScriptLog: UpdateStatsDisplay: Dosh= 972439  SelectedInventoryIdx= 4  WPP= Ext_WeaponProperties_134
[0079.98] ScriptLog: Ext_WeaponProperties.CanAddDamage: ExtPRI= ExtPlayerReplicationInfo_0  DamageLv= 17  MaxDmgLv= 20  Score= 972439  NextDmgCost= 3060  Result= True
[0079.98] ScriptLog: Ext_WeaponProperties.CanAddDamage: ExtPRI= ExtPlayerReplicationInfo_0  DamageLv= 17  MaxDmgLv= 20  Score= 972439  NextDmgCost= 3060  Result= True
[0079.98] ScriptLog: UpdateStatsDisplay: DmgUpgradeBtn disabled= False  bIsInventorySelected= True  WPP= Ext_WeaponProperties_134  CanAddDamage= True
[0079.98] ScriptLog: UpdateStatsDisplay: Dosh= 972439  SelectedInventoryIdx= 4  WPP= Ext_WeaponProperties_134
[0079.98] ScriptLog: Ext_WeaponProperties.CanAddDamage: ExtPRI= ExtPlayerReplicationInfo_0  DamageLv= 17  MaxDmgLv= 20  Score= 972439  NextDmgCost= 3060  Result= True
[0079.98] ScriptLog: Ext_WeaponProperties.CanAddDamage: ExtPRI= ExtPlayerReplicationInfo_0  DamageLv= 17  MaxDmgLv= 20  Score= 972439  NextDmgCost= 3060  Result= True
[0079.98] ScriptLog: UpdateStatsDisplay: DmgUpgradeBtn disabled= False  bIsInventorySelected= True  WPP= Ext_WeaponProperties_134  CanAddDamage= True
[0079.98] ScriptLog: ApplyModifiers: modded stats: Dmg= 25.0000  FireRate= 0.2000  Penetration= 0.0000  Magazine= 75  MaxAmmo= -3
[0079.98] ScriptLog: ApplyModifiers: modded stats: Dmg= 20.0000  FireRate= 0.2000  Penetration= 0.0000  Magazine= 100  MaxAmmo= 0
[0079.98] ScriptLog: ApplyModifiers: modded stats: Dmg= 0.0000  FireRate= 0.2000  Penetration= 0.0000  Magazine= 100  MaxAmmo= 0
[0079.98] ScriptLog: ApplyModifiers: modded stats: Dmg= 32.0000  FireRate= 1.0000  Penetration= 0.0000  Magazine= 0  MaxAmmo= 0
[0079.98] ScriptLog: ApplyModifiers: modded stats: Dmg= 243.0000  FireRate= 0.0800  Penetration= 2.0000  Magazine= 150  MaxAmmo= 1332
[0079.98] ScriptLog: Ext_WeaponProperties.SetMaxLvs: Using replicated ECurrentPerkPrestige= 20
[0079.98] ScriptLog: Ext_WeaponProperties.SetMaxLvs: MaxDmgLv= 20  MaxAoELv= 20  MaxDotLv= 20  MaxFireRateLv= 20  MaxPenetrationLv= 20  MaxMagazineLv= 20  MaxSpareLv= 20
[0079.98] ScriptLog: Ext_WeaponProperties.SetMaxLvs: Using replicated ECurrentPerkPrestige= 20
[0079.98] ScriptLog: Ext_WeaponProperties.SetMaxLvs: MaxDmgLv= 20  MaxAoELv= 20  MaxDotLv= 20  MaxFireRateLv= 20  MaxPenetrationLv= 20  MaxMagazineLv= 20  MaxSpareLv= 20
[0079.98] ScriptLog: Ext_WeaponProperties.SetMaxLvs: Using replicated ECurrentPerkPrestige= 20
[0079.98] ScriptLog: Ext_WeaponProperties.SetMaxLvs: MaxDmgLv= 20  MaxAoELv= 20  MaxDotLv= 20  MaxFireRateLv= 20  MaxPenetrationLv= 20  MaxMagazineLv= 20  MaxSpareLv= 20
[0079.98] ScriptLog: Ext_WeaponProperties.SetMaxLvs: Using replicated ECurrentPerkPrestige= 20
[0079.98] ScriptLog: Ext_WeaponProperties.SetMaxLvs: MaxDmgLv= 20  MaxAoELv= 20  MaxDotLv= 20  MaxFireRateLv= 20  MaxPenetrationLv= 20  MaxMagazineLv= 20  MaxSpareLv= 20
[0079.98] ScriptWarning: Accessed null class context 'WeaponDef'
        UIP_WeaponPage Transient.UI_FinanceMenu_0:UIP_WeaponPage_0
        Function doshext.UIP_WeaponPage:Timer:033D
[0079.98] ScriptWarning: Accessed null class context 'WeaponDef'
        UIP_WeaponPage Transient.UI_FinanceMenu_0:UIP_WeaponPage_0
        Function doshext.UIP_WeaponPage:Timer:033D
[0079.98] ScriptLog: WeaponPage: Added  Minigun  to sale list with price  2000
[0079.98] ScriptLog: WeaponPage: Added  FAMAS Masterkey  to sale list with price  1000
[0079.98] ScriptWarning: Accessed array 'Default__KFWeap_AutoTurret.WeaponProjectiles' out of bounds (0/0)
        KFWeap_AutoTurret kfgamecontent.Default__KFWeap_AutoTurret
        Function KFGame.KFWeap_ThrownBase:CalculateTraderWeaponStatDamage:001E
[0079.98] ScriptWarning: Accessed null class context 'ProjClass'
        KFWeap_AutoTurret kfgamecontent.Default__KFWeap_AutoTurret
        Function KFGame.KFWeap_ThrownBase:CalculateTraderWeaponStatDamage:002C
[0079.98] ScriptWarning: Accessed null class context 'ProjClass'
        KFWeap_AutoTurret kfgamecontent.Default__KFWeap_AutoTurret
        Function KFGame.KFWeap_ThrownBase:CalculateTraderWeaponStatDamage:00DC
[0079.98] ScriptWarning: Accessed null class context 'ProjClass'
        KFWeap_AutoTurret kfgamecontent.Default__KFWeap_AutoTurret
        Function KFGame.KFWeap_ThrownBase:CalculateTraderWeaponStatDamage:010D
[0079.98] ScriptLog: WeaponPage: Added  Sentinel  to sale list with price  500
[0079.98] ScriptLog: WeaponPage: Added  AR-15 Varmint Rifle  to sale list with price  200
[0079.98] ScriptLog: WeaponPage: Added  SA80 L85A2 Bullpup  to sale list with price  650
[0079.98] ScriptLog: WeaponPage: Added  Kalashnikov AK-12  to sale list with price  1100
[0079.98] ScriptLog: WeaponPage: Added  MKb.42(H) Carbine Rifle  to sale list with price  1100
[0079.98] ScriptLog: WeaponPage: Added  SCAR-H Assault Rifle  to sale list with price  1500
[0079.98] ScriptLog: WeaponPage: Added  Stoner 63A LMG  to sale list with price  1500
[0079.98] ScriptLog: WeaponPage: Added  HMTech-401 Assault Rifle  to sale list with price  1500
[0079.98] ScriptLog: WeaponPage: Added  HMTech-501 Grenade Rifle  to sale list with price  2000
[0079.98] ScriptLog: WeaponPage: Added  M16 M203 Assault Rifle  to sale list with price  1200
[0079.98] ScriptLog: WeaponPage: Added  FN FAL ACOG  to sale list with price  1500
[0079.98] ScriptLog: WeaponPage: Added  Tommy Gun  to sale list with price  650
[0079.98] ScriptLog: WeaponPage: Player already owns  KFGameContent.KFWeap_Healer_Syringe
[0079.98] ScriptLog: WeaponPage: Player already owns  KFGameContent.KFWeap_Welder
[0079.98] ScriptLog: WeaponPage: Added  MG3 Shredder  to sale list with price  2000
[0079.98] ScriptLog: WeaponPage: Player already owns  WeaponPackExt.KFWeap_AssaultRifle_M14EBR
[0079.98] ScriptLog: UpdateStatsDisplay: Dosh= 972439  SelectedInventoryIdx= 4  WPP= Ext_WeaponProperties_134
[0079.98] ScriptLog: Ext_WeaponProperties.CanAddDamage: ExtPRI= ExtPlayerReplicationInfo_0  DamageLv= 17  MaxDmgLv= 20  Score= 972439  NextDmgCost= 3060  Result= True
[0079.98] ScriptLog: Ext_WeaponProperties.CanAddDamage: ExtPRI= ExtPlayerReplicationInfo_0  DamageLv= 17  MaxDmgLv= 20  Score= 972439  NextDmgCost= 3060  Result= True
[0079.98] ScriptLog: UpdateStatsDisplay: DmgUpgradeBtn disabled= False  bIsInventorySelected= True  WPP= Ext_WeaponProperties_134  CanAddDamage= True
[0079.98] ScriptLog: UpdateStatsDisplay: Dosh= 972439  SelectedInventoryIdx= 4  WPP= Ext_WeaponProperties_134
[0079.98] ScriptLog: Ext_WeaponProperties.CanAddDamage: ExtPRI= ExtPlayerReplicationInfo_0  DamageLv= 17  MaxDmgLv= 20  Score= 972439  NextDmgCost= 3060  Result= True
[0079.98] ScriptLog: Ext_WeaponProperties.CanAddDamage: ExtPRI= ExtPlayerReplicationInfo_0  DamageLv= 17  MaxDmgLv= 20  Score= 972439  NextDmgCost= 3060  Result= True
[0079.98] ScriptLog: UpdateStatsDisplay: DmgUpgradeBtn disabled= False  bIsInventorySelected= True  WPP= Ext_WeaponProperties_134  CanAddDamage= True
[0079.98] ScriptLog: ExtPlayerController.ServerUpgradeWeaponDamage: Upgrade complete
[0080.17] ScriptLog: UIP_WeaponPage.OnUpgradeDamage: EXTPC= ExtPlayerController_0
[0080.17] ScriptLog: ExtPlayerController.ServerUpgradeWeaponDamage: PropIdx= 4  InvProperties.Length= 5
[0080.17] ScriptLog: ExtPlayerController.ServerUpgradeWeaponDamage: Calling AddDamage on InvProperties[ 4 ]
[0080.17] ScriptLog: Ext_WeaponProperties.CanAddDamage: ExtPRI= ExtPlayerReplicationInfo_0  DamageLv= 17  MaxDmgLv= 20  Score= 972439  NextDmgCost= 3060  Result= True
[0080.17] ScriptLog: ApplyModifiers: modded stats: Dmg= 252.0000  FireRate= 0.0800  Penetration= 2.0000  Magazine= 150  MaxAmmo= 1332
[0080.17] ScriptLog: ApplyModifiers: modded stats: Dmg= 252.0000  FireRate= 0.0800  Penetration= 2.0000  Magazine= 150  MaxAmmo= 1332
[0080.17] ScriptLog: Ext_WeaponProperties.SetMaxLvs: Using replicated ECurrentPerkPrestige= 20
[0080.17] ScriptLog: Ext_WeaponProperties.SetMaxLvs: MaxDmgLv= 20  MaxAoELv= 20  MaxDotLv= 20  MaxFireRateLv= 20  MaxPenetrationLv= 20  MaxMagazineLv= 20  MaxSpareLv= 20
[0080.17] ScriptLog: Ext_WeaponProperties.SetMaxLvs: Using replicated ECurrentPerkPrestige= 20
[0080.17] ScriptLog: Ext_WeaponProperties.SetMaxLvs: MaxDmgLv= 20  MaxAoELv= 20  MaxDotLv= 20  MaxFireRateLv= 20  MaxPenetrationLv= 20  MaxMagazineLv= 20  MaxSpareLv= 20
[0080.17] ScriptLog: Ext_WeaponProperties.SetMaxLvs: Using replicated ECurrentPerkPrestige= 20
[0080.17] ScriptLog: Ext_WeaponProperties.SetMaxLvs: MaxDmgLv= 20  MaxAoELv= 20  MaxDotLv= 20  MaxFireRateLv= 20  MaxPenetrationLv= 20  MaxMagazineLv= 20  MaxSpareLv= 20
[0080.17] ScriptLog: Ext_WeaponProperties.SetMaxLvs: Using replicated ECurrentPerkPrestige= 20
[0080.17] ScriptLog: Ext_WeaponProperties.SetMaxLvs: MaxDmgLv= 20  MaxAoELv= 20  MaxDotLv= 20  MaxFireRateLv= 20  MaxPenetrationLv= 20  MaxMagazineLv= 20  MaxSpareLv= 20
[0080.17] ScriptWarning: Accessed null class context 'WeaponDef'
        UIP_WeaponPage Transient.UI_FinanceMenu_0:UIP_WeaponPage_0
        Function doshext.UIP_WeaponPage:Timer:033D
[0080.17] ScriptWarning: Accessed null class context 'WeaponDef'
        UIP_WeaponPage Transient.UI_FinanceMenu_0:UIP_WeaponPage_0
        Function doshext.UIP_WeaponPage:Timer:033D
[0080.17] ScriptLog: WeaponPage: Added  Minigun  to sale list with price  2000
[0080.17] ScriptLog: WeaponPage: Added  FAMAS Masterkey  to sale list with price  1000
[0080.17] ScriptWarning: Accessed array 'Default__KFWeap_AutoTurret.WeaponProjectiles' out of bounds (0/0)
        KFWeap_AutoTurret kfgamecontent.Default__KFWeap_AutoTurret
        Function KFGame.KFWeap_ThrownBase:CalculateTraderWeaponStatDamage:001E
[0080.17] ScriptWarning: Accessed null class context 'ProjClass'
        KFWeap_AutoTurret kfgamecontent.Default__KFWeap_AutoTurret
        Function KFGame.KFWeap_ThrownBase:CalculateTraderWeaponStatDamage:002C
[0080.17] ScriptWarning: Accessed null class context 'ProjClass'
        KFWeap_AutoTurret kfgamecontent.Default__KFWeap_AutoTurret
        Function KFGame.KFWeap_ThrownBase:CalculateTraderWeaponStatDamage:00DC
[0080.17] ScriptWarning: Accessed null class context 'ProjClass'
        KFWeap_AutoTurret kfgamecontent.Default__KFWeap_AutoTurret
        Function KFGame.KFWeap_ThrownBase:CalculateTraderWeaponStatDamage:010D
[0080.17] ScriptLog: WeaponPage: Added  Sentinel  to sale list with price  500
[0080.17] ScriptLog: WeaponPage: Added  AR-15 Varmint Rifle  to sale list with price  200
[0080.17] ScriptLog: WeaponPage: Added  SA80 L85A2 Bullpup  to sale list with price  650
[0080.17] ScriptLog: WeaponPage: Added  Kalashnikov AK-12  to sale list with price  1100
[0080.17] ScriptLog: WeaponPage: Added  MKb.42(H) Carbine Rifle  to sale list with price  1100
[0080.17] ScriptLog: WeaponPage: Added  SCAR-H Assault Rifle  to sale list with price  1500
[0080.17] ScriptLog: WeaponPage: Added  Stoner 63A LMG  to sale list with price  1500
[0080.17] ScriptLog: WeaponPage: Added  HMTech-401 Assault Rifle  to sale list with price  1500
[0080.17] ScriptLog: WeaponPage: Added  HMTech-501 Grenade Rifle  to sale list with price  2000
[0080.17] ScriptLog: WeaponPage: Added  M16 M203 Assault Rifle  to sale list with price  1200
[0080.17] ScriptLog: WeaponPage: Added  FN FAL ACOG  to sale list with price  1500
[0080.17] ScriptLog: WeaponPage: Added  Tommy Gun  to sale list with price  650
[0080.17] ScriptLog: WeaponPage: Player already owns  KFGameContent.KFWeap_Healer_Syringe
[0080.17] ScriptLog: WeaponPage: Player already owns  KFGameContent.KFWeap_Welder
[0080.17] ScriptLog: WeaponPage: Added  MG3 Shredder  to sale list with price  2000
[0080.17] ScriptLog: WeaponPage: Player already owns  WeaponPackExt.KFWeap_AssaultRifle_M14EBR
[0080.17] ScriptLog: UpdateStatsDisplay: Dosh= 969379  SelectedInventoryIdx= 4  WPP= Ext_WeaponProperties_134
[0080.17] ScriptLog: Ext_WeaponProperties.CanAddDamage: ExtPRI= ExtPlayerReplicationInfo_0  DamageLv= 18  MaxDmgLv= 20  Score= 969379  NextDmgCost= 3230  Result= True
[0080.17] ScriptLog: Ext_WeaponProperties.CanAddDamage: ExtPRI= ExtPlayerReplicationInfo_0  DamageLv= 18  MaxDmgLv= 20  Score= 969379  NextDmgCost= 3230  Result= True
[0080.17] ScriptLog: UpdateStatsDisplay: DmgUpgradeBtn disabled= False  bIsInventorySelected= True  WPP= Ext_WeaponProperties_134  CanAddDamage= True
[0080.17] ScriptLog: UpdateStatsDisplay: Dosh= 969379  SelectedInventoryIdx= 4  WPP= Ext_WeaponProperties_134
[0080.17] ScriptLog: Ext_WeaponProperties.CanAddDamage: ExtPRI= ExtPlayerReplicationInfo_0  DamageLv= 18  MaxDmgLv= 20  Score= 969379  NextDmgCost= 3230  Result= True
[0080.17] ScriptLog: Ext_WeaponProperties.CanAddDamage: ExtPRI= ExtPlayerReplicationInfo_0  DamageLv= 18  MaxDmgLv= 20  Score= 969379  NextDmgCost= 3230  Result= True
[0080.17] ScriptLog: UpdateStatsDisplay: DmgUpgradeBtn disabled= False  bIsInventorySelected= True  WPP= Ext_WeaponProperties_134  CanAddDamage= True
[0080.17] ScriptLog: ApplyModifiers: modded stats: Dmg= 25.0000  FireRate= 0.2000  Penetration= 0.0000  Magazine= 75  MaxAmmo= -3
[0080.17] ScriptLog: ApplyModifiers: modded stats: Dmg= 20.0000  FireRate= 0.2000  Penetration= 0.0000  Magazine= 100  MaxAmmo= 0
[0080.17] ScriptLog: ApplyModifiers: modded stats: Dmg= 0.0000  FireRate= 0.2000  Penetration= 0.0000  Magazine= 100  MaxAmmo= 0
[0080.17] ScriptLog: ApplyModifiers: modded stats: Dmg= 32.0000  FireRate= 1.0000  Penetration= 0.0000  Magazine= 0  MaxAmmo= 0
[0080.17] ScriptLog: ApplyModifiers: modded stats: Dmg= 252.0000  FireRate= 0.0800  Penetration= 2.0000  Magazine= 150  MaxAmmo= 1332
[0080.17] ScriptLog: Ext_WeaponProperties.SetMaxLvs: Using replicated ECurrentPerkPrestige= 20
[0080.17] ScriptLog: Ext_WeaponProperties.SetMaxLvs: MaxDmgLv= 20  MaxAoELv= 20  MaxDotLv= 20  MaxFireRateLv= 20  MaxPenetrationLv= 20  MaxMagazineLv= 20  MaxSpareLv= 20
[0080.17] ScriptLog: Ext_WeaponProperties.SetMaxLvs: Using replicated ECurrentPerkPrestige= 20
[0080.17] ScriptLog: Ext_WeaponProperties.SetMaxLvs: MaxDmgLv= 20  MaxAoELv= 20  MaxDotLv= 20  MaxFireRateLv= 20  MaxPenetrationLv= 20  MaxMagazineLv= 20  MaxSpareLv= 20
[0080.17] ScriptLog: Ext_WeaponProperties.SetMaxLvs: Using replicated ECurrentPerkPrestige= 20
[0080.17] ScriptLog: Ext_WeaponProperties.SetMaxLvs: MaxDmgLv= 20  MaxAoELv= 20  MaxDotLv= 20  MaxFireRateLv= 20  MaxPenetrationLv= 20  MaxMagazineLv= 20  MaxSpareLv= 20
[0080.17] ScriptLog: Ext_WeaponProperties.SetMaxLvs: Using replicated ECurrentPerkPrestige= 20
[0080.17] ScriptLog: Ext_WeaponProperties.SetMaxLvs: MaxDmgLv= 20  MaxAoELv= 20  MaxDotLv= 20  MaxFireRateLv= 20  MaxPenetrationLv= 20  MaxMagazineLv= 20  MaxSpareLv= 20
[0080.17] ScriptWarning: Accessed null class context 'WeaponDef'
        UIP_WeaponPage Transient.UI_FinanceMenu_0:UIP_WeaponPage_0
        Function doshext.UIP_WeaponPage:Timer:033D
[0080.17] ScriptWarning: Accessed null class context 'WeaponDef'
        UIP_WeaponPage Transient.UI_FinanceMenu_0:UIP_WeaponPage_0
        Function doshext.UIP_WeaponPage:Timer:033D
[0080.17] ScriptLog: WeaponPage: Added  Minigun  to sale list with price  2000
[0080.17] ScriptLog: WeaponPage: Added  FAMAS Masterkey  to sale list with price  1000
[0080.17] ScriptWarning: Accessed array 'Default__KFWeap_AutoTurret.WeaponProjectiles' out of bounds (0/0)
        KFWeap_AutoTurret kfgamecontent.Default__KFWeap_AutoTurret
        Function KFGame.KFWeap_ThrownBase:CalculateTraderWeaponStatDamage:001E
[0080.17] ScriptWarning: Accessed null class context 'ProjClass'
        KFWeap_AutoTurret kfgamecontent.Default__KFWeap_AutoTurret
        Function KFGame.KFWeap_ThrownBase:CalculateTraderWeaponStatDamage:002C
[0080.17] ScriptWarning: Accessed null class context 'ProjClass'
        KFWeap_AutoTurret kfgamecontent.Default__KFWeap_AutoTurret
        Function KFGame.KFWeap_ThrownBase:CalculateTraderWeaponStatDamage:00DC
[0080.17] ScriptWarning: Accessed null class context 'ProjClass'
        KFWeap_AutoTurret kfgamecontent.Default__KFWeap_AutoTurret
        Function KFGame.KFWeap_ThrownBase:CalculateTraderWeaponStatDamage:010D
[0080.17] ScriptLog: WeaponPage: Added  Sentinel  to sale list with price  500
[0080.17] ScriptLog: WeaponPage: Added  AR-15 Varmint Rifle  to sale list with price  200
[0080.17] ScriptLog: WeaponPage: Added  SA80 L85A2 Bullpup  to sale list with price  650
[0080.17] ScriptLog: WeaponPage: Added  Kalashnikov AK-12  to sale list with price  1100
[0080.17] ScriptLog: WeaponPage: Added  MKb.42(H) Carbine Rifle  to sale list with price  1100
[0080.17] ScriptLog: WeaponPage: Added  SCAR-H Assault Rifle  to sale list with price  1500
[0080.17] ScriptLog: WeaponPage: Added  Stoner 63A LMG  to sale list with price  1500
[0080.17] ScriptLog: WeaponPage: Added  HMTech-401 Assault Rifle  to sale list with price  1500
[0080.17] ScriptLog: WeaponPage: Added  HMTech-501 Grenade Rifle  to sale list with price  2000
[0080.17] ScriptLog: WeaponPage: Added  M16 M203 Assault Rifle  to sale list with price  1200
[0080.17] ScriptLog: WeaponPage: Added  FN FAL ACOG  to sale list with price  1500
[0080.17] ScriptLog: WeaponPage: Added  Tommy Gun  to sale list with price  650
[0080.17] ScriptLog: WeaponPage: Player already owns  KFGameContent.KFWeap_Healer_Syringe
[0080.17] ScriptLog: WeaponPage: Player already owns  KFGameContent.KFWeap_Welder
[0080.17] ScriptLog: WeaponPage: Added  MG3 Shredder  to sale list with price  2000
[0080.17] ScriptLog: WeaponPage: Player already owns  WeaponPackExt.KFWeap_AssaultRifle_M14EBR
[0080.17] ScriptLog: UpdateStatsDisplay: Dosh= 969379  SelectedInventoryIdx= 4  WPP= Ext_WeaponProperties_134
[0080.17] ScriptLog: Ext_WeaponProperties.CanAddDamage: ExtPRI= ExtPlayerReplicationInfo_0  DamageLv= 18  MaxDmgLv= 20  Score= 969379  NextDmgCost= 3230  Result= True
[0080.17] ScriptLog: Ext_WeaponProperties.CanAddDamage: ExtPRI= ExtPlayerReplicationInfo_0  DamageLv= 18  MaxDmgLv= 20  Score= 969379  NextDmgCost= 3230  Result= True
[0080.17] ScriptLog: UpdateStatsDisplay: DmgUpgradeBtn disabled= False  bIsInventorySelected= True  WPP= Ext_WeaponProperties_134  CanAddDamage= True
[0080.17] ScriptLog: UpdateStatsDisplay: Dosh= 969379  SelectedInventoryIdx= 4  WPP= Ext_WeaponProperties_134
[0080.17] ScriptLog: Ext_WeaponProperties.CanAddDamage: ExtPRI= ExtPlayerReplicationInfo_0  DamageLv= 18  MaxDmgLv= 20  Score= 969379  NextDmgCost= 3230  Result= True
[0080.17] ScriptLog: Ext_WeaponProperties.CanAddDamage: ExtPRI= ExtPlayerReplicationInfo_0  DamageLv= 18  MaxDmgLv= 20  Score= 969379  NextDmgCost= 3230  Result= True
[0080.17] ScriptLog: UpdateStatsDisplay: DmgUpgradeBtn disabled= False  bIsInventorySelected= True  WPP= Ext_WeaponProperties_134  CanAddDamage= True
[0080.17] ScriptLog: ExtPlayerController.ServerUpgradeWeaponDamage: Upgrade complete
[0080.38] ScriptLog: UIP_WeaponPage.OnUpgradeDamage: EXTPC= ExtPlayerController_0
[0080.38] ScriptLog: ExtPlayerController.ServerUpgradeWeaponDamage: PropIdx= 4  InvProperties.Length= 5
[0080.38] ScriptLog: ExtPlayerController.ServerUpgradeWeaponDamage: Calling AddDamage on InvProperties[ 4 ]
[0080.38] ScriptLog: Ext_WeaponProperties.CanAddDamage: ExtPRI= ExtPlayerReplicationInfo_0  DamageLv= 18  MaxDmgLv= 20  Score= 969379  NextDmgCost= 3230  Result= True
[0080.38] ScriptLog: ApplyModifiers: modded stats: Dmg= 261.0000  FireRate= 0.0800  Penetration= 2.0000  Magazine= 150  MaxAmmo= 1332
[0080.38] ScriptLog: ApplyModifiers: modded stats: Dmg= 261.0000  FireRate= 0.0800  Penetration= 2.0000  Magazine= 150  MaxAmmo= 1332
[0080.38] ScriptLog: Ext_WeaponProperties.SetMaxLvs: Using replicated ECurrentPerkPrestige= 20
[0080.38] ScriptLog: Ext_WeaponProperties.SetMaxLvs: MaxDmgLv= 20  MaxAoELv= 20  MaxDotLv= 20  MaxFireRateLv= 20  MaxPenetrationLv= 20  MaxMagazineLv= 20  MaxSpareLv= 20
[0080.38] ScriptLog: Ext_WeaponProperties.SetMaxLvs: Using replicated ECurrentPerkPrestige= 20
[0080.38] ScriptLog: Ext_WeaponProperties.SetMaxLvs: MaxDmgLv= 20  MaxAoELv= 20  MaxDotLv= 20  MaxFireRateLv= 20  MaxPenetrationLv= 20  MaxMagazineLv= 20  MaxSpareLv= 20
[0080.38] ScriptLog: Ext_WeaponProperties.SetMaxLvs: Using replicated ECurrentPerkPrestige= 20
[0080.38] ScriptLog: Ext_WeaponProperties.SetMaxLvs: MaxDmgLv= 20  MaxAoELv= 20  MaxDotLv= 20  MaxFireRateLv= 20  MaxPenetrationLv= 20  MaxMagazineLv= 20  MaxSpareLv= 20
[0080.38] ScriptLog: Ext_WeaponProperties.SetMaxLvs: Using replicated ECurrentPerkPrestige= 20
[0080.38] ScriptLog: Ext_WeaponProperties.SetMaxLvs: MaxDmgLv= 20  MaxAoELv= 20  MaxDotLv= 20  MaxFireRateLv= 20  MaxPenetrationLv= 20  MaxMagazineLv= 20  MaxSpareLv= 20
[0080.38] ScriptWarning: Accessed null class context 'WeaponDef'
        UIP_WeaponPage Transient.UI_FinanceMenu_0:UIP_WeaponPage_0
        Function doshext.UIP_WeaponPage:Timer:033D
[0080.38] ScriptWarning: Accessed null class context 'WeaponDef'
        UIP_WeaponPage Transient.UI_FinanceMenu_0:UIP_WeaponPage_0
        Function doshext.UIP_WeaponPage:Timer:033D
[0080.38] ScriptLog: WeaponPage: Added  Minigun  to sale list with price  2000
[0080.38] ScriptLog: WeaponPage: Added  FAMAS Masterkey  to sale list with price  1000
[0080.38] ScriptWarning: Accessed array 'Default__KFWeap_AutoTurret.WeaponProjectiles' out of bounds (0/0)
        KFWeap_AutoTurret kfgamecontent.Default__KFWeap_AutoTurret
        Function KFGame.KFWeap_ThrownBase:CalculateTraderWeaponStatDamage:001E
[0080.38] ScriptWarning: Accessed null class context 'ProjClass'
        KFWeap_AutoTurret kfgamecontent.Default__KFWeap_AutoTurret
        Function KFGame.KFWeap_ThrownBase:CalculateTraderWeaponStatDamage:002C
[0080.38] ScriptWarning: Accessed null class context 'ProjClass'
        KFWeap_AutoTurret kfgamecontent.Default__KFWeap_AutoTurret
        Function KFGame.KFWeap_ThrownBase:CalculateTraderWeaponStatDamage:00DC
[0080.38] ScriptWarning: Accessed null class context 'ProjClass'
        KFWeap_AutoTurret kfgamecontent.Default__KFWeap_AutoTurret
        Function KFGame.KFWeap_ThrownBase:CalculateTraderWeaponStatDamage:010D
[0080.38] ScriptLog: WeaponPage: Added  Sentinel  to sale list with price  500
[0080.38] ScriptLog: WeaponPage: Added  AR-15 Varmint Rifle  to sale list with price  200
[0080.38] ScriptLog: WeaponPage: Added  SA80 L85A2 Bullpup  to sale list with price  650
[0080.38] ScriptLog: WeaponPage: Added  Kalashnikov AK-12  to sale list with price  1100
[0080.38] ScriptLog: WeaponPage: Added  MKb.42(H) Carbine Rifle  to sale list with price  1100
[0080.38] ScriptLog: WeaponPage: Added  SCAR-H Assault Rifle  to sale list with price  1500
[0080.38] ScriptLog: WeaponPage: Added  Stoner 63A LMG  to sale list with price  1500
[0080.38] ScriptLog: WeaponPage: Added  HMTech-401 Assault Rifle  to sale list with price  1500
[0080.38] ScriptLog: WeaponPage: Added  HMTech-501 Grenade Rifle  to sale list with price  2000
[0080.38] ScriptLog: WeaponPage: Added  M16 M203 Assault Rifle  to sale list with price  1200
[0080.38] ScriptLog: WeaponPage: Added  FN FAL ACOG  to sale list with price  1500
[0080.38] ScriptLog: WeaponPage: Added  Tommy Gun  to sale list with price  650
[0080.38] ScriptLog: WeaponPage: Player already owns  KFGameContent.KFWeap_Healer_Syringe
[0080.38] ScriptLog: WeaponPage: Player already owns  KFGameContent.KFWeap_Welder
[0080.38] ScriptLog: WeaponPage: Added  MG3 Shredder  to sale list with price  2000
[0080.38] ScriptLog: WeaponPage: Player already owns  WeaponPackExt.KFWeap_AssaultRifle_M14EBR
[0080.38] ScriptLog: UpdateStatsDisplay: Dosh= 966149  SelectedInventoryIdx= 4  WPP= Ext_WeaponProperties_134
[0080.38] ScriptLog: Ext_WeaponProperties.CanAddDamage: ExtPRI= ExtPlayerReplicationInfo_0  DamageLv= 19  MaxDmgLv= 20  Score= 966149  NextDmgCost= 3400  Result= True
[0080.38] ScriptLog: Ext_WeaponProperties.CanAddDamage: ExtPRI= ExtPlayerReplicationInfo_0  DamageLv= 19  MaxDmgLv= 20  Score= 966149  NextDmgCost= 3400  Result= True
[0080.38] ScriptLog: UpdateStatsDisplay: DmgUpgradeBtn disabled= False  bIsInventorySelected= True  WPP= Ext_WeaponProperties_134  CanAddDamage= True
[0080.38] ScriptLog: UpdateStatsDisplay: Dosh= 966149  SelectedInventoryIdx= 4  WPP= Ext_WeaponProperties_134
[0080.38] ScriptLog: Ext_WeaponProperties.CanAddDamage: ExtPRI= ExtPlayerReplicationInfo_0  DamageLv= 19  MaxDmgLv= 20  Score= 966149  NextDmgCost= 3400  Result= True
[0080.38] ScriptLog: Ext_WeaponProperties.CanAddDamage: ExtPRI= ExtPlayerReplicationInfo_0  DamageLv= 19  MaxDmgLv= 20  Score= 966149  NextDmgCost= 3400  Result= True
[0080.38] ScriptLog: UpdateStatsDisplay: DmgUpgradeBtn disabled= False  bIsInventorySelected= True  WPP= Ext_WeaponProperties_134  CanAddDamage= True
[0080.38] ScriptLog: ApplyModifiers: modded stats: Dmg= 25.0000  FireRate= 0.2000  Penetration= 0.0000  Magazine= 75  MaxAmmo= -3
[0080.38] ScriptLog: ApplyModifiers: modded stats: Dmg= 20.0000  FireRate= 0.2000  Penetration= 0.0000  Magazine= 100  MaxAmmo= 0
[0080.38] ScriptLog: ApplyModifiers: modded stats: Dmg= 0.0000  FireRate= 0.2000  Penetration= 0.0000  Magazine= 100  MaxAmmo= 0
[0080.38] ScriptLog: ApplyModifiers: modded stats: Dmg= 32.0000  FireRate= 1.0000  Penetration= 0.0000  Magazine= 0  MaxAmmo= 0
[0080.38] ScriptLog: ApplyModifiers: modded stats: Dmg= 261.0000  FireRate= 0.0800  Penetration= 2.0000  Magazine= 150  MaxAmmo= 1332
[0080.38] ScriptLog: Ext_WeaponProperties.SetMaxLvs: Using replicated ECurrentPerkPrestige= 20
[0080.38] ScriptLog: Ext_WeaponProperties.SetMaxLvs: MaxDmgLv= 20  MaxAoELv= 20  MaxDotLv= 20  MaxFireRateLv= 20  MaxPenetrationLv= 20  MaxMagazineLv= 20  MaxSpareLv= 20
[0080.38] ScriptLog: Ext_WeaponProperties.SetMaxLvs: Using replicated ECurrentPerkPrestige= 20
[0080.38] ScriptLog: Ext_WeaponProperties.SetMaxLvs: MaxDmgLv= 20  MaxAoELv= 20  MaxDotLv= 20  MaxFireRateLv= 20  MaxPenetrationLv= 20  MaxMagazineLv= 20  MaxSpareLv= 20
[0080.38] ScriptLog: Ext_WeaponProperties.SetMaxLvs: Using replicated ECurrentPerkPrestige= 20
[0080.38] ScriptLog: Ext_WeaponProperties.SetMaxLvs: MaxDmgLv= 20  MaxAoELv= 20  MaxDotLv= 20  MaxFireRateLv= 20  MaxPenetrationLv= 20  MaxMagazineLv= 20  MaxSpareLv= 20
[0080.38] ScriptLog: Ext_WeaponProperties.SetMaxLvs: Using replicated ECurrentPerkPrestige= 20
[0080.38] ScriptLog: Ext_WeaponProperties.SetMaxLvs: MaxDmgLv= 20  MaxAoELv= 20  MaxDotLv= 20  MaxFireRateLv= 20  MaxPenetrationLv= 20  MaxMagazineLv= 20  MaxSpareLv= 20
[0080.38] ScriptWarning: Accessed null class context 'WeaponDef'
        UIP_WeaponPage Transient.UI_FinanceMenu_0:UIP_WeaponPage_0
        Function doshext.UIP_WeaponPage:Timer:033D
[0080.38] ScriptWarning: Accessed null class context 'WeaponDef'
        UIP_WeaponPage Transient.UI_FinanceMenu_0:UIP_WeaponPage_0
        Function doshext.UIP_WeaponPage:Timer:033D
[0080.38] ScriptLog: WeaponPage: Added  Minigun  to sale list with price  2000
[0080.38] ScriptLog: WeaponPage: Added  FAMAS Masterkey  to sale list with price  1000
[0080.38] ScriptWarning: Accessed array 'Default__KFWeap_AutoTurret.WeaponProjectiles' out of bounds (0/0)
        KFWeap_AutoTurret kfgamecontent.Default__KFWeap_AutoTurret
        Function KFGame.KFWeap_ThrownBase:CalculateTraderWeaponStatDamage:001E
[0080.38] ScriptWarning: Accessed null class context 'ProjClass'
        KFWeap_AutoTurret kfgamecontent.Default__KFWeap_AutoTurret
        Function KFGame.KFWeap_ThrownBase:CalculateTraderWeaponStatDamage:002C
[0080.38] ScriptWarning: Accessed null class context 'ProjClass'
        KFWeap_AutoTurret kfgamecontent.Default__KFWeap_AutoTurret
        Function KFGame.KFWeap_ThrownBase:CalculateTraderWeaponStatDamage:00DC
[0080.38] ScriptWarning: Accessed null class context 'ProjClass'
        KFWeap_AutoTurret kfgamecontent.Default__KFWeap_AutoTurret
        Function KFGame.KFWeap_ThrownBase:CalculateTraderWeaponStatDamage:010D
[0080.38] ScriptLog: WeaponPage: Added  Sentinel  to sale list with price  500
[0080.38] ScriptLog: WeaponPage: Added  AR-15 Varmint Rifle  to sale list with price  200
[0080.38] ScriptLog: WeaponPage: Added  SA80 L85A2 Bullpup  to sale list with price  650
[0080.38] ScriptLog: WeaponPage: Added  Kalashnikov AK-12  to sale list with price  1100
[0080.38] ScriptLog: WeaponPage: Added  MKb.42(H) Carbine Rifle  to sale list with price  1100
[0080.38] ScriptLog: WeaponPage: Added  SCAR-H Assault Rifle  to sale list with price  1500
[0080.38] ScriptLog: WeaponPage: Added  Stoner 63A LMG  to sale list with price  1500
[0080.38] ScriptLog: WeaponPage: Added  HMTech-401 Assault Rifle  to sale list with price  1500
[0080.38] ScriptLog: WeaponPage: Added  HMTech-501 Grenade Rifle  to sale list with price  2000
[0080.38] ScriptLog: WeaponPage: Added  M16 M203 Assault Rifle  to sale list with price  1200
[0080.38] ScriptLog: WeaponPage: Added  FN FAL ACOG  to sale list with price  1500
[0080.38] ScriptLog: WeaponPage: Added  Tommy Gun  to sale list with price  650
[0080.38] ScriptLog: WeaponPage: Player already owns  KFGameContent.KFWeap_Healer_Syringe
[0080.38] ScriptLog: WeaponPage: Player already owns  KFGameContent.KFWeap_Welder
[0080.38] ScriptLog: WeaponPage: Added  MG3 Shredder  to sale list with price  2000
[0080.38] ScriptLog: WeaponPage: Player already owns  WeaponPackExt.KFWeap_AssaultRifle_M14EBR
[0080.38] ScriptLog: UpdateStatsDisplay: Dosh= 966149  SelectedInventoryIdx= 4  WPP= Ext_WeaponProperties_134
[0080.38] ScriptLog: Ext_WeaponProperties.CanAddDamage: ExtPRI= ExtPlayerReplicationInfo_0  DamageLv= 19  MaxDmgLv= 20  Score= 966149  NextDmgCost= 3400  Result= True
[0080.38] ScriptLog: Ext_WeaponProperties.CanAddDamage: ExtPRI= ExtPlayerReplicationInfo_0  DamageLv= 19  MaxDmgLv= 20  Score= 966149  NextDmgCost= 3400  Result= True
[0080.38] ScriptLog: UpdateStatsDisplay: DmgUpgradeBtn disabled= False  bIsInventorySelected= True  WPP= Ext_WeaponProperties_134  CanAddDamage= True
[0080.38] ScriptLog: UpdateStatsDisplay: Dosh= 966149  SelectedInventoryIdx= 4  WPP= Ext_WeaponProperties_134
[0080.38] ScriptLog: Ext_WeaponProperties.CanAddDamage: ExtPRI= ExtPlayerReplicationInfo_0  DamageLv= 19  MaxDmgLv= 20  Score= 966149  NextDmgCost= 3400  Result= True
[0080.38] ScriptLog: Ext_WeaponProperties.CanAddDamage: ExtPRI= ExtPlayerReplicationInfo_0  DamageLv= 19  MaxDmgLv= 20  Score= 966149  NextDmgCost= 3400  Result= True
[0080.38] ScriptLog: UpdateStatsDisplay: DmgUpgradeBtn disabled= False  bIsInventorySelected= True  WPP= Ext_WeaponProperties_134  CanAddDamage= True
[0080.38] ScriptLog: ExtPlayerController.ServerUpgradeWeaponDamage: Upgrade complete
[0080.56] ScriptLog: UIP_WeaponPage.OnUpgradeDamage: EXTPC= ExtPlayerController_0
[0080.56] ScriptLog: ExtPlayerController.ServerUpgradeWeaponDamage: PropIdx= 4  InvProperties.Length= 5
[0080.56] ScriptLog: ExtPlayerController.ServerUpgradeWeaponDamage: Calling AddDamage on InvProperties[ 4 ]
[0080.56] ScriptLog: Ext_WeaponProperties.CanAddDamage: ExtPRI= ExtPlayerReplicationInfo_0  DamageLv= 19  MaxDmgLv= 20  Score= 966149  NextDmgCost= 3400  Result= True
[0080.56] ScriptLog: ApplyModifiers: modded stats: Dmg= 270.0000  FireRate= 0.0800  Penetration= 2.0000  Magazine= 150  MaxAmmo= 1332
[0080.56] ScriptLog: ApplyModifiers: modded stats: Dmg= 270.0000  FireRate= 0.0800  Penetration= 2.0000  Magazine= 150  MaxAmmo= 1332
[0080.56] ScriptLog: Ext_WeaponProperties.SetMaxLvs: Using replicated ECurrentPerkPrestige= 20
[0080.56] ScriptLog: Ext_WeaponProperties.SetMaxLvs: MaxDmgLv= 20  MaxAoELv= 20  MaxDotLv= 20  MaxFireRateLv= 20  MaxPenetrationLv= 20  MaxMagazineLv= 20  MaxSpareLv= 20
[0080.56] ScriptLog: Ext_WeaponProperties.SetMaxLvs: Using replicated ECurrentPerkPrestige= 20
[0080.56] ScriptLog: Ext_WeaponProperties.SetMaxLvs: MaxDmgLv= 20  MaxAoELv= 20  MaxDotLv= 20  MaxFireRateLv= 20  MaxPenetrationLv= 20  MaxMagazineLv= 20  MaxSpareLv= 20
[0080.56] ScriptLog: Ext_WeaponProperties.SetMaxLvs: Using replicated ECurrentPerkPrestige= 20
[0080.56] ScriptLog: Ext_WeaponProperties.SetMaxLvs: MaxDmgLv= 20  MaxAoELv= 20  MaxDotLv= 20  MaxFireRateLv= 20  MaxPenetrationLv= 20  MaxMagazineLv= 20  MaxSpareLv= 20
[0080.56] ScriptLog: Ext_WeaponProperties.SetMaxLvs: Using replicated ECurrentPerkPrestige= 20
[0080.56] ScriptLog: Ext_WeaponProperties.SetMaxLvs: MaxDmgLv= 20  MaxAoELv= 20  MaxDotLv= 20  MaxFireRateLv= 20  MaxPenetrationLv= 20  MaxMagazineLv= 20  MaxSpareLv= 20
[0080.56] ScriptWarning: Accessed null class context 'WeaponDef'
        UIP_WeaponPage Transient.UI_FinanceMenu_0:UIP_WeaponPage_0
        Function doshext.UIP_WeaponPage:Timer:033D
[0080.56] ScriptWarning: Accessed null class context 'WeaponDef'
        UIP_WeaponPage Transient.UI_FinanceMenu_0:UIP_WeaponPage_0
        Function doshext.UIP_WeaponPage:Timer:033D
[0080.56] ScriptLog: WeaponPage: Added  Minigun  to sale list with price  2000
[0080.56] ScriptLog: WeaponPage: Added  FAMAS Masterkey  to sale list with price  1000
[0080.56] ScriptWarning: Accessed array 'Default__KFWeap_AutoTurret.WeaponProjectiles' out of bounds (0/0)
        KFWeap_AutoTurret kfgamecontent.Default__KFWeap_AutoTurret
        Function KFGame.KFWeap_ThrownBase:CalculateTraderWeaponStatDamage:001E
[0080.56] ScriptWarning: Accessed null class context 'ProjClass'
        KFWeap_AutoTurret kfgamecontent.Default__KFWeap_AutoTurret
        Function KFGame.KFWeap_ThrownBase:CalculateTraderWeaponStatDamage:002C
[0080.56] ScriptWarning: Accessed null class context 'ProjClass'
        KFWeap_AutoTurret kfgamecontent.Default__KFWeap_AutoTurret
        Function KFGame.KFWeap_ThrownBase:CalculateTraderWeaponStatDamage:00DC
[0080.56] ScriptWarning: Accessed null class context 'ProjClass'
        KFWeap_AutoTurret kfgamecontent.Default__KFWeap_AutoTurret
        Function KFGame.KFWeap_ThrownBase:CalculateTraderWeaponStatDamage:010D
[0080.56] ScriptLog: WeaponPage: Added  Sentinel  to sale list with price  500
[0080.56] ScriptLog: WeaponPage: Added  AR-15 Varmint Rifle  to sale list with price  200
[0080.56] ScriptLog: WeaponPage: Added  SA80 L85A2 Bullpup  to sale list with price  650
[0080.56] ScriptLog: WeaponPage: Added  Kalashnikov AK-12  to sale list with price  1100
[0080.56] ScriptLog: WeaponPage: Added  MKb.42(H) Carbine Rifle  to sale list with price  1100
[0080.56] ScriptLog: WeaponPage: Added  SCAR-H Assault Rifle  to sale list with price  1500
[0080.56] ScriptLog: WeaponPage: Added  Stoner 63A LMG  to sale list with price  1500
[0080.56] ScriptLog: WeaponPage: Added  HMTech-401 Assault Rifle  to sale list with price  1500
[0080.56] ScriptLog: WeaponPage: Added  HMTech-501 Grenade Rifle  to sale list with price  2000
[0080.56] ScriptLog: WeaponPage: Added  M16 M203 Assault Rifle  to sale list with price  1200
[0080.56] ScriptLog: WeaponPage: Added  FN FAL ACOG  to sale list with price  1500
[0080.56] ScriptLog: WeaponPage: Added  Tommy Gun  to sale list with price  650
[0080.56] ScriptLog: WeaponPage: Player already owns  KFGameContent.KFWeap_Healer_Syringe
[0080.56] ScriptLog: WeaponPage: Player already owns  KFGameContent.KFWeap_Welder
[0080.56] ScriptLog: WeaponPage: Added  MG3 Shredder  to sale list with price  2000
[0080.56] ScriptLog: WeaponPage: Player already owns  WeaponPackExt.KFWeap_AssaultRifle_M14EBR
[0080.56] ScriptLog: UpdateStatsDisplay: Dosh= 962749  SelectedInventoryIdx= 4  WPP= Ext_WeaponProperties_134
[0080.56] ScriptLog: Ext_WeaponProperties.CanAddDamage: ExtPRI= ExtPlayerReplicationInfo_0  DamageLv= 20  MaxDmgLv= 20  Score= 962749  NextDmgCost= 0  Result= False
[0080.56] ScriptLog: Ext_WeaponProperties.CanAddDamage: ExtPRI= ExtPlayerReplicationInfo_0  DamageLv= 20  MaxDmgLv= 20  Score= 962749  NextDmgCost= 0  Result= False
[0080.56] ScriptLog: UpdateStatsDisplay: DmgUpgradeBtn disabled= True  bIsInventorySelected= True  WPP= Ext_WeaponProperties_134  CanAddDamage= False
[0080.56] ScriptLog: UpdateStatsDisplay: Dosh= 962749  SelectedInventoryIdx= 4  WPP= Ext_WeaponProperties_134
[0080.56] ScriptLog: Ext_WeaponProperties.CanAddDamage: ExtPRI= ExtPlayerReplicationInfo_0  DamageLv= 20  MaxDmgLv= 20  Score= 962749  NextDmgCost= 0  Result= False
[0080.56] ScriptLog: Ext_WeaponProperties.CanAddDamage: ExtPRI= ExtPlayerReplicationInfo_0  DamageLv= 20  MaxDmgLv= 20  Score= 962749  NextDmgCost= 0  Result= False
[0080.56] ScriptLog: UpdateStatsDisplay: DmgUpgradeBtn disabled= True  bIsInventorySelected= True  WPP= Ext_WeaponProperties_134  CanAddDamage= False
[0080.56] ScriptLog: ApplyModifiers: modded stats: Dmg= 25.0000  FireRate= 0.2000  Penetration= 0.0000  Magazine= 75  MaxAmmo= -3
[0080.56] ScriptLog: ApplyModifiers: modded stats: Dmg= 20.0000  FireRate= 0.2000  Penetration= 0.0000  Magazine= 100  MaxAmmo= 0
[0080.56] ScriptLog: ApplyModifiers: modded stats: Dmg= 0.0000  FireRate= 0.2000  Penetration= 0.0000  Magazine= 100  MaxAmmo= 0
[0080.56] ScriptLog: ApplyModifiers: modded stats: Dmg= 32.0000  FireRate= 1.0000  Penetration= 0.0000  Magazine= 0  MaxAmmo= 0
[0080.56] ScriptLog: ApplyModifiers: modded stats: Dmg= 270.0000  FireRate= 0.0800  Penetration= 2.0000  Magazine= 150  MaxAmmo= 1332
[0080.56] ScriptLog: Ext_WeaponProperties.SetMaxLvs: Using replicated ECurrentPerkPrestige= 20
[0080.56] ScriptLog: Ext_WeaponProperties.SetMaxLvs: MaxDmgLv= 20  MaxAoELv= 20  MaxDotLv= 20  MaxFireRateLv= 20  MaxPenetrationLv= 20  MaxMagazineLv= 20  MaxSpareLv= 20
[0080.56] ScriptLog: Ext_WeaponProperties.SetMaxLvs: Using replicated ECurrentPerkPrestige= 20
[0080.56] ScriptLog: Ext_WeaponProperties.SetMaxLvs: MaxDmgLv= 20  MaxAoELv= 20  MaxDotLv= 20  MaxFireRateLv= 20  MaxPenetrationLv= 20  MaxMagazineLv= 20  MaxSpareLv= 20
[0080.56] ScriptLog: Ext_WeaponProperties.SetMaxLvs: Using replicated ECurrentPerkPrestige= 20
[0080.56] ScriptLog: Ext_WeaponProperties.SetMaxLvs: MaxDmgLv= 20  MaxAoELv= 20  MaxDotLv= 20  MaxFireRateLv= 20  MaxPenetrationLv= 20  MaxMagazineLv= 20  MaxSpareLv= 20
[0080.56] ScriptLog: Ext_WeaponProperties.SetMaxLvs: Using replicated ECurrentPerkPrestige= 20
[0080.56] ScriptLog: Ext_WeaponProperties.SetMaxLvs: MaxDmgLv= 20  MaxAoELv= 20  MaxDotLv= 20  MaxFireRateLv= 20  MaxPenetrationLv= 20  MaxMagazineLv= 20  MaxSpareLv= 20
[0080.56] ScriptWarning: Accessed null class context 'WeaponDef'
        UIP_WeaponPage Transient.UI_FinanceMenu_0:UIP_WeaponPage_0
        Function doshext.UIP_WeaponPage:Timer:033D
[0080.56] ScriptWarning: Accessed null class context 'WeaponDef'
        UIP_WeaponPage Transient.UI_FinanceMenu_0:UIP_WeaponPage_0
        Function doshext.UIP_WeaponPage:Timer:033D
[0080.56] ScriptLog: WeaponPage: Added  Minigun  to sale list with price  2000
[0080.56] ScriptLog: WeaponPage: Added  FAMAS Masterkey  to sale list with price  1000
[0080.56] ScriptWarning: Accessed array 'Default__KFWeap_AutoTurret.WeaponProjectiles' out of bounds (0/0)
        KFWeap_AutoTurret kfgamecontent.Default__KFWeap_AutoTurret
        Function KFGame.KFWeap_ThrownBase:CalculateTraderWeaponStatDamage:001E
[0080.56] ScriptWarning: Accessed null class context 'ProjClass'
        KFWeap_AutoTurret kfgamecontent.Default__KFWeap_AutoTurret
        Function KFGame.KFWeap_ThrownBase:CalculateTraderWeaponStatDamage:002C
[0080.56] ScriptWarning: Accessed null class context 'ProjClass'
        KFWeap_AutoTurret kfgamecontent.Default__KFWeap_AutoTurret
        Function KFGame.KFWeap_ThrownBase:CalculateTraderWeaponStatDamage:00DC
[0080.56] ScriptWarning: Accessed null class context 'ProjClass'
        KFWeap_AutoTurret kfgamecontent.Default__KFWeap_AutoTurret
        Function KFGame.KFWeap_ThrownBase:CalculateTraderWeaponStatDamage:010D
[0080.56] ScriptLog: WeaponPage: Added  Sentinel  to sale list with price  500
[0080.56] ScriptLog: WeaponPage: Added  AR-15 Varmint Rifle  to sale list with price  200
[0080.56] ScriptLog: WeaponPage: Added  SA80 L85A2 Bullpup  to sale list with price  650
[0080.56] ScriptLog: WeaponPage: Added  Kalashnikov AK-12  to sale list with price  1100
[0080.56] ScriptLog: WeaponPage: Added  MKb.42(H) Carbine Rifle  to sale list with price  1100
[0080.56] ScriptLog: WeaponPage: Added  SCAR-H Assault Rifle  to sale list with price  1500
[0080.56] ScriptLog: WeaponPage: Added  Stoner 63A LMG  to sale list with price  1500
[0080.56] ScriptLog: WeaponPage: Added  HMTech-401 Assault Rifle  to sale list with price  1500
[0080.56] ScriptLog: WeaponPage: Added  HMTech-501 Grenade Rifle  to sale list with price  2000
[0080.56] ScriptLog: WeaponPage: Added  M16 M203 Assault Rifle  to sale list with price  1200
[0080.56] ScriptLog: WeaponPage: Added  FN FAL ACOG  to sale list with price  1500
[0080.56] ScriptLog: WeaponPage: Added  Tommy Gun  to sale list with price  650
[0080.56] ScriptLog: WeaponPage: Player already owns  KFGameContent.KFWeap_Healer_Syringe
[0080.56] ScriptLog: WeaponPage: Player already owns  KFGameContent.KFWeap_Welder
[0080.56] ScriptLog: WeaponPage: Added  MG3 Shredder  to sale list with price  2000
[0080.56] ScriptLog: WeaponPage: Player already owns  WeaponPackExt.KFWeap_AssaultRifle_M14EBR
[0080.56] ScriptLog: UpdateStatsDisplay: Dosh= 962749  SelectedInventoryIdx= 4  WPP= Ext_WeaponProperties_134
[0080.56] ScriptLog: Ext_WeaponProperties.CanAddDamage: ExtPRI= ExtPlayerReplicationInfo_0  DamageLv= 20  MaxDmgLv= 20  Score= 962749  NextDmgCost= 0  Result= False
[0080.56] ScriptLog: Ext_WeaponProperties.CanAddDamage: ExtPRI= ExtPlayerReplicationInfo_0  DamageLv= 20  MaxDmgLv= 20  Score= 962749  NextDmgCost= 0  Result= False
[0080.56] ScriptLog: UpdateStatsDisplay: DmgUpgradeBtn disabled= True  bIsInventorySelected= True  WPP= Ext_WeaponProperties_134  CanAddDamage= False
[0080.56] ScriptLog: UpdateStatsDisplay: Dosh= 962749  SelectedInventoryIdx= 4  WPP= Ext_WeaponProperties_134
[0080.56] ScriptLog: Ext_WeaponProperties.CanAddDamage: ExtPRI= ExtPlayerReplicationInfo_0  DamageLv= 20  MaxDmgLv= 20  Score= 962749  NextDmgCost= 0  Result= False
[0080.56] ScriptLog: Ext_WeaponProperties.CanAddDamage: ExtPRI= ExtPlayerReplicationInfo_0  DamageLv= 20  MaxDmgLv= 20  Score= 962749  NextDmgCost= 0  Result= False
[0080.56] ScriptLog: UpdateStatsDisplay: DmgUpgradeBtn disabled= True  bIsInventorySelected= True  WPP= Ext_WeaponProperties_134  CanAddDamage= False
[0080.56] ScriptLog: ExtPlayerController.ServerUpgradeWeaponDamage: Upgrade complete
[0081.56] ScriptLog: Ext_WeaponProperties.SetMaxLvs: Using replicated ECurrentPerkPrestige= 20
[0081.56] ScriptLog: Ext_WeaponProperties.SetMaxLvs: MaxDmgLv= 20  MaxAoELv= 20  MaxDotLv= 20  MaxFireRateLv= 20  MaxPenetrationLv= 20  MaxMagazineLv= 20  MaxSpareLv= 20
[0081.56] ScriptLog: Ext_WeaponProperties.SetMaxLvs: Using replicated ECurrentPerkPrestige= 20
[0081.56] ScriptLog: Ext_WeaponProperties.SetMaxLvs: MaxDmgLv= 20  MaxAoELv= 20  MaxDotLv= 20  MaxFireRateLv= 20  MaxPenetrationLv= 20  MaxMagazineLv= 20  MaxSpareLv= 20
[0081.56] ScriptLog: Ext_WeaponProperties.SetMaxLvs: Using replicated ECurrentPerkPrestige= 20
[0081.56] ScriptLog: Ext_WeaponProperties.SetMaxLvs: MaxDmgLv= 20  MaxAoELv= 20  MaxDotLv= 20  MaxFireRateLv= 20  MaxPenetrationLv= 20  MaxMagazineLv= 20  MaxSpareLv= 20
[0081.56] ScriptLog: Ext_WeaponProperties.SetMaxLvs: Using replicated ECurrentPerkPrestige= 20
[0081.56] ScriptLog: Ext_WeaponProperties.SetMaxLvs: MaxDmgLv= 20  MaxAoELv= 20  MaxDotLv= 20  MaxFireRateLv= 20  MaxPenetrationLv= 20  MaxMagazineLv= 20  MaxSpareLv= 20
[0081.56] ScriptWarning: Accessed null class context 'WeaponDef'
        UIP_WeaponPage Transient.UI_FinanceMenu_0:UIP_WeaponPage_0
        Function doshext.UIP_WeaponPage:Timer:033D
[0081.56] ScriptWarning: Accessed null class context 'WeaponDef'
        UIP_WeaponPage Transient.UI_FinanceMenu_0:UIP_WeaponPage_0
        Function doshext.UIP_WeaponPage:Timer:033D
[0081.56] ScriptLog: WeaponPage: Added  Minigun  to sale list with price  2000
[0081.56] ScriptLog: WeaponPage: Added  FAMAS Masterkey  to sale list with price  1000
[0081.56] ScriptWarning: Accessed array 'Default__KFWeap_AutoTurret.WeaponProjectiles' out of bounds (0/0)
        KFWeap_AutoTurret kfgamecontent.Default__KFWeap_AutoTurret
        Function KFGame.KFWeap_ThrownBase:CalculateTraderWeaponStatDamage:001E
[0081.56] ScriptWarning: Accessed null class context 'ProjClass'
        KFWeap_AutoTurret kfgamecontent.Default__KFWeap_AutoTurret
        Function KFGame.KFWeap_ThrownBase:CalculateTraderWeaponStatDamage:002C
[0081.56] ScriptWarning: Accessed null class context 'ProjClass'
        KFWeap_AutoTurret kfgamecontent.Default__KFWeap_AutoTurret
        Function KFGame.KFWeap_ThrownBase:CalculateTraderWeaponStatDamage:00DC
[0081.56] ScriptWarning: Accessed null class context 'ProjClass'
        KFWeap_AutoTurret kfgamecontent.Default__KFWeap_AutoTurret
        Function KFGame.KFWeap_ThrownBase:CalculateTraderWeaponStatDamage:010D
[0081.56] ScriptLog: WeaponPage: Added  Sentinel  to sale list with price  500
[0081.56] ScriptLog: WeaponPage: Added  AR-15 Varmint Rifle  to sale list with price  200
[0081.56] ScriptLog: WeaponPage: Added  SA80 L85A2 Bullpup  to sale list with price  650
[0081.56] ScriptLog: WeaponPage: Added  Kalashnikov AK-12  to sale list with price  1100
[0081.56] ScriptLog: WeaponPage: Added  MKb.42(H) Carbine Rifle  to sale list with price  1100
[0081.56] ScriptLog: WeaponPage: Added  SCAR-H Assault Rifle  to sale list with price  1500
[0081.56] ScriptLog: WeaponPage: Added  Stoner 63A LMG  to sale list with price  1500
[0081.56] ScriptLog: WeaponPage: Added  HMTech-401 Assault Rifle  to sale list with price  1500
[0081.56] ScriptLog: WeaponPage: Added  HMTech-501 Grenade Rifle  to sale list with price  2000
[0081.56] ScriptLog: WeaponPage: Added  M16 M203 Assault Rifle  to sale list with price  1200
[0081.56] ScriptLog: WeaponPage: Added  FN FAL ACOG  to sale list with price  1500
[0081.56] ScriptLog: WeaponPage: Added  Tommy Gun  to sale list with price  650
[0081.56] ScriptLog: WeaponPage: Player already owns  KFGameContent.KFWeap_Healer_Syringe
[0081.56] ScriptLog: WeaponPage: Player already owns  KFGameContent.KFWeap_Welder
[0081.56] ScriptLog: WeaponPage: Added  MG3 Shredder  to sale list with price  2000
[0081.56] ScriptLog: WeaponPage: Player already owns  WeaponPackExt.KFWeap_AssaultRifle_M14EBR
[0081.56] ScriptLog: UpdateStatsDisplay: Dosh= 962749  SelectedInventoryIdx= 4  WPP= Ext_WeaponProperties_134
[0081.56] ScriptLog: Ext_WeaponProperties.CanAddDamage: ExtPRI= ExtPlayerReplicationInfo_0  DamageLv= 20  MaxDmgLv= 20  Score= 962749  NextDmgCost= 0  Result= False
[0081.56] ScriptLog: Ext_WeaponProperties.CanAddDamage: ExtPRI= ExtPlayerReplicationInfo_0  DamageLv= 20  MaxDmgLv= 20  Score= 962749  NextDmgCost= 0  Result= False
[0081.56] ScriptLog: UpdateStatsDisplay: DmgUpgradeBtn disabled= True  bIsInventorySelected= True  WPP= Ext_WeaponProperties_134  CanAddDamage= False
[0083.56] ScriptLog: Ext_WeaponProperties.SetMaxLvs: Using replicated ECurrentPerkPrestige= 20
[0083.56] ScriptLog: Ext_WeaponProperties.SetMaxLvs: MaxDmgLv= 20  MaxAoELv= 20  MaxDotLv= 20  MaxFireRateLv= 20  MaxPenetrationLv= 20  MaxMagazineLv= 20  MaxSpareLv= 20
[0083.56] ScriptLog: Ext_WeaponProperties.SetMaxLvs: Using replicated ECurrentPerkPrestige= 20
[0083.56] ScriptLog: Ext_WeaponProperties.SetMaxLvs: MaxDmgLv= 20  MaxAoELv= 20  MaxDotLv= 20  MaxFireRateLv= 20  MaxPenetrationLv= 20  MaxMagazineLv= 20  MaxSpareLv= 20
[0083.56] ScriptLog: Ext_WeaponProperties.SetMaxLvs: Using replicated ECurrentPerkPrestige= 20
[0083.56] ScriptLog: Ext_WeaponProperties.SetMaxLvs: MaxDmgLv= 20  MaxAoELv= 20  MaxDotLv= 20  MaxFireRateLv= 20  MaxPenetrationLv= 20  MaxMagazineLv= 20  MaxSpareLv= 20
[0083.56] ScriptLog: Ext_WeaponProperties.SetMaxLvs: Using replicated ECurrentPerkPrestige= 20
[0083.56] ScriptLog: Ext_WeaponProperties.SetMaxLvs: MaxDmgLv= 20  MaxAoELv= 20  MaxDotLv= 20  MaxFireRateLv= 20  MaxPenetrationLv= 20  MaxMagazineLv= 20  MaxSpareLv= 20
[0083.56] ScriptWarning: Accessed null class context 'WeaponDef'
        UIP_WeaponPage Transient.UI_FinanceMenu_0:UIP_WeaponPage_0
        Function doshext.UIP_WeaponPage:Timer:033D
[0083.56] ScriptWarning: Accessed null class context 'WeaponDef'
        UIP_WeaponPage Transient.UI_FinanceMenu_0:UIP_WeaponPage_0
        Function doshext.UIP_WeaponPage:Timer:033D
[0083.56] ScriptLog: WeaponPage: Added  Minigun  to sale list with price  2000
[0083.56] ScriptLog: WeaponPage: Added  FAMAS Masterkey  to sale list with price  1000
[0083.56] ScriptWarning: Accessed array 'Default__KFWeap_AutoTurret.WeaponProjectiles' out of bounds (0/0)
        KFWeap_AutoTurret kfgamecontent.Default__KFWeap_AutoTurret
        Function KFGame.KFWeap_ThrownBase:CalculateTraderWeaponStatDamage:001E
[0083.56] ScriptWarning: Accessed null class context 'ProjClass'
        KFWeap_AutoTurret kfgamecontent.Default__KFWeap_AutoTurret
        Function KFGame.KFWeap_ThrownBase:CalculateTraderWeaponStatDamage:002C
[0083.56] ScriptWarning: Accessed null class context 'ProjClass'
        KFWeap_AutoTurret kfgamecontent.Default__KFWeap_AutoTurret
        Function KFGame.KFWeap_ThrownBase:CalculateTraderWeaponStatDamage:00DC
[0083.56] ScriptWarning: Accessed null class context 'ProjClass'
        KFWeap_AutoTurret kfgamecontent.Default__KFWeap_AutoTurret
        Function KFGame.KFWeap_ThrownBase:CalculateTraderWeaponStatDamage:010D
[0083.56] ScriptLog: WeaponPage: Added  Sentinel  to sale list with price  500
[0083.56] ScriptLog: WeaponPage: Added  AR-15 Varmint Rifle  to sale list with price  200
[0083.56] ScriptLog: WeaponPage: Added  SA80 L85A2 Bullpup  to sale list with price  650
[0083.56] ScriptLog: WeaponPage: Added  Kalashnikov AK-12  to sale list with price  1100
[0083.56] ScriptLog: WeaponPage: Added  MKb.42(H) Carbine Rifle  to sale list with price  1100
[0083.56] ScriptLog: WeaponPage: Added  SCAR-H Assault Rifle  to sale list with price  1500
[0083.56] ScriptLog: WeaponPage: Added  Stoner 63A LMG  to sale list with price  1500
[0083.56] ScriptLog: WeaponPage: Added  HMTech-401 Assault Rifle  to sale list with price  1500
[0083.56] ScriptLog: WeaponPage: Added  HMTech-501 Grenade Rifle  to sale list with price  2000
[0083.56] ScriptLog: WeaponPage: Added  M16 M203 Assault Rifle  to sale list with price  1200
[0083.56] ScriptLog: WeaponPage: Added  FN FAL ACOG  to sale list with price  1500
[0083.56] ScriptLog: WeaponPage: Added  Tommy Gun  to sale list with price  650
[0083.56] ScriptLog: WeaponPage: Player already owns  KFGameContent.KFWeap_Healer_Syringe
[0083.56] ScriptLog: WeaponPage: Player already owns  KFGameContent.KFWeap_Welder
[0083.56] ScriptLog: WeaponPage: Added  MG3 Shredder  to sale list with price  2000
[0083.56] ScriptLog: WeaponPage: Player already owns  WeaponPackExt.KFWeap_AssaultRifle_M14EBR
[0083.56] ScriptLog: UpdateStatsDisplay: Dosh= 962749  SelectedInventoryIdx= 4  WPP= Ext_WeaponProperties_134
[0083.56] ScriptLog: Ext_WeaponProperties.CanAddDamage: ExtPRI= ExtPlayerReplicationInfo_0  DamageLv= 20  MaxDmgLv= 20  Score= 962749  NextDmgCost= 0  Result= False
[0083.56] ScriptLog: Ext_WeaponProperties.CanAddDamage: ExtPRI= ExtPlayerReplicationInfo_0  DamageLv= 20  MaxDmgLv= 20  Score= 962749  NextDmgCost= 0  Result= False
[0083.56] ScriptLog: UpdateStatsDisplay: DmgUpgradeBtn disabled= True  bIsInventorySelected= True  WPP= Ext_WeaponProperties_134  CanAddDamage= False
[0084.74] ScriptLog: Ext_T_ArmorRegHelp.Timer() RegCount= 25 , PawnOwner.ArmorInt= 25
[0085.09] ScriptLog: ApplyModifiers: modded stats: Dmg= 25.0000  FireRate= 0.2000  Penetration= 0.0000  Magazine= 75  MaxAmmo= -3
[0085.09] ScriptLog: ApplyModifiers: modded stats: Dmg= 20.0000  FireRate= 0.2000  Penetration= 0.0000  Magazine= 100  MaxAmmo= 0
[0085.09] ScriptLog: ApplyModifiers: modded stats: Dmg= 0.0000  FireRate= 0.2000  Penetration= 0.0000  Magazine= 100  MaxAmmo= 0
[0085.09] ScriptLog: ApplyModifiers: modded stats: Dmg= 32.0000  FireRate= 1.0000  Penetration= 0.0000  Magazine= 0  MaxAmmo= 0
[0085.09] ScriptLog: ApplyModifiers: modded stats: Dmg= 270.0000  FireRate= 0.0800  Penetration= 2.0000  Magazine= 150  MaxAmmo= 1332
[0085.09] ScriptLog: ApplyModifiers: modded stats: Dmg= 25.0000  FireRate= 0.2000  Penetration= 0.0000  Magazine= 75  MaxAmmo= -3
[0085.09] ScriptLog: ApplyModifiers: modded stats: Dmg= 20.0000  FireRate= 0.2000  Penetration= 0.0000  Magazine= 100  MaxAmmo= 0
[0085.09] ScriptLog: ApplyModifiers: modded stats: Dmg= 0.0000  FireRate= 0.2000  Penetration= 0.0000  Magazine= 100  MaxAmmo= 0
[0085.09] ScriptLog: ApplyModifiers: modded stats: Dmg= 32.0000  FireRate= 1.0000  Penetration= 0.0000  Magazine= 0  MaxAmmo= 0
[0085.09] ScriptLog: ApplyModifiers: modded stats: Dmg= 270.0000  FireRate= 0.0800  Penetration= 2.0000  Magazine= 150  MaxAmmo= 1332
[0085.09] ScriptLog: Ext_WeaponProperties.SetMaxLvs: Using replicated ECurrentPerkPrestige= 20
[0085.09] ScriptLog: Ext_WeaponProperties.SetMaxLvs: MaxDmgLv= 20  MaxAoELv= 20  MaxDotLv= 20  MaxFireRateLv= 20  MaxPenetrationLv= 20  MaxMagazineLv= 20  MaxSpareLv= 20
[0085.09] ScriptLog: Ext_WeaponProperties.SetMaxLvs: Using replicated ECurrentPerkPrestige= 20
[0085.09] ScriptLog: Ext_WeaponProperties.SetMaxLvs: MaxDmgLv= 20  MaxAoELv= 20  MaxDotLv= 20  MaxFireRateLv= 20  MaxPenetrationLv= 20  MaxMagazineLv= 20  MaxSpareLv= 20
[0085.09] ScriptLog: Ext_WeaponProperties.SetMaxLvs: Using replicated ECurrentPerkPrestige= 20
[0085.09] ScriptLog: Ext_WeaponProperties.SetMaxLvs: MaxDmgLv= 20  MaxAoELv= 20  MaxDotLv= 20  MaxFireRateLv= 20  MaxPenetrationLv= 20  MaxMagazineLv= 20  MaxSpareLv= 20
[0085.09] ScriptLog: Ext_WeaponProperties.SetMaxLvs: Using replicated ECurrentPerkPrestige= 20
[0085.09] ScriptLog: Ext_WeaponProperties.SetMaxLvs: MaxDmgLv= 20  MaxAoELv= 20  MaxDotLv= 20  MaxFireRateLv= 20  MaxPenetrationLv= 20  MaxMagazineLv= 20  MaxSpareLv= 20
[0085.09] ScriptWarning: Accessed null class context 'WeaponDef'
        UIP_WeaponPage Transient.UI_FinanceMenu_0:UIP_WeaponPage_0
        Function doshext.UIP_WeaponPage:Timer:033D
[0085.09] ScriptWarning: Accessed null class context 'WeaponDef'
        UIP_WeaponPage Transient.UI_FinanceMenu_0:UIP_WeaponPage_0
        Function doshext.UIP_WeaponPage:Timer:033D
[0085.09] ScriptLog: WeaponPage: Added  Minigun  to sale list with price  2000
[0085.09] ScriptLog: WeaponPage: Added  FAMAS Masterkey  to sale list with price  1000
[0085.09] ScriptWarning: Accessed array 'Default__KFWeap_AutoTurret.WeaponProjectiles' out of bounds (0/0)
        KFWeap_AutoTurret kfgamecontent.Default__KFWeap_AutoTurret
        Function KFGame.KFWeap_ThrownBase:CalculateTraderWeaponStatDamage:001E
[0085.09] ScriptWarning: Accessed null class context 'ProjClass'
        KFWeap_AutoTurret kfgamecontent.Default__KFWeap_AutoTurret
        Function KFGame.KFWeap_ThrownBase:CalculateTraderWeaponStatDamage:002C
[0085.09] ScriptWarning: Accessed null class context 'ProjClass'
        KFWeap_AutoTurret kfgamecontent.Default__KFWeap_AutoTurret
        Function KFGame.KFWeap_ThrownBase:CalculateTraderWeaponStatDamage:00DC
[0085.09] ScriptWarning: Accessed null class context 'ProjClass'
        KFWeap_AutoTurret kfgamecontent.Default__KFWeap_AutoTurret
        Function KFGame.KFWeap_ThrownBase:CalculateTraderWeaponStatDamage:010D
[0085.09] ScriptLog: WeaponPage: Added  Sentinel  to sale list with price  500
[0085.09] ScriptLog: WeaponPage: Added  AR-15 Varmint Rifle  to sale list with price  200
[0085.09] ScriptLog: WeaponPage: Added  SA80 L85A2 Bullpup  to sale list with price  650
[0085.09] ScriptLog: WeaponPage: Added  Kalashnikov AK-12  to sale list with price  1100
[0085.09] ScriptLog: WeaponPage: Added  MKb.42(H) Carbine Rifle  to sale list with price  1100
[0085.09] ScriptLog: WeaponPage: Added  SCAR-H Assault Rifle  to sale list with price  1500
[0085.09] ScriptLog: WeaponPage: Added  Stoner 63A LMG  to sale list with price  1500
[0085.09] ScriptLog: WeaponPage: Added  HMTech-401 Assault Rifle  to sale list with price  1500
[0085.09] ScriptLog: WeaponPage: Added  HMTech-501 Grenade Rifle  to sale list with price  2000
[0085.09] ScriptLog: WeaponPage: Added  M16 M203 Assault Rifle  to sale list with price  1200
[0085.09] ScriptLog: WeaponPage: Added  FN FAL ACOG  to sale list with price  1500
[0085.09] ScriptLog: WeaponPage: Added  Tommy Gun  to sale list with price  650
[0085.09] ScriptLog: WeaponPage: Player already owns  KFGameContent.KFWeap_Healer_Syringe
[0085.09] ScriptLog: WeaponPage: Player already owns  KFGameContent.KFWeap_Welder
[0085.09] ScriptLog: WeaponPage: Added  MG3 Shredder  to sale list with price  2000
[0085.09] ScriptLog: WeaponPage: Player already owns  WeaponPackExt.KFWeap_AssaultRifle_M14EBR
[0085.09] ScriptLog: UpdateStatsDisplay: Dosh= 962749  SelectedInventoryIdx= 4  WPP= Ext_WeaponProperties_134
[0085.09] ScriptLog: Ext_WeaponProperties.CanAddDamage: ExtPRI= ExtPlayerReplicationInfo_0  DamageLv= 20  MaxDmgLv= 20  Score= 962749  NextDmgCost= 0  Result= False
[0085.09] ScriptLog: Ext_WeaponProperties.CanAddDamage: ExtPRI= ExtPlayerReplicationInfo_0  DamageLv= 20  MaxDmgLv= 20  Score= 962749  NextDmgCost= 0  Result= False
[0085.09] ScriptLog: UpdateStatsDisplay: DmgUpgradeBtn disabled= True  bIsInventorySelected= True  WPP= Ext_WeaponProperties_134  CanAddDamage= False
[0085.09] ScriptLog: UpdateStatsDisplay: Dosh= 962749  SelectedInventoryIdx= 4  WPP= Ext_WeaponProperties_134
[0085.09] ScriptLog: Ext_WeaponProperties.CanAddDamage: ExtPRI= ExtPlayerReplicationInfo_0  DamageLv= 20  MaxDmgLv= 20  Score= 962749  NextDmgCost= 0  Result= False
[0085.09] ScriptLog: Ext_WeaponProperties.CanAddDamage: ExtPRI= ExtPlayerReplicationInfo_0  DamageLv= 20  MaxDmgLv= 20  Score= 962749  NextDmgCost= 0  Result= False
[0085.09] ScriptLog: UpdateStatsDisplay: DmgUpgradeBtn disabled= True  bIsInventorySelected= True  WPP= Ext_WeaponProperties_134  CanAddDamage= False
[0092.91] ScriptLog: failed to recover from knockdown  PHYS_RigidBody False True
[0093.93] ScriptLog: Ext_T_ArmorRegHelp.Timer() RegCount= 25 , PawnOwner.ArmorInt= 50
[0103.12] ScriptLog: Ext_T_ArmorRegHelp.Timer() RegCount= 25 , PawnOwner.ArmorInt= 75
[0112.30] ScriptLog: Ext_T_ArmorRegHelp.Timer() RegCount= 25 , PawnOwner.ArmorInt= 100
[0113.35] Log: Closing by request
[0113.35] Log: appRequestExit(0)
[0113.36] ScriptLog: (ExtMoviePlayer_Manager_0) KFGfxMoviePlayer_Manager::None:CloseMenus PartyWidget:'ExtWidget_PartyInGame_0' bAfterLobby:'True' bForceClose:'False'
[0113.48] Log: FVoiceInterfaceVivox::NotifyCleanupWorld. bSessionEnded = TRUE
[0113.48] Exit: Preparing to exit.
[0114.60] Exit: Game engine shut down
[0114.62] Log: [ThreadAffinity] Number of hardware threads is 16. Setting thread affinity for game and render threads to share L2 cache
[0114.63] Exit: Windows client shut down
[0114.63] Exit: XAudio2 Device shut down.
[0114.64] Exit: AK Audio shut down.
